dataset,fold,scheme,seed,auc,static_auc,lift_vs_static
algebra2005,0,attention,0,0.93139,0.931894,-0.000503
algebra2005,0,moe,0,0.928609,0.931894,-0.003285
algebra2005,0,attention,1,0.931449,0.931894,-0.000444
algebra2005,0,moe,1,0.928873,0.931894,-0.003021
algebra2005,0,attention,2,0.931357,0.931894,-0.000537
algebra2005,0,moe,2,0.928733,0.931894,-0.00316
algebra2005,0,attention,3,0.931411,0.931894,-0.000483
algebra2005,0,moe,3,0.929431,0.931894,-0.002462
algebra2005,0,attention,4,0.931342,0.931894,-0.000552
algebra2005,0,moe,4,0.926311,0.931894,-0.005583
algebra2005,1,attention,0,0.929845,0.930502,-0.000657
algebra2005,1,moe,0,0.928543,0.930502,-0.001959
algebra2005,1,attention,1,0.929862,0.930502,-0.000641
algebra2005,1,moe,1,0.928182,0.930502,-0.002321
algebra2005,1,attention,2,0.929798,0.930502,-0.000705
algebra2005,1,moe,2,0.928146,0.930502,-0.002356
algebra2005,1,attention,3,0.929824,0.930502,-0.000678
algebra2005,1,moe,3,0.928494,0.930502,-0.002009
algebra2005,1,attention,4,0.929825,0.930502,-0.000677
algebra2005,1,moe,4,0.926894,0.930502,-0.003609
algebra2005,2,attention,0,0.931086,0.931982,-0.000896
algebra2005,2,moe,0,0.928178,0.931982,-0.003804
algebra2005,2,attention,1,0.931189,0.931982,-0.000792
algebra2005,2,moe,1,0.928143,0.931982,-0.003838
algebra2005,2,attention,2,0.931104,0.931982,-0.000877
algebra2005,2,moe,2,0.929076,0.931982,-0.002906
algebra2005,2,attention,3,0.931176,0.931982,-0.000806
algebra2005,2,moe,3,0.928115,0.931982,-0.003866
algebra2005,2,attention,4,0.931082,0.931982,-0.0009
algebra2005,2,moe,4,0.929163,0.931982,-0.002819
algebra2005,3,attention,0,0.931077,0.932104,-0.001027
algebra2005,3,moe,0,0.928324,0.932104,-0.00378
algebra2005,3,attention,1,0.931202,0.932104,-0.000902
algebra2005,3,moe,1,0.929337,0.932104,-0.002767
algebra2005,3,attention,2,0.931119,0.932104,-0.000985
algebra2005,3,moe,2,0.928718,0.932104,-0.003386
algebra2005,3,attention,3,0.931171,0.932104,-0.000932
algebra2005,3,moe,3,0.929065,0.932104,-0.003039
algebra2005,3,attention,4,0.93114,0.932104,-0.000964
algebra2005,3,moe,4,0.928601,0.932104,-0.003503
algebra2005,4,attention,0,0.931096,0.931189,-9.4e-05
algebra2005,4,moe,0,0.928474,0.931189,-0.002715
algebra2005,4,attention,1,0.931086,0.931189,-0.000103
algebra2005,4,moe,1,0.929711,0.931189,-0.001478
algebra2005,4,attention,2,0.930979,0.931189,-0.000211
algebra2005,4,moe,2,0.929457,0.931189,-0.001733
algebra2005,4,attention,3,0.931067,0.931189,-0.000122
algebra2005,4,moe,3,0.928117,0.931189,-0.003073
algebra2005,4,attention,4,0.931045,0.931189,-0.000144
algebra2005,4,moe,4,0.927416,0.931189,-0.003773
assist2009,0,attention,0,0.846285,0.846219,6.6e-05
assist2009,0,moe,0,0.840309,0.846219,-0.00591
assist2009,0,attention,1,0.84608,0.846219,-0.000139
assist2009,0,moe,1,0.841253,0.846219,-0.004966
assist2009,0,attention,2,0.845955,0.846219,-0.000264
assist2009,0,moe,2,0.840895,0.846219,-0.005325
assist2009,0,attention,3,0.846085,0.846219,-0.000134
assist2009,0,moe,3,0.83802,0.846219,-0.008199
assist2009,0,attention,4,0.846307,0.846219,8.8e-05
assist2009,0,moe,4,0.841245,0.846219,-0.004974
assist2009,1,attention,0,0.844919,0.846245,-0.001325
assist2009,1,moe,0,0.834916,0.846245,-0.011329
assist2009,1,attention,1,0.844954,0.846245,-0.00129
assist2009,1,moe,1,0.83915,0.846245,-0.007095
assist2009,1,attention,2,0.844764,0.846245,-0.001481
assist2009,1,moe,2,0.837701,0.846245,-0.008544
assist2009,1,attention,3,0.844507,0.846245,-0.001738
assist2009,1,moe,3,0.837621,0.846245,-0.008624
assist2009,1,attention,4,0.845014,0.846245,-0.00123
assist2009,1,moe,4,0.838639,0.846245,-0.007605
assist2009,2,attention,0,0.843925,0.844068,-0.000142
assist2009,2,moe,0,0.839095,0.844068,-0.004973
assist2009,2,attention,1,0.843803,0.844068,-0.000265
assist2009,2,moe,1,0.84144,0.844068,-0.002627
assist2009,2,attention,2,0.844224,0.844068,0.000156
assist2009,2,moe,2,0.839077,0.844068,-0.004991
assist2009,2,attention,3,0.843632,0.844068,-0.000435
assist2009,2,moe,3,0.838081,0.844068,-0.005987
assist2009,2,attention,4,0.844335,0.844068,0.000267
assist2009,2,moe,4,0.839757,0.844068,-0.004311
assist2009,3,attention,0,0.846592,0.845658,0.000934
assist2009,3,moe,0,0.839464,0.845658,-0.006194
assist2009,3,attention,1,0.846589,0.845658,0.000931
assist2009,3,moe,1,0.839037,0.845658,-0.006621
assist2009,3,attention,2,0.846227,0.845658,0.000569
assist2009,3,moe,2,0.839832,0.845658,-0.005826
assist2009,3,attention,3,0.84651,0.845658,0.000852
assist2009,3,moe,3,0.839436,0.845658,-0.006222
assist2009,3,attention,4,0.84685,0.845658,0.001192
assist2009,3,moe,4,0.841617,0.845658,-0.004041
assist2009,4,attention,0,0.846632,0.849372,-0.00274
assist2009,4,moe,0,0.837492,0.849372,-0.01188
assist2009,4,attention,1,0.846615,0.849372,-0.002757
assist2009,4,moe,1,0.84159,0.849372,-0.007782
assist2009,4,attention,2,0.846196,0.849372,-0.003176
assist2009,4,moe,2,0.84089,0.849372,-0.008482
assist2009,4,attention,3,0.845614,0.849372,-0.003758
assist2009,4,moe,3,0.839793,0.849372,-0.009578
assist2009,4,attention,4,0.846772,0.849372,-0.002599
assist2009,4,moe,4,0.840703,0.849372,-0.008669
assist2012,0,attention,0,0.777775,0.778567,-0.000792
assist2012,0,moe,0,0.773444,0.778567,-0.005123
assist2012,0,attention,1,0.777926,0.778567,-0.000642
assist2012,0,moe,1,0.772669,0.778567,-0.005898
assist2012,0,attention,2,0.777828,0.778567,-0.000739
assist2012,0,moe,2,0.77413,0.778567,-0.004437
assist2012,0,attention,3,0.777888,0.778567,-0.00068
assist2012,0,moe,3,0.773643,0.778567,-0.004924
assist2012,0,attention,4,0.777898,0.778567,-0.00067
assist2012,0,moe,4,0.773768,0.778567,-0.004799
assist2012,1,attention,0,0.777973,0.778928,-0.000955
assist2012,1,moe,0,0.773159,0.778928,-0.005769
assist2012,1,attention,1,0.778115,0.778928,-0.000813
assist2012,1,moe,1,0.774469,0.778928,-0.00446
assist2012,1,attention,2,0.778102,0.778928,-0.000826
assist2012,1,moe,2,0.773432,0.778928,-0.005496
assist2012,1,attention,3,0.778152,0.778928,-0.000777
assist2012,1,moe,3,0.773897,0.778928,-0.005032
assist2012,1,attention,4,0.778169,0.778928,-0.00076
assist2012,1,moe,4,0.774002,0.778928,-0.004926
assist2012,2,attention,0,0.777751,0.778502,-0.000751
assist2012,2,moe,0,0.774341,0.778502,-0.004161
assist2012,2,attention,1,0.777861,0.778502,-0.000641
assist2012,2,moe,1,0.774346,0.778502,-0.004156
assist2012,2,attention,2,0.777789,0.778502,-0.000713
assist2012,2,moe,2,0.774702,0.778502,-0.0038
assist2012,2,attention,3,0.777734,0.778502,-0.000768
assist2012,2,moe,3,0.772912,0.778502,-0.00559
assist2012,2,attention,4,0.777889,0.778502,-0.000613
assist2012,2,moe,4,0.774515,0.778502,-0.003987
assist2012,3,attention,0,0.777707,0.778609,-0.000902
assist2012,3,moe,0,0.773618,0.778609,-0.004991
assist2012,3,attention,1,0.77782,0.778609,-0.000789
assist2012,3,moe,1,0.772526,0.778609,-0.006084
assist2012,3,attention,2,0.777794,0.778609,-0.000816
assist2012,3,moe,2,0.773835,0.778609,-0.004775
assist2012,3,attention,3,0.777775,0.778609,-0.000834
assist2012,3,moe,3,0.773404,0.778609,-0.005205
assist2012,3,attention,4,0.777762,0.778609,-0.000847
assist2012,3,moe,4,0.774142,0.778609,-0.004467
assist2012,4,attention,0,0.77811,0.778707,-0.000596
assist2012,4,moe,0,0.773847,0.778707,-0.004859
assist2012,4,attention,1,0.778149,0.778707,-0.000558
assist2012,4,moe,1,0.773409,0.778707,-0.005298
assist2012,4,attention,2,0.778159,0.778707,-0.000548
assist2012,4,moe,2,0.773431,0.778707,-0.005275
assist2012,4,attention,3,0.778095,0.778707,-0.000612
assist2012,4,moe,3,0.774799,0.778707,-0.003907
assist2012,4,attention,4,0.778237,0.778707,-0.00047
assist2012,4,moe,4,0.775163,0.778707,-0.003544
assist2015,0,attention,0,0.730065,0.728832,0.001233
assist2015,0,moe,0,0.726339,0.728832,-0.002493
assist2015,0,attention,1,0.730203,0.728832,0.001371
assist2015,0,moe,1,0.726961,0.728832,-0.001871
assist2015,0,attention,2,0.729968,0.728832,0.001136
assist2015,0,moe,2,0.726523,0.728832,-0.002309
assist2015,0,attention,3,0.730089,0.728832,0.001257
assist2015,0,moe,3,0.725951,0.728832,-0.002881
assist2015,0,attention,4,0.729993,0.728832,0.001161
assist2015,0,moe,4,0.726,0.728832,-0.002832
assist2015,1,attention,0,0.729734,0.729401,0.000334
assist2015,1,moe,0,0.7268,0.729401,-0.002601
assist2015,1,attention,1,0.729788,0.729401,0.000388
assist2015,1,moe,1,0.72551,0.729401,-0.00389
assist2015,1,attention,2,0.729783,0.729401,0.000382
assist2015,1,moe,2,0.726875,0.729401,-0.002526
assist2015,1,attention,3,0.729648,0.729401,0.000247
assist2015,1,moe,3,0.72573,0.729401,-0.003671
assist2015,1,attention,4,0.729684,0.729401,0.000283
assist2015,1,moe,4,0.725847,0.729401,-0.003553
assist2015,2,attention,0,0.730031,0.729328,0.000704
assist2015,2,moe,0,0.725799,0.729328,-0.003529
assist2015,2,attention,1,0.730165,0.729328,0.000837
assist2015,2,moe,1,0.726823,0.729328,-0.002505
assist2015,2,attention,2,0.730048,0.729328,0.00072
assist2015,2,moe,2,0.726365,0.729328,-0.002962
assist2015,2,attention,3,0.730172,0.729328,0.000844
assist2015,2,moe,3,0.726285,0.729328,-0.003042
assist2015,2,attention,4,0.730173,0.729328,0.000845
assist2015,2,moe,4,0.726767,0.729328,-0.002561
assist2015,3,attention,0,0.729409,0.728826,0.000583
assist2015,3,moe,0,0.726101,0.728826,-0.002725
assist2015,3,attention,1,0.729444,0.728826,0.000618
assist2015,3,moe,1,0.726105,0.728826,-0.002721
assist2015,3,attention,2,0.729384,0.728826,0.000558
assist2015,3,moe,2,0.725436,0.728826,-0.00339
assist2015,3,attention,3,0.729356,0.728826,0.00053
assist2015,3,moe,3,0.72523,0.728826,-0.003596
assist2015,3,attention,4,0.729385,0.728826,0.000559
assist2015,3,moe,4,0.726195,0.728826,-0.002631
assist2015,4,attention,0,0.730054,0.728809,0.001245
assist2015,4,moe,0,0.725146,0.728809,-0.003663
assist2015,4,attention,1,0.729967,0.728809,0.001157
assist2015,4,moe,1,0.725963,0.728809,-0.002846
assist2015,4,attention,2,0.730094,0.728809,0.001285
assist2015,4,moe,2,0.727019,0.728809,-0.001791
assist2015,4,attention,3,0.72998,0.728809,0.001171
assist2015,4,moe,3,0.726368,0.728809,-0.002441
assist2015,4,attention,4,0.729963,0.728809,0.001154
assist2015,4,moe,4,0.726974,0.728809,-0.001836
assist2017,0,attention,0,0.769132,0.770687,-0.001556
assist2017,0,moe,0,0.763566,0.770687,-0.007122
assist2017,0,attention,1,0.769023,0.770687,-0.001665
assist2017,0,moe,1,0.763678,0.770687,-0.00701
assist2017,0,attention,2,0.768998,0.770687,-0.001689
assist2017,0,moe,2,0.765056,0.770687,-0.005632
assist2017,0,attention,3,0.76912,0.770687,-0.001567
assist2017,0,moe,3,0.765077,0.770687,-0.005611
assist2017,0,attention,4,0.769112,0.770687,-0.001576
assist2017,0,moe,4,0.765277,0.770687,-0.00541
assist2017,1,attention,0,0.76998,0.771435,-0.001455
assist2017,1,moe,0,0.764511,0.771435,-0.006924
assist2017,1,attention,1,0.769859,0.771435,-0.001576
assist2017,1,moe,1,0.764897,0.771435,-0.006538
assist2017,1,attention,2,0.769914,0.771435,-0.001521
assist2017,1,moe,2,0.765484,0.771435,-0.005951
assist2017,1,attention,3,0.76999,0.771435,-0.001446
assist2017,1,moe,3,0.764785,0.771435,-0.006651
assist2017,1,attention,4,0.769988,0.771435,-0.001448
assist2017,1,moe,4,0.764691,0.771435,-0.006745
assist2017,2,attention,0,0.768095,0.769396,-0.001301
assist2017,2,moe,0,0.763285,0.769396,-0.00611
assist2017,2,attention,1,0.767976,0.769396,-0.001419
assist2017,2,moe,1,0.7609,0.769396,-0.008495
assist2017,2,attention,2,0.767996,0.769396,-0.001399
assist2017,2,moe,2,0.762458,0.769396,-0.006937
assist2017,2,attention,3,0.768113,0.769396,-0.001282
assist2017,2,moe,3,0.76336,0.769396,-0.006036
assist2017,2,attention,4,0.768092,0.769396,-0.001303
assist2017,2,moe,4,0.763879,0.769396,-0.005517
assist2017,3,attention,0,0.768816,0.769895,-0.001078
assist2017,3,moe,0,0.763226,0.769895,-0.006668
assist2017,3,attention,1,0.7687,0.769895,-0.001194
assist2017,3,moe,1,0.763623,0.769895,-0.006272
assist2017,3,attention,2,0.768732,0.769895,-0.001163
assist2017,3,moe,2,0.763571,0.769895,-0.006323
assist2017,3,attention,3,0.768766,0.769895,-0.001128
assist2017,3,moe,3,0.763702,0.769895,-0.006193
assist2017,3,attention,4,0.76874,0.769895,-0.001155
assist2017,3,moe,4,0.764002,0.769895,-0.005892
assist2017,4,attention,0,0.771342,0.772146,-0.000804
assist2017,4,moe,0,0.766719,0.772146,-0.005427
assist2017,4,attention,1,0.771199,0.772146,-0.000947
assist2017,4,moe,1,0.764986,0.772146,-0.007161
assist2017,4,attention,2,0.771244,0.772146,-0.000902
assist2017,4,moe,2,0.766171,0.772146,-0.005975
assist2017,4,attention,3,0.771273,0.772146,-0.000873
assist2017,4,moe,3,0.768415,0.772146,-0.003731
assist2017,4,attention,4,0.771338,0.772146,-0.000808
assist2017,4,moe,4,0.766536,0.772146,-0.00561
bridge2algebra2006,0,attention,0,0.821314,0.821111,0.000203
bridge2algebra2006,0,moe,0,0.817565,0.821111,-0.003546
bridge2algebra2006,0,attention,1,0.821452,0.821111,0.00034
bridge2algebra2006,0,moe,1,0.817079,0.821111,-0.004032
bridge2algebra2006,0,attention,2,0.821224,0.821111,0.000113
bridge2algebra2006,0,moe,2,0.815856,0.821111,-0.005255
bridge2algebra2006,0,attention,3,0.821488,0.821111,0.000376
bridge2algebra2006,0,moe,3,0.815928,0.821111,-0.005184
bridge2algebra2006,0,attention,4,0.821388,0.821111,0.000277
bridge2algebra2006,0,moe,4,0.815604,0.821111,-0.005508
bridge2algebra2006,1,attention,0,0.823446,0.822941,0.000505
bridge2algebra2006,1,moe,0,0.818311,0.822941,-0.00463
bridge2algebra2006,1,attention,1,0.823546,0.822941,0.000605
bridge2algebra2006,1,moe,1,0.818267,0.822941,-0.004674
bridge2algebra2006,1,attention,2,0.82347,0.822941,0.000529
bridge2algebra2006,1,moe,2,0.816985,0.822941,-0.005956
bridge2algebra2006,1,attention,3,0.823513,0.822941,0.000572
bridge2algebra2006,1,moe,3,0.818885,0.822941,-0.004056
bridge2algebra2006,1,attention,4,0.823413,0.822941,0.000472
bridge2algebra2006,1,moe,4,0.817582,0.822941,-0.005359
bridge2algebra2006,2,attention,0,0.823445,0.822379,0.001065
bridge2algebra2006,2,moe,0,0.818047,0.822379,-0.004332
bridge2algebra2006,2,attention,1,0.823449,0.822379,0.00107
bridge2algebra2006,2,moe,1,0.818882,0.822379,-0.003497
bridge2algebra2006,2,attention,2,0.823372,0.822379,0.000993
bridge2algebra2006,2,moe,2,0.819123,0.822379,-0.003257
bridge2algebra2006,2,attention,3,0.82346,0.822379,0.001081
bridge2algebra2006,2,moe,3,0.817201,0.822379,-0.005179
bridge2algebra2006,2,attention,4,0.823273,0.822379,0.000894
bridge2algebra2006,2,moe,4,0.816892,0.822379,-0.005487
bridge2algebra2006,3,attention,0,0.820254,0.820311,-5.7e-05
bridge2algebra2006,3,moe,0,0.816534,0.820311,-0.003777
bridge2algebra2006,3,attention,1,0.820164,0.820311,-0.000148
bridge2algebra2006,3,moe,1,0.815567,0.820311,-0.004744
bridge2algebra2006,3,attention,2,0.82025,0.820311,-6.2e-05
bridge2algebra2006,3,moe,2,0.815419,0.820311,-0.004892
bridge2algebra2006,3,attention,3,0.820306,0.820311,-6e-06
bridge2algebra2006,3,moe,3,0.815292,0.820311,-0.00502
bridge2algebra2006,3,attention,4,0.820341,0.820311,3e-05
bridge2algebra2006,3,moe,4,0.815907,0.820311,-0.004404
bridge2algebra2006,4,attention,0,0.819882,0.821331,-0.001449
bridge2algebra2006,4,moe,0,0.815474,0.821331,-0.005857
bridge2algebra2006,4,attention,1,0.819947,0.821331,-0.001384
bridge2algebra2006,4,moe,1,0.816058,0.821331,-0.005273
bridge2algebra2006,4,attention,2,0.819927,0.821331,-0.001404
bridge2algebra2006,4,moe,2,0.81206,0.821331,-0.009271
bridge2algebra2006,4,attention,3,0.819959,0.821331,-0.001372
bridge2algebra2006,4,moe,3,0.816055,0.821331,-0.005276
bridge2algebra2006,4,attention,4,0.819916,0.821331,-0.001415
bridge2algebra2006,4,moe,4,0.815028,0.821331,-0.006303
ednet,0,attention,0,0.940732,0.940415,0.000317
ednet,0,moe,0,0.9393,0.940415,-0.001116
ednet,0,attention,1,0.940668,0.940415,0.000252
ednet,0,moe,1,0.938525,0.940415,-0.00189
ednet,0,attention,2,0.940791,0.940415,0.000376
ednet,0,moe,2,0.939271,0.940415,-0.001144
ednet,0,attention,3,0.940765,0.940415,0.00035
ednet,0,moe,3,0.938187,0.940415,-0.002229
ednet,0,attention,4,0.940757,0.940415,0.000342
ednet,0,moe,4,0.939444,0.940415,-0.000971
ednet,1,attention,0,0.941421,0.941373,4.8e-05
ednet,1,moe,0,0.940093,0.941373,-0.00128
ednet,1,attention,1,0.941367,0.941373,-6e-06
ednet,1,moe,1,0.93997,0.941373,-0.001402
ednet,1,attention,2,0.941339,0.941373,-3.4e-05
ednet,1,moe,2,0.938969,0.941373,-0.002404
ednet,1,attention,3,0.941407,0.941373,3.4e-05
ednet,1,moe,3,0.93914,0.941373,-0.002233
ednet,1,attention,4,0.941338,0.941373,-3.5e-05
ednet,1,moe,4,0.939249,0.941373,-0.002124
ednet,2,attention,0,0.940624,0.93995,0.000674
ednet,2,moe,0,0.937377,0.93995,-0.002572
ednet,2,attention,1,0.94062,0.93995,0.00067
ednet,2,moe,1,0.938189,0.93995,-0.001761
ednet,2,attention,2,0.940507,0.93995,0.000557
ednet,2,moe,2,0.936593,0.93995,-0.003357
ednet,2,attention,3,0.940607,0.93995,0.000657
ednet,2,moe,3,0.937295,0.93995,-0.002655
ednet,2,attention,4,0.940638,0.93995,0.000688
ednet,2,moe,4,0.938562,0.93995,-0.001388
ednet,3,attention,0,0.940345,0.940029,0.000316
ednet,3,moe,0,0.938676,0.940029,-0.001353
ednet,3,attention,1,0.940373,0.940029,0.000344
ednet,3,moe,1,0.937988,0.940029,-0.002041
ednet,3,attention,2,0.940322,0.940029,0.000293
ednet,3,moe,2,0.937616,0.940029,-0.002413
ednet,3,attention,3,0.940379,0.940029,0.00035
ednet,3,moe,3,0.938625,0.940029,-0.001404
ednet,3,attention,4,0.940354,0.940029,0.000325
ednet,3,moe,4,0.93808,0.940029,-0.001949
ednet,4,attention,0,0.940569,0.940855,-0.000287
ednet,4,moe,0,0.938791,0.940855,-0.002064
ednet,4,attention,1,0.94049,0.940855,-0.000365
ednet,4,moe,1,0.938952,0.940855,-0.001903
ednet,4,attention,2,0.940545,0.940855,-0.00031
ednet,4,moe,2,0.93741,0.940855,-0.003445
ednet,4,attention,3,0.940561,0.940855,-0.000294
ednet,4,moe,3,0.937527,0.940855,-0.003328
ednet,4,attention,4,0.940554,0.940855,-0.000301
ednet,4,moe,4,0.938639,0.940855,-0.002216
