dataset,fold,granularity,models_in_subset,best_single_model,best_single_selected_on,best_single_on_test_model,n_valid,n_test,attn_train_sec,attn_auc,attn_ece,attn_brier,ccce_auc,ccce_ece,ccce_brier,static_auc,static_ece,static_brier,stack_auc,stack_ece,stack_brier,mean_auc,mean_ece,mean_brier,best_auc,best_ece,best_brier,lift_attn_vs_best_auc,lift_attn_vs_best_ece,lift_attn_vs_mean_auc,lift_attn_vs_mean_ece,lift_attn_vs_stack_auc,lift_attn_vs_stack_ece,lift_attn_vs_static_auc,lift_attn_vs_static_ece,lift_attn_vs_ccce_auc,lift_attn_vs_ccce_ece
assist2009,0,question,"dkt,sakt,akt,simplekt",simplekt,valid,simplekt,43171,52254,2.6,0.78206,0.018404,0.177119,0.782926,0.010251,0.176797,0.783043,0.010994,0.176704,0.780687,0.013298,0.177668,0.776598,0.017173,0.178857,0.763575,0.078771,0.191806,0.018485,-0.060368,0.005462,0.00123,0.001373,0.005106,-0.000983,0.007409,-0.000866,0.008153
assist2009,1,question,"dkt,sakt,akt,simplekt",simplekt,valid,simplekt,43942,52254,0.8,0.780198,0.014506,0.177446,0.782711,0.013645,0.176457,0.783052,0.013756,0.176384,0.779916,0.014077,0.177899,0.776411,0.010109,0.178574,0.760676,0.126034,0.204737,0.019522,-0.111528,0.003787,0.004397,0.000282,0.000429,-0.002854,0.000751,-0.002513,0.000862
assist2009,2,question,"dkt,sakt,akt,simplekt",simplekt,valid,akt,43884,52254,0.6,0.778798,0.013634,0.178201,0.779426,0.016821,0.177989,0.779565,0.017013,0.177982,0.775593,0.012698,0.179458,0.773765,0.017188,0.179962,0.759104,0.025647,0.186988,0.019694,-0.012013,0.005033,-0.003554,0.003206,0.000936,-0.000767,-0.003379,-0.000627,-0.003187
assist2009,3,question,"dkt,sakt,akt,simplekt",simplekt,valid,simplekt,49836,52254,0.7,0.782921,0.01342,0.176591,0.781845,0.015542,0.176964,0.782362,0.015456,0.176894,0.781343,0.013,0.177403,0.777574,0.017262,0.178641,0.767424,0.057253,0.186466,0.015497,-0.043833,0.005346,-0.003841,0.001578,0.00042,0.000559,-0.002036,0.001075,-0.002122
assist2009,4,question,"dkt,sakt,akt,simplekt",simplekt,valid,simplekt,44892,52254,0.7,0.782593,0.031555,0.177612,0.785662,0.011538,0.1758,0.786151,0.011105,0.175572,0.782027,0.010668,0.177038,0.776597,0.029325,0.179302,0.766135,0.111292,0.197373,0.016458,-0.079737,0.005996,0.00223,0.000566,0.020886,-0.003558,0.02045,-0.003069,0.020017
assist2017,0,question,"dkt,sakt,akt,simplekt",akt,valid,akt,153067,177767,1.6,0.769132,0.015795,0.18452,0.770406,0.005353,0.183848,0.770687,0.004779,0.183694,0.769958,0.004197,0.18388,0.76334,0.038875,0.188194,0.758263,0.015686,0.188321,0.010868,0.000109,0.005792,-0.02308,-0.000827,0.011598,-0.001556,0.011016,-0.001274,0.010442
assist2017,1,question,"dkt,sakt,akt,simplekt",akt,valid,akt,141938,177767,1.6,0.76998,0.014604,0.184126,0.771314,0.005373,0.183481,0.771435,0.005054,0.183412,0.770683,0.004285,0.183613,0.763435,0.037705,0.188127,0.758171,0.01577,0.188319,0.011809,-0.001166,0.006546,-0.0231,-0.000702,0.010319,-0.001455,0.00955,-0.001333,0.009231
assist2017,2,question,"dkt,sakt,akt,simplekt",akt,valid,akt,145879,177767,1.5,0.768095,0.019649,0.185031,0.769161,0.006379,0.184259,0.769395,0.005821,0.184158,0.768838,0.006615,0.184331,0.76173,0.043886,0.189212,0.757625,0.017892,0.18869,0.010469,0.001757,0.006365,-0.024237,-0.000744,0.013034,-0.001301,0.013827,-0.001067,0.013269
assist2017,3,question,"dkt,sakt,akt,simplekt",akt,valid,akt,168980,177767,1.6,0.768816,0.024044,0.184945,0.769773,0.0064,0.183984,0.769895,0.004348,0.183863,0.769464,0.004106,0.184,0.763362,0.045767,0.188935,0.758611,0.017125,0.188194,0.010206,0.006918,0.005455,-0.021723,-0.000647,0.019937,-0.001078,0.019695,-0.000957,0.017644
assist2017,4,question,"dkt,sakt,akt,simplekt",simplekt,valid,akt,149617,177767,1.5,0.771342,0.021134,0.184069,0.772108,0.004191,0.183178,0.772146,0.006403,0.183178,0.772106,0.007574,0.183199,0.765056,0.043458,0.18816,0.757588,0.030158,0.188884,0.013754,-0.009025,0.006286,-0.022324,-0.000764,0.01356,-0.000804,0.014731,-0.000766,0.016943
algebra2005,0,question,"dkt,sakt,akt,simplekt",simplekt,valid,simplekt,112859,92945,1.2,0.836706,0.00726,0.129265,0.83939,0.007582,0.127968,0.839452,0.008327,0.127922,0.831646,0.009994,0.131033,0.827474,0.015629,0.133411,0.813394,0.053947,0.142022,0.023312,-0.046688,0.009232,-0.008369,0.00506,-0.002734,-0.002746,-0.001068,-0.002684,-0.000322
algebra2005,1,question,"dkt,sakt,akt,simplekt",simplekt,valid,simplekt,111871,92945,1.3,0.833109,0.010517,0.130818,0.836113,0.009985,0.129425,0.836504,0.009083,0.129179,0.827877,0.013655,0.132957,0.82352,0.019776,0.135234,0.814078,0.048824,0.141077,0.019031,-0.038308,0.009589,-0.00926,0.005232,-0.003138,-0.003395,0.001434,-0.003004,0.000531
algebra2005,2,question,"dkt,sakt,akt,simplekt",simplekt,valid,simplekt,100740,92945,1.1,0.835715,0.014365,0.129834,0.838556,0.006689,0.128088,0.838781,0.006005,0.127906,0.831876,0.010298,0.131002,0.825598,0.02127,0.134294,0.815247,0.06492,0.1417,0.020468,-0.050555,0.010116,-0.006905,0.003838,0.004067,-0.003067,0.008361,-0.002841,0.007676
algebra2005,3,question,"dkt,sakt,akt,simplekt",simplekt,valid,simplekt,94885,92945,1.0,0.835528,0.014742,0.12991,0.839529,0.006143,0.127709,0.839617,0.004824,0.127535,0.832396,0.011969,0.130976,0.826563,0.020265,0.134031,0.816694,0.066559,0.141712,0.018834,-0.051817,0.008965,-0.005523,0.003132,0.002773,-0.004088,0.009918,-0.004,0.008599
algebra2005,4,question,"dkt,sakt,akt,simplekt",akt,valid,akt,89450,92945,0.9,0.836282,0.006229,0.129525,0.837089,0.006523,0.128891,0.837544,0.00504,0.128704,0.830624,0.014112,0.131937,0.826365,0.018225,0.134303,0.813399,0.027323,0.139301,0.022883,-0.021094,0.009917,-0.011996,0.005657,-0.007883,-0.001262,0.00119,-0.000807,-0.000294
bridge2algebra2006,0,question,"dkt,sakt,akt,simplekt",simplekt,valid,simplekt,276786,352370,2.5,0.820183,0.007445,0.104232,0.819853,0.003934,0.10408,0.81998,0.003223,0.10403,0.819735,0.003304,0.104387,0.814689,0.012291,0.105762,0.807972,0.008721,0.107056,0.012211,-0.001276,0.005494,-0.004846,0.000448,0.004141,0.000204,0.004222,0.00033,0.00351
bridge2algebra2006,1,question,"dkt,sakt,akt,simplekt",akt,valid,akt,286535,352370,2.6,0.822465,0.008467,0.103607,0.821822,0.005114,0.103561,0.821856,0.004136,0.103532,0.821489,0.00363,0.103709,0.816829,0.013602,0.105225,0.806718,0.006749,0.107502,0.015747,0.001719,0.005636,-0.005135,0.000976,0.004837,0.000609,0.004332,0.000642,0.003353
bridge2algebra2006,2,question,"dkt,sakt,akt,simplekt",akt,valid,akt,301562,352370,2.7,0.822473,0.008373,0.103505,0.821187,0.005359,0.103628,0.821136,0.005448,0.103629,0.821535,0.003645,0.103815,0.817075,0.013361,0.105042,0.807446,0.007236,0.107317,0.015028,0.001137,0.005398,-0.004988,0.000939,0.004728,0.001338,0.002926,0.001287,0.003014
bridge2algebra2006,3,question,"dkt,sakt,akt,simplekt",akt,valid,akt,307842,352370,2.7,0.819134,0.009192,0.104548,0.819266,0.005835,0.104217,0.819319,0.005199,0.10421,0.818379,0.004311,0.104758,0.813184,0.015552,0.106341,0.805745,0.006766,0.107702,0.013388,0.002426,0.005949,-0.00636,0.000755,0.004881,-0.000185,0.003994,-0.000132,0.003357
bridge2algebra2006,4,question,"dkt,sakt,akt,simplekt",akt,valid,akt,282684,352370,2.6,0.818777,0.012341,0.104482,0.820212,0.004184,0.104171,0.820222,0.0037,0.104148,0.818336,0.002115,0.104515,0.812273,0.015749,0.10594,0.805861,0.009314,0.107894,0.012916,0.003028,0.006504,-0.003407,0.000441,0.010227,-0.001445,0.008641,-0.001435,0.008157
assist2012,0,question,"dkt,sakt,akt,simplekt",akt,valid,akt,439766,536087,3.9,0.777775,0.01286,0.166555,0.778451,0.001859,0.166107,0.778567,0.001781,0.166071,0.777844,0.002019,0.166303,0.771622,0.026273,0.169221,0.772909,0.014961,0.168261,0.004866,-0.002101,0.006152,-0.013413,-6.9e-05,0.010841,-0.000792,0.011078,-0.000677,0.011
assist2012,1,question,"dkt,sakt,akt,simplekt",akt,valid,akt,432602,536087,3.9,0.777973,0.011869,0.166488,0.77884,0.004006,0.166046,0.778928,0.003226,0.166014,0.778036,0.002064,0.166272,0.771671,0.024466,0.169108,0.772772,0.014935,0.168316,0.005201,-0.003066,0.006302,-0.012597,-6.2e-05,0.009805,-0.000955,0.008643,-0.000866,0.007863
assist2012,2,question,"dkt,sakt,akt,simplekt",akt,valid,akt,424912,536087,3.7,0.777751,0.01172,0.166593,0.778444,0.002523,0.166141,0.778502,0.002746,0.16613,0.777755,0.001825,0.16635,0.770889,0.024337,0.169446,0.771735,0.014769,0.168718,0.006016,-0.00305,0.006862,-0.012618,-4e-06,0.009895,-0.000751,0.008974,-0.000693,0.009197
assist2012,3,question,"dkt,sakt,akt,simplekt",akt,valid,akt,419158,536087,3.8,0.777707,0.01134,0.166568,0.778509,0.003128,0.166164,0.778609,0.002641,0.166109,0.777817,0.001666,0.166318,0.771283,0.024788,0.169284,0.771509,0.014137,0.168699,0.006198,-0.002797,0.006424,-0.013448,-0.00011,0.009674,-0.000902,0.008699,-0.000802,0.008212
assist2012,4,question,"dkt,sakt,akt,simplekt",akt,valid,akt,423475,536087,3.7,0.77811,0.010455,0.166444,0.778728,0.002772,0.166049,0.778707,0.00244,0.166066,0.778014,0.002003,0.166279,0.771679,0.022791,0.169189,0.772492,0.01261,0.168315,0.005618,-0.002156,0.006431,-0.012337,9.6e-05,0.008452,-0.000597,0.008015,-0.000617,0.007683
ednet,0,question,"dkt,sakt,akt,simplekt",simplekt,valid,simplekt,77883,132209,0.9,0.641586,0.079174,0.222276,0.679211,0.013822,0.203979,0.679223,0.015646,0.204232,0.665357,0.015092,0.207719,0.63232,0.086524,0.227431,0.658462,0.148408,0.237773,-0.016876,-0.069235,0.009266,-0.00735,-0.023771,0.064082,-0.037637,0.063528,-0.037625,0.065352
ednet,1,question,"dkt,sakt,akt,simplekt",simplekt,valid,simplekt,110391,132209,1.1,0.644465,0.076903,0.221628,0.683055,0.020974,0.203316,0.682024,0.026042,0.203889,0.664904,0.028481,0.208277,0.63288,0.085113,0.227789,0.659407,0.132468,0.232739,-0.014941,-0.055565,0.011585,-0.00821,-0.020439,0.048422,-0.037558,0.050861,-0.038589,0.055929
ednet,2,question,"dkt,sakt,akt,simplekt",simplekt,valid,simplekt,85108,132209,0.9,0.641027,0.073469,0.221506,0.679598,0.009868,0.203997,0.676976,0.0176,0.204734,0.662051,0.013229,0.208276,0.632649,0.087569,0.22719,0.657867,0.146561,0.237687,-0.016839,-0.073092,0.008378,-0.0141,-0.021024,0.060241,-0.035949,0.055869,-0.038571,0.063601
ednet,3,question,"dkt,sakt,akt,simplekt",simplekt,valid,simplekt,90433,132209,1.0,0.641806,0.074536,0.221141,0.677218,0.019651,0.204435,0.676326,0.027809,0.205063,0.659729,0.022827,0.209043,0.632972,0.085275,0.226925,0.65679,0.145087,0.237052,-0.014984,-0.070551,0.008835,-0.010739,-0.017923,0.051709,-0.03452,0.046726,-0.035411,0.054885
ednet,4,question,"dkt,sakt,akt,simplekt",simplekt,valid,simplekt,92249,132209,1.0,0.638422,0.084661,0.224433,0.678133,0.008306,0.204145,0.676922,0.014804,0.204474,0.660204,0.017402,0.208855,0.630837,0.08795,0.229484,0.653691,0.142891,0.238855,-0.015269,-0.05823,0.007585,-0.003289,-0.021782,0.067259,-0.038501,0.069857,-0.039711,0.076355
