dataset,fold,granularity,cross_fit,cross_fit_unit,models_in_subset,best_single_model,best_single_selected_on,best_single_on_test_model,n_valid,n_test,static_auc,static_ece,static_brier,stack_auc,stack_ece,stack_brier,mean_auc,mean_ece,mean_brier,best_auc,best_ece,best_brier,ccce_full_auc,ccce_full_ece,ccce_full_brier,lift_full_vs_best_auc,lift_full_vs_stack_auc,lift_full_vs_static_auc,lift_full_vs_best_ece,lift_full_vs_stack_ece,lift_full_vs_static_ece,ccce_no_s1_auc,ccce_no_s1_ece,ccce_no_s1_brier,lift_no_s1_vs_best_auc,lift_no_s1_vs_stack_auc,lift_no_s1_vs_static_auc,lift_no_s1_vs_best_ece,lift_no_s1_vs_stack_ece,lift_no_s1_vs_static_ece,ccce_global_s1_auc,ccce_global_s1_ece,ccce_global_s1_brier,lift_global_s1_vs_best_auc,lift_global_s1_vs_stack_auc,lift_global_s1_vs_static_auc,lift_global_s1_vs_best_ece,lift_global_s1_vs_stack_ece,lift_global_s1_vs_static_ece,ccce_no_s3_auc,ccce_no_s3_ece,ccce_no_s3_brier,lift_no_s3_vs_best_auc,lift_no_s3_vs_stack_auc,lift_no_s3_vs_static_auc,lift_no_s3_vs_best_ece,lift_no_s3_vs_stack_ece,lift_no_s3_vs_static_ece
assist2009,0,question,0,row,"dkt,sakt,akt,simplekt",simplekt,valid,simplekt,43171,52254,0.783043,0.010994,0.176704,0.780687,0.013298,0.177668,0.776598,0.017173,0.178857,0.763575,0.078771,0.191806,0.779223,0.022663,0.179057,0.015649,-0.001464,-0.00382,-0.056109,0.009365,0.011668,0.782851,0.010548,0.17681,0.019276,0.002164,-0.000192,-0.068224,-0.00275,-0.000446,0.782926,0.010251,0.176797,0.019352,0.002239,-0.000117,-0.068521,-0.003047,-0.000744,0.779641,0.022585,0.178979,0.016067,-0.001046,-0.003402,-0.056186,0.009288,0.011591
assist2009,1,question,0,row,"dkt,sakt,akt,simplekt",simplekt,valid,simplekt,43942,52254,0.783052,0.013756,0.176384,0.779916,0.014077,0.177899,0.776411,0.010109,0.178574,0.760676,0.126034,0.204737,0.779668,0.023511,0.178639,0.018992,-0.000249,-0.003385,-0.102523,0.009433,0.009755,0.782855,0.014128,0.176448,0.022179,0.002939,-0.000198,-0.111906,5.1e-05,0.000373,0.782711,0.013645,0.176457,0.022036,0.002795,-0.000341,-0.112389,-0.000433,-0.000111,0.779973,0.025196,0.178523,0.019297,5.7e-05,-0.003079,-0.100838,0.011118,0.01144
assist2009,2,question,0,row,"dkt,sakt,akt,simplekt",simplekt,valid,akt,43884,52254,0.779565,0.017013,0.177982,0.775593,0.012698,0.179458,0.773765,0.017188,0.179962,0.759104,0.025647,0.186988,0.780535,0.026717,0.178737,0.021431,0.004942,0.00097,0.00107,0.014019,0.009704,0.779357,0.016703,0.178091,0.020253,0.003764,-0.000209,-0.008945,0.004004,-0.000311,0.779426,0.016821,0.177989,0.020322,0.003833,-0.00014,-0.008826,0.004123,-0.000192,0.780927,0.028474,0.178663,0.021823,0.005334,0.001361,0.002826,0.015775,0.01146
assist2009,3,question,0,row,"dkt,sakt,akt,simplekt",simplekt,valid,simplekt,49836,52254,0.782362,0.015456,0.176894,0.781343,0.013,0.177403,0.777574,0.017262,0.178641,0.767424,0.057253,0.186466,0.781556,0.023815,0.178116,0.014132,0.000213,-0.000806,-0.033438,0.010815,0.008359,0.782159,0.015236,0.176885,0.014735,0.000816,-0.000203,-0.042017,0.002236,-0.000219,0.781845,0.015542,0.176964,0.014422,0.000503,-0.000516,-0.041711,0.002542,8.6e-05,0.781863,0.025752,0.178095,0.014439,0.00052,-0.000499,-0.031501,0.012752,0.010296
assist2009,4,question,0,row,"dkt,sakt,akt,simplekt",simplekt,valid,simplekt,44892,52254,0.786151,0.011105,0.175572,0.782027,0.010668,0.177038,0.776597,0.029325,0.179302,0.766135,0.111292,0.197373,0.782554,0.022394,0.177549,0.016418,0.000527,-0.003597,-0.088899,0.011725,0.011289,0.785979,0.010291,0.175647,0.019844,0.003952,-0.000172,-0.101002,-0.000378,-0.000814,0.785662,0.011538,0.1758,0.019527,0.003635,-0.000489,-0.099754,0.000869,0.000433,0.782925,0.023718,0.177468,0.01679,0.000899,-0.003226,-0.087574,0.01305,0.012614
assist2017,0,question,0,row,"dkt,sakt,akt,simplekt",akt,valid,akt,153067,177767,0.770687,0.004779,0.183694,0.769958,0.004197,0.18388,0.76334,0.038875,0.188194,0.758263,0.015686,0.188321,0.768595,0.012731,0.18497,0.010332,-0.001363,-0.002092,-0.002955,0.008535,0.007952,0.770539,0.005174,0.183776,0.012276,0.000581,-0.000149,-0.010513,0.000977,0.000394,0.770406,0.005353,0.183848,0.012142,0.000448,-0.000282,-0.010333,0.001157,0.000574,0.768698,0.011042,0.184938,0.010435,-0.00126,-0.001989,-0.004644,0.006846,0.006263
assist2017,1,question,0,row,"dkt,sakt,akt,simplekt",akt,valid,akt,141938,177767,0.771435,0.005054,0.183412,0.770683,0.004285,0.183613,0.763435,0.037705,0.188127,0.758171,0.01577,0.188319,0.769157,0.011496,0.184792,0.010986,-0.001525,-0.002278,-0.004274,0.00721,0.006442,0.771325,0.005058,0.183484,0.013154,0.000643,-0.00011,-0.010712,0.000773,4e-06,0.771314,0.005373,0.183481,0.013143,0.000631,-0.000121,-0.010397,0.001088,0.000319,0.769359,0.010067,0.184722,0.011187,-0.001324,-0.002077,-0.005703,0.005782,0.005013
assist2017,2,question,0,row,"dkt,sakt,akt,simplekt",akt,valid,akt,145879,177767,0.769395,0.005821,0.184158,0.768838,0.006615,0.184331,0.76173,0.043886,0.189212,0.757625,0.017892,0.18869,0.767232,0.011895,0.185387,0.009607,-0.001606,-0.002163,-0.005997,0.00528,0.006074,0.769295,0.006111,0.1842,0.01167,0.000457,-0.0001,-0.01178,-0.000503,0.00029,0.769161,0.006379,0.184259,0.011536,0.000323,-0.000234,-0.011512,-0.000235,0.000558,0.767355,0.010352,0.185344,0.00973,-0.001483,-0.00204,-0.00754,0.003737,0.004531
assist2017,3,question,0,row,"dkt,sakt,akt,simplekt",akt,valid,akt,168980,177767,0.769895,0.004348,0.183863,0.769464,0.004106,0.184,0.763362,0.045767,0.188935,0.758611,0.017125,0.188194,0.768186,0.013488,0.185157,0.009576,-0.001277,-0.001708,-0.003637,0.009382,0.00914,0.76974,0.005705,0.18399,0.011129,0.000276,-0.000155,-0.01142,0.001598,0.001356,0.769773,0.0064,0.183984,0.011162,0.000309,-0.000121,-0.010725,0.002294,0.002052,0.768367,0.011491,0.18506,0.009756,-0.001097,-0.001528,-0.005634,0.007384,0.007142
assist2017,4,question,0,row,"dkt,sakt,akt,simplekt",simplekt,valid,akt,149617,177767,0.772146,0.006403,0.183178,0.772106,0.007574,0.183199,0.765056,0.043458,0.18816,0.757588,0.030158,0.188884,0.77006,0.011554,0.184587,0.012472,-0.002046,-0.002086,-0.018604,0.003981,0.005152,0.772037,0.004671,0.183213,0.014449,-6.9e-05,-0.000109,-0.025488,-0.002903,-0.001732,0.772108,0.004191,0.183178,0.01452,2e-06,-3.8e-05,-0.025968,-0.003383,-0.002212,0.770186,0.010815,0.184533,0.012599,-0.001919,-0.00196,-0.019343,0.003242,0.004413
algebra2005,0,question,0,row,"dkt,sakt,akt,simplekt",simplekt,valid,simplekt,112859,92945,0.839452,0.008327,0.127922,0.831646,0.009994,0.131033,0.827474,0.015629,0.133411,0.813394,0.053947,0.142022,0.837776,0.011667,0.128359,0.024382,0.00613,-0.001676,-0.04228,0.001673,0.00334,0.83928,0.007733,0.127979,0.025886,0.007634,-0.000171,-0.046215,-0.002261,-0.000595,0.83939,0.007582,0.127968,0.025996,0.007745,-6.1e-05,-0.046366,-0.002412,-0.000746,0.838033,0.011122,0.128247,0.024639,0.006388,-0.001418,-0.042825,0.001129,0.002795
algebra2005,1,question,0,row,"dkt,sakt,akt,simplekt",simplekt,valid,simplekt,111871,92945,0.836504,0.009083,0.129179,0.827877,0.013655,0.132957,0.82352,0.019776,0.135234,0.814078,0.048824,0.141077,0.834632,0.014228,0.129965,0.020554,0.006755,-0.001872,-0.034596,0.000573,0.005145,0.836322,0.011278,0.129335,0.022244,0.008445,-0.000182,-0.037546,-0.002377,0.002195,0.836113,0.009985,0.129425,0.022035,0.008236,-0.000391,-0.038839,-0.00367,0.000902,0.834905,0.014251,0.129889,0.020827,0.007028,-0.001599,-0.034573,0.000596,0.005168
algebra2005,2,question,0,row,"dkt,sakt,akt,simplekt",simplekt,valid,simplekt,100740,92945,0.838781,0.006005,0.127906,0.831876,0.010298,0.131002,0.825598,0.02127,0.134294,0.815247,0.06492,0.1417,0.837395,0.011828,0.128486,0.022148,0.005519,-0.001386,-0.053092,0.001529,0.005823,0.838661,0.006466,0.127982,0.023414,0.006784,-0.000121,-0.058454,-0.003832,0.000462,0.838556,0.006689,0.128088,0.023309,0.00668,-0.000225,-0.058231,-0.003609,0.000684,0.837683,0.011487,0.128404,0.022437,0.005807,-0.001098,-0.053433,0.001189,0.005483
algebra2005,3,question,0,row,"dkt,sakt,akt,simplekt",simplekt,valid,simplekt,94885,92945,0.839617,0.004824,0.127535,0.832396,0.011969,0.130976,0.826563,0.020265,0.134031,0.816694,0.066559,0.141712,0.836794,0.009993,0.128588,0.0201,0.004397,-0.002823,-0.056566,-0.001976,0.005169,0.839451,0.005747,0.127592,0.022757,0.007055,-0.000165,-0.060813,-0.006223,0.000922,0.839529,0.006143,0.127709,0.022835,0.007132,-8.8e-05,-0.060417,-0.005827,0.001319,0.83712,0.00925,0.128528,0.020426,0.004724,-0.002496,-0.057309,-0.002719,0.004426
algebra2005,4,question,0,row,"dkt,sakt,akt,simplekt",akt,valid,akt,89450,92945,0.837544,0.00504,0.128704,0.830624,0.014112,0.131937,0.826365,0.018225,0.134303,0.813399,0.027323,0.139301,0.835428,0.011765,0.129409,0.022029,0.004804,-0.002116,-0.015558,-0.002347,0.006726,0.837408,0.005909,0.128775,0.02401,0.006784,-0.000136,-0.021414,-0.008203,0.000869,0.837089,0.006523,0.128891,0.02369,0.006464,-0.000455,-0.020801,-0.00759,0.001483,0.835868,0.010543,0.129288,0.022469,0.005243,-0.001677,-0.016781,-0.00357,0.005503
bridge2algebra2006,0,question,0,row,"dkt,sakt,akt,simplekt",simplekt,valid,simplekt,276786,352370,0.81998,0.003223,0.10403,0.819735,0.003304,0.104387,0.814689,0.012291,0.105762,0.807972,0.008721,0.107056,0.813082,0.010905,0.105644,0.00511,-0.006653,-0.006897,0.002184,0.007601,0.007682,0.819897,0.003833,0.104064,0.011925,0.000162,-8.2e-05,-0.004887,0.000529,0.00061,0.819853,0.003934,0.10408,0.011881,0.000118,-0.000126,-0.004786,0.00063,0.000712,0.813219,0.010866,0.105574,0.005246,-0.006517,-0.006761,0.002146,0.007562,0.007643
bridge2algebra2006,1,question,0,row,"dkt,sakt,akt,simplekt",akt,valid,akt,286535,352370,0.821856,0.004136,0.103532,0.821489,0.00363,0.103709,0.816829,0.013602,0.105225,0.806718,0.006749,0.107502,0.81549,0.01147,0.105062,0.008773,-0.005998,-0.006365,0.004721,0.00784,0.007334,0.821746,0.004981,0.103597,0.015029,0.000258,-0.000109,-0.001768,0.00135,0.000845,0.821822,0.005114,0.103561,0.015105,0.000334,-3.3e-05,-0.001635,0.001484,0.000978,0.815618,0.011487,0.105002,0.008901,-0.00587,-0.006237,0.004738,0.007856,0.007351
bridge2algebra2006,2,question,0,row,"dkt,sakt,akt,simplekt",akt,valid,akt,301562,352370,0.821136,0.005448,0.103629,0.821535,0.003645,0.103815,0.817075,0.013361,0.105042,0.807446,0.007236,0.107317,0.815633,0.011558,0.104952,0.008187,-0.005902,-0.005503,0.004322,0.007913,0.006111,0.821033,0.005491,0.10367,0.013587,-0.000502,-0.000103,-0.001745,0.001845,4.3e-05,0.821187,0.005359,0.103628,0.013741,-0.000348,5.1e-05,-0.001877,0.001714,-8.9e-05,0.815733,0.010796,0.104879,0.008287,-0.005802,-0.005403,0.00356,0.00715,0.005348
bridge2algebra2006,3,question,0,row,"dkt,sakt,akt,simplekt",akt,valid,akt,307842,352370,0.819319,0.005199,0.10421,0.818379,0.004311,0.104758,0.813184,0.015552,0.106341,0.805745,0.006766,0.107702,0.812965,0.012392,0.105598,0.00722,-0.005414,-0.006354,0.005626,0.008081,0.007193,0.819222,0.005702,0.104253,0.013477,0.000843,-9.7e-05,-0.001064,0.001391,0.000504,0.819266,0.005835,0.104217,0.01352,0.000887,-5.3e-05,-0.000931,0.001524,0.000637,0.813083,0.01127,0.105529,0.007338,-0.005296,-0.006236,0.004503,0.006959,0.006071
bridge2algebra2006,4,question,0,row,"dkt,sakt,akt,simplekt",akt,valid,akt,282684,352370,0.820222,0.0037,0.104148,0.818336,0.002115,0.104515,0.812273,0.015749,0.10594,0.805861,0.009314,0.107894,0.813923,0.010572,0.105738,0.008062,-0.004413,-0.006299,0.001259,0.008458,0.006872,0.82015,0.004054,0.10419,0.014289,0.001814,-7.2e-05,-0.005259,0.00194,0.000354,0.820212,0.004184,0.104171,0.014351,0.001876,-1e-05,-0.005129,0.00207,0.000484,0.814086,0.010358,0.105661,0.008225,-0.00425,-0.006135,0.001044,0.008243,0.006658
assist2012,0,question,0,row,"dkt,sakt,akt,simplekt",akt,valid,akt,439766,536087,0.778567,0.001781,0.166071,0.777844,0.002019,0.166303,0.771622,0.026273,0.169221,0.772909,0.014961,0.168261,0.777308,0.006081,0.166763,0.0044,-0.000535,-0.001259,-0.00888,0.004062,0.004299,0.778512,0.002217,0.166091,0.005603,0.000668,-5.5e-05,-0.012744,0.000198,0.000435,0.778451,0.001859,0.166107,0.005543,0.000608,-0.000116,-0.013101,-0.00016,7.8e-05,0.777385,0.006114,0.166731,0.004477,-0.000458,-0.001182,-0.008846,0.004095,0.004333
assist2012,1,question,0,row,"dkt,sakt,akt,simplekt",akt,valid,akt,432602,536087,0.778928,0.003226,0.166014,0.778036,0.002064,0.166272,0.771671,0.024466,0.169108,0.772772,0.014935,0.168316,0.777452,0.007065,0.166702,0.004679,-0.000584,-0.001477,-0.00787,0.005001,0.003838,0.778838,0.003848,0.16606,0.006066,0.000803,-9e-05,-0.011087,0.001784,0.000622,0.77884,0.004006,0.166046,0.006067,0.000804,-8.9e-05,-0.010929,0.001942,0.000779,0.777545,0.007766,0.166669,0.004773,-0.00049,-0.001383,-0.007169,0.005702,0.00454
assist2012,2,question,0,row,"dkt,sakt,akt,simplekt",akt,valid,akt,424912,536087,0.778502,0.002746,0.16613,0.777755,0.001825,0.16635,0.770889,0.024337,0.169446,0.771735,0.014769,0.168718,0.777015,0.006592,0.166866,0.005281,-0.00074,-0.001487,-0.008178,0.004767,0.003846,0.778439,0.002354,0.166158,0.006704,0.000684,-6.3e-05,-0.012415,0.000529,-0.000392,0.778444,0.002523,0.166141,0.006709,0.000689,-5.9e-05,-0.012246,0.000698,-0.000223,0.777074,0.007111,0.166844,0.00534,-0.000681,-0.001428,-0.007659,0.005286,0.004365
assist2012,3,question,0,row,"dkt,sakt,akt,simplekt",akt,valid,akt,419158,536087,0.778609,0.002641,0.166109,0.777817,0.001666,0.166318,0.771283,0.024788,0.169284,0.771509,0.014137,0.168699,0.777274,0.008087,0.166778,0.005765,-0.000543,-0.001336,-0.00605,0.006421,0.005446,0.778538,0.003007,0.166148,0.007029,0.00072,-7.2e-05,-0.011129,0.001342,0.000366,0.778509,0.003128,0.166164,0.007,0.000692,-0.0001,-0.011009,0.001462,0.000487,0.777332,0.008318,0.166768,0.005824,-0.000485,-0.001277,-0.005819,0.006652,0.005676
assist2012,4,question,0,row,"dkt,sakt,akt,simplekt",akt,valid,akt,423475,536087,0.778707,0.00244,0.166066,0.778014,0.002003,0.166279,0.771679,0.022791,0.169189,0.772492,0.01261,0.168315,0.777269,0.006959,0.166749,0.004776,-0.000745,-0.001438,-0.005652,0.004956,0.004519,0.778634,0.002643,0.166101,0.006141,0.00062,-7.3e-05,-0.009967,0.00064,0.000203,0.778728,0.002772,0.166049,0.006235,0.000714,2.1e-05,-0.009838,0.000769,0.000332,0.777369,0.007002,0.166726,0.004877,-0.000645,-0.001337,-0.005608,0.004999,0.004562
ednet,0,question,0,row,"dkt,sakt,akt,simplekt",simplekt,valid,simplekt,77883,132209,0.679223,0.015646,0.204232,0.665357,0.015092,0.207719,0.63232,0.086524,0.227431,0.658462,0.148408,0.237773,0.685011,0.022655,0.20398,0.026549,0.019654,0.005788,-0.125754,0.007563,0.007009,0.67905,0.010129,0.204059,0.020588,0.013693,-0.000174,-0.138279,-0.004963,-0.005517,0.679211,0.013822,0.203979,0.020749,0.013854,-1.2e-05,-0.134587,-0.00127,-0.001824,0.684799,0.023453,0.203892,0.026337,0.019442,0.005576,-0.124955,0.008361,0.007807
ednet,1,question,0,row,"dkt,sakt,akt,simplekt",simplekt,valid,simplekt,110391,132209,0.682024,0.026042,0.203889,0.664904,0.028481,0.208277,0.63288,0.085113,0.227789,0.659407,0.132468,0.232739,0.687563,0.02428,0.203061,0.028156,0.022658,0.005539,-0.108188,-0.004201,-0.001762,0.681887,0.021682,0.203496,0.02248,0.016982,-0.000137,-0.110786,-0.006799,-0.004361,0.683055,0.020974,0.203316,0.023648,0.01815,0.001031,-0.111494,-0.007507,-0.005068,0.687046,0.025354,0.203014,0.02764,0.022142,0.005023,-0.107114,-0.003127,-0.000688
ednet,2,question,0,row,"dkt,sakt,akt,simplekt",simplekt,valid,simplekt,85108,132209,0.676976,0.0176,0.204734,0.662051,0.013229,0.208276,0.632649,0.087569,0.22719,0.657867,0.146561,0.237687,0.682993,0.023006,0.204262,0.025126,0.020942,0.006017,-0.123555,0.009778,0.005406,0.676902,0.007751,0.204347,0.019035,0.014851,-7.5e-05,-0.138811,-0.005478,-0.00985,0.679598,0.009868,0.203997,0.021732,0.017547,0.002622,-0.136693,-0.00336,-0.007732,0.682975,0.02258,0.204215,0.025108,0.020924,0.005999,-0.123982,0.009351,0.004979
ednet,3,question,0,row,"dkt,sakt,akt,simplekt",simplekt,valid,simplekt,90433,132209,0.676326,0.027809,0.205063,0.659729,0.022827,0.209043,0.632972,0.085275,0.226925,0.65679,0.145087,0.237052,0.683214,0.024853,0.204252,0.026424,0.023485,0.006888,-0.120234,0.002026,-0.002957,0.676641,0.018321,0.204417,0.019851,0.016911,0.000314,-0.126766,-0.004506,-0.009488,0.677218,0.019651,0.204435,0.020428,0.017489,0.000892,-0.125436,-0.003176,-0.008158,0.682862,0.023686,0.204193,0.026072,0.023133,0.006536,-0.121401,0.000859,-0.004123
ednet,4,question,0,row,"dkt,sakt,akt,simplekt",simplekt,valid,simplekt,92249,132209,0.676922,0.014804,0.204474,0.660204,0.017402,0.208855,0.630837,0.08795,0.229484,0.653691,0.142891,0.238855,0.685137,0.01798,0.203784,0.031447,0.024933,0.008215,-0.124911,0.000578,0.003177,0.67673,0.007611,0.204221,0.02304,0.016526,-0.000192,-0.135281,-0.009792,-0.007193,0.678133,0.008306,0.204145,0.024442,0.017929,0.001211,-0.134585,-0.009096,-0.006498,0.685137,0.017923,0.203733,0.031447,0.024933,0.008215,-0.124968,0.000521,0.00312
