dataset,subset,aggregator,n_folds,mean_delta_auc,std_delta_auc,min_auc_p,n_folds_sig_auc_05,mean_delta_ece,std_delta_ece,min_ece_p,n_folds_sig_ece_05
assist2009,classical,arithmetic_mean,5,0.006708,0.000496,0.0,5,0.016987,0.000955,0.0,5
assist2009,classical,geometric_mean,5,0.00678,0.000512,0.0,5,0.014616,0.000858,0.004,5
assist2009,classical,logit_mean,5,0.005834,0.000491,0.0,5,0.01163,0.001013,0.01,5
assist2009,classical,rank_mean,5,0.008368,0.000419,0.0,5,nan,nan,nan,0
assist2009,classical,median,5,0.002556,0.000434,0.032,3,0.007426,0.001335,0.052,0
assist2009,deep,arithmetic_mean,5,0.012806,0.00248,0.0,5,-0.061588,0.040795,0.0,4
assist2009,deep,geometric_mean,5,0.011947,0.002352,0.0,5,-0.066177,0.035982,0.0,5
assist2009,deep,logit_mean,5,0.014775,0.002572,0.0,5,-0.05165,0.032458,0.0,4
assist2009,deep,rank_mean,5,0.01156,0.002665,0.0,5,nan,nan,nan,0
assist2009,deep,median,5,0.007471,0.003089,0.0,4,-0.061136,0.039187,0.0,5
assist2015,classical,arithmetic_mean,5,0.000176,0.000121,0.59,0,0.01905,0.000875,0.0,5
assist2015,classical,geometric_mean,5,0.00048,0.000112,0.369,0,0.019758,0.000888,0.0,5
assist2015,classical,logit_mean,5,-0.000617,0.000134,0.312,0,0.015031,0.000922,0.0,5
assist2015,classical,rank_mean,5,-6.6e-05,0.000177,0.771,0,nan,nan,nan,0
assist2015,classical,median,5,-0.004377,0.000161,0.0,5,0.005971,0.00078,0.005,5
assist2015,deep,arithmetic_mean,5,0.001756,0.000299,0.0,5,-0.001963,0.006072,0.0,3
assist2015,deep,geometric_mean,5,0.001831,0.000277,0.0,5,-0.002669,0.00552,0.0,3
assist2015,deep,logit_mean,5,0.001513,0.000347,0.001,5,-0.0009,0.006642,0.0,3
assist2015,deep,rank_mean,5,0.001312,0.000333,0.003,2,nan,nan,nan,0
assist2015,deep,median,5,0.001118,0.000421,0.01,2,-0.001947,0.006721,0.0,4
assist2017,classical,arithmetic_mean,5,0.007349,0.000379,0.001,5,0.001283,0.000404,0.165,0
assist2017,classical,geometric_mean,5,0.006723,0.000367,0.001,5,-0.000204,0.000546,0.525,0
assist2017,classical,logit_mean,5,0.007161,0.000374,0.001,5,-8e-05,0.000437,0.567,0
assist2017,classical,rank_mean,5,0.005607,0.00039,0.002,5,nan,nan,nan,0
assist2017,classical,median,5,0.000774,0.000323,0.593,0,-0.005509,0.000416,0.0,5
assist2017,deep,arithmetic_mean,5,0.005333,0.001273,0.0,5,0.022612,0.005816,0.0,5
assist2017,deep,geometric_mean,5,0.005813,0.001205,0.0,5,0.019584,0.006506,0.0,5
assist2017,deep,logit_mean,5,0.006599,0.001299,0.0,5,0.014368,0.006723,0.0,4
assist2017,deep,rank_mean,5,-0.001421,0.000771,0.004,4,nan,nan,nan,0
assist2017,deep,median,5,0.003784,0.001285,0.0,5,0.013626,0.006379,0.0,4
algebra2005,classical,arithmetic_mean,5,0.003896,0.000699,0.021,2,0.012633,0.001463,0.01,5
algebra2005,classical,geometric_mean,5,0.004353,0.00068,0.015,3,0.019718,0.001437,0.0,5
algebra2005,classical,logit_mean,5,0.002298,0.000738,0.14,0,0.009912,0.001722,0.034,3
algebra2005,classical,rank_mean,5,0.002539,0.000824,0.077,0,nan,nan,nan,0
algebra2005,classical,median,5,-2.9e-05,0.000701,0.498,0,0.005364,0.001571,0.144,0
algebra2005,deep,arithmetic_mean,5,0.011342,0.002055,0.0,5,-0.033282,0.015042,0.0,5
algebra2005,deep,geometric_mean,5,0.011414,0.0022,0.0,5,-0.034635,0.015634,0.0,5
algebra2005,deep,logit_mean,5,0.011667,0.001757,0.0,5,-0.022933,0.012784,0.0,5
algebra2005,deep,rank_mean,5,0.010379,0.001678,0.0,5,nan,nan,nan,0
algebra2005,deep,median,5,0.007071,0.002133,0.0,5,-0.027017,0.014445,0.0,5
bridge2algebra2006,classical,arithmetic_mean,5,0.009785,0.000775,0.0,5,0.021342,0.0012,0.0,5
bridge2algebra2006,classical,geometric_mean,5,0.009866,0.000789,0.0,5,0.021558,0.000989,0.0,5
bridge2algebra2006,classical,logit_mean,5,0.009419,0.000772,0.0,5,0.01441,0.001327,0.0,5
bridge2algebra2006,classical,rank_mean,5,0.006708,0.000832,0.0,5,nan,nan,nan,0
bridge2algebra2006,classical,median,5,0.005545,0.000668,0.0,5,0.007683,0.00165,0.0,5
bridge2algebra2006,deep,arithmetic_mean,5,0.008062,0.001701,0.0,5,0.006354,0.001869,0.0,4
bridge2algebra2006,deep,geometric_mean,5,0.00827,0.001684,0.0,5,0.004916,0.001993,0.0,4
bridge2algebra2006,deep,logit_mean,5,0.008736,0.001699,0.0,5,0.003941,0.003393,0.001,2
bridge2algebra2006,deep,rank_mean,5,0.006079,0.001409,0.0,5,nan,nan,nan,0
bridge2algebra2006,deep,median,5,0.006182,0.001815,0.0,5,0.002804,0.002621,0.009,2
assist2012,classical,arithmetic_mean,5,0.008319,0.000109,0.0,5,0.022715,0.000331,0.0,5
assist2012,classical,geometric_mean,5,0.00881,0.000105,0.0,5,0.022839,0.000349,0.0,5
assist2012,classical,logit_mean,5,0.007622,0.000112,0.0,5,0.020135,0.000287,0.0,5
assist2012,classical,rank_mean,5,0.007538,0.000142,0.0,5,nan,nan,nan,0
assist2012,classical,median,5,0.002102,9.1e-05,0.0,5,0.013834,0.000361,0.0,5
assist2012,deep,arithmetic_mean,5,-0.000855,0.000401,0.0,4,0.010249,0.000754,0.0,5
assist2012,deep,geometric_mean,5,-0.000852,0.000415,0.0,4,0.00737,0.001244,0.0,5
assist2012,deep,logit_mean,5,0.000102,0.000426,0.008,1,0.005998,0.001447,0.0,5
assist2012,deep,rank_mean,5,-0.004508,0.000421,0.0,5,nan,nan,nan,0
assist2012,deep,median,5,-0.001666,0.000419,0.0,5,0.005711,0.000749,0.0,5
ednet,classical,arithmetic_mean,5,0.00122,0.005769,0.0,1,-0.021591,0.013353,0.0,4
ednet,classical,geometric_mean,5,0.001909,0.005751,0.0,1,-0.024726,0.01288,0.0,4
ednet,classical,logit_mean,5,4.4e-05,0.005846,0.0,1,-0.011349,0.013667,0.001,5
ednet,classical,rank_mean,5,0.004039,0.005758,0.0,1,nan,nan,nan,0
ednet,classical,median,5,-0.00058,0.005476,0.0,1,-0.021424,0.013826,0.0,4
ednet,deep,arithmetic_mean,5,-0.024912,0.001553,0.0,5,-0.056597,0.005749,0.0,5
ednet,deep,geometric_mean,5,-0.024758,0.001762,0.0,5,-0.053315,0.007092,0.0,5
ednet,deep,logit_mean,5,-0.020508,0.001555,0.0,5,-0.047674,0.005046,0.0,5
ednet,deep,rank_mean,5,-0.027412,0.001366,0.0,5,nan,nan,nan,0
ednet,deep,median,5,-0.033883,0.001462,0.0,5,-0.051833,0.005866,0.0,5
