dataset,fold,subset,meta_learner,models_in_subset,best_single_model,best_single_selected_on,n_valid,n_test,n_students,stacked_auc,best_single_auc,delta_auc,auc_ci_low,auc_ci_high,auc_p,stacked_ece,best_single_ece,delta_ece,ece_ci_low,ece_ci_high,ece_p,auc_p_holm,auc_p_reject_holm,ece_p_holm,ece_p_reject_holm
assist2009,0,classical,logistic_stacked,"bkt,pfa,pfa_recency,elorasch",bkt,valid,43912,53148,770,0.740436,0.725239,0.015197,0.01181,0.018203,0.0,0.010218,0.020236,-0.010018,-0.017349,-0.002715,0.001,0.0,True,0.021,True
assist2009,0,classical,ridge_stacked,"bkt,pfa,pfa_recency,elorasch",bkt,valid,43912,53148,770,0.740436,0.725239,0.015196,0.011807,0.018203,0.0,0.010175,0.020236,-0.010062,-0.017376,-0.002798,0.002,0.0,True,0.032,True
assist2009,0,classical,bma,"bkt,pfa,pfa_recency,elorasch",bkt,valid,43912,53148,770,0.725239,0.725239,0.0,0.0,0.0,1.0,0.020236,0.020236,0.0,0.0,0.0,1.0,1.0,False,1.0,False
assist2009,0,classical,xgb_stacked,"bkt,pfa,pfa_recency,elorasch",bkt,valid,43912,53148,770,0.742556,0.725239,0.017317,0.013693,0.020402,0.0,0.007024,0.020236,-0.013212,-0.019182,-0.005101,0.001,0.0,True,0.021,True
assist2009,0,classical,mlp_stacked,"bkt,pfa,pfa_recency,elorasch",bkt,valid,43912,53148,770,0.740687,0.725239,0.015447,0.011861,0.018633,0.0,0.012165,0.020236,-0.008071,-0.017611,0.001135,0.1,0.0,True,0.6000000000000001,False
assist2009,0,deep,logistic_stacked,"dkt,sakt,akt,simplekt",simplekt,valid,43171,52254,770,0.780687,0.763575,0.017113,0.014414,0.019817,0.0,0.013298,0.078771,-0.065474,-0.072727,-0.058451,0.0,0.0,True,0.0,True
assist2009,0,deep,ridge_stacked,"dkt,sakt,akt,simplekt",simplekt,valid,43171,52254,770,0.780688,0.763575,0.017113,0.014415,0.019817,0.0,0.013258,0.078771,-0.065513,-0.072712,-0.058491,0.0,0.0,True,0.0,True
assist2009,0,deep,bma,"dkt,sakt,akt,simplekt",simplekt,valid,43171,52254,770,0.761532,0.763575,-0.002043,-0.007362,0.003363,0.458,0.022268,0.078771,-0.056504,-0.061723,-0.05262,0.0,1.0,False,0.0,True
assist2009,0,deep,xgb_stacked,"dkt,sakt,akt,simplekt",simplekt,valid,43171,52254,770,0.780631,0.763575,0.017057,0.014406,0.019785,0.0,0.010316,0.078771,-0.068455,-0.074518,-0.060633,0.0,0.0,True,0.0,True
assist2009,0,deep,mlp_stacked,"dkt,sakt,akt,simplekt",simplekt,valid,43171,52254,770,0.781281,0.763575,0.017707,0.015085,0.020395,0.0,0.010878,0.078771,-0.067894,-0.075927,-0.056276,0.0,0.0,True,0.0,True
assist2009,1,classical,logistic_stacked,"bkt,pfa,pfa_recency,elorasch",bkt,valid,44676,53148,770,0.740359,0.725276,0.015083,0.011579,0.018223,0.0,0.008561,0.01942,-0.010858,-0.015966,-0.003733,0.0,0.0,True,0.0,True
assist2009,1,classical,ridge_stacked,"bkt,pfa,pfa_recency,elorasch",bkt,valid,44676,53148,770,0.740359,0.725276,0.015083,0.011579,0.018223,0.0,0.008561,0.01942,-0.010858,-0.015966,-0.003733,0.0,0.0,True,0.0,True
assist2009,1,classical,bma,"bkt,pfa,pfa_recency,elorasch",bkt,valid,44676,53148,770,0.725276,0.725276,0.0,0.0,0.0,1.0,0.01942,0.01942,0.0,0.0,0.0,1.0,1.0,False,1.0,False
assist2009,1,classical,xgb_stacked,"bkt,pfa,pfa_recency,elorasch",bkt,valid,44676,53148,770,0.741083,0.725276,0.015807,0.012257,0.019094,0.0,0.007641,0.01942,-0.011779,-0.016627,-0.004023,0.002,0.0,True,0.032,True
assist2009,1,classical,mlp_stacked,"bkt,pfa,pfa_recency,elorasch",bkt,valid,44676,53148,770,0.740451,0.725276,0.015175,0.01164,0.018302,0.0,0.010296,0.01942,-0.009124,-0.01369,-0.003223,0.001,0.0,True,0.021,True
assist2009,1,deep,logistic_stacked,"dkt,sakt,akt,simplekt",simplekt,valid,43942,52254,770,0.779916,0.760676,0.01924,0.016425,0.022113,0.0,0.014077,0.126034,-0.111957,-0.118948,-0.103196,0.0,0.0,True,0.0,True
assist2009,1,deep,ridge_stacked,"dkt,sakt,akt,simplekt",simplekt,valid,43942,52254,770,0.779916,0.760676,0.01924,0.016425,0.022112,0.0,0.014076,0.126034,-0.111958,-0.118948,-0.103197,0.0,0.0,True,0.0,True
assist2009,1,deep,bma,"dkt,sakt,akt,simplekt",simplekt,valid,43942,52254,770,0.7586,0.760676,-0.002076,-0.00751,0.003568,0.469,0.017385,0.126034,-0.108649,-0.11292,-0.102742,0.0,1.0,False,0.0,True
assist2009,1,deep,xgb_stacked,"dkt,sakt,akt,simplekt",simplekt,valid,43942,52254,770,0.779299,0.760676,0.018623,0.015743,0.021559,0.0,0.011539,0.126034,-0.114495,-0.120256,-0.105971,0.0,0.0,True,0.0,True
assist2009,1,deep,mlp_stacked,"dkt,sakt,akt,simplekt",simplekt,valid,43942,52254,770,0.780116,0.760676,0.01944,0.016759,0.022265,0.0,0.019617,0.126034,-0.106417,-0.11373,-0.09909,0.0,0.0,True,0.0,True
assist2009,2,classical,logistic_stacked,"bkt,pfa,pfa_recency,elorasch",bkt,valid,44631,53148,770,0.740806,0.72581,0.014995,0.011624,0.01807,0.0,0.01094,0.018534,-0.007594,-0.015186,-0.001882,0.008,0.0,True,0.07200000000000001,False
assist2009,2,classical,ridge_stacked,"bkt,pfa,pfa_recency,elorasch",bkt,valid,44631,53148,770,0.740804,0.72581,0.014994,0.011619,0.01807,0.0,0.010977,0.018534,-0.007557,-0.01514,-0.001946,0.009,0.0,True,0.07200000000000001,False
assist2009,2,classical,bma,"bkt,pfa,pfa_recency,elorasch",bkt,valid,44631,53148,770,0.72581,0.72581,0.0,0.0,0.0,1.0,0.018534,0.018534,0.0,0.0,0.0,1.0,1.0,False,1.0,False
assist2009,2,classical,xgb_stacked,"bkt,pfa,pfa_recency,elorasch",bkt,valid,44631,53148,770,0.741698,0.72581,0.015888,0.01236,0.019122,0.0,0.008594,0.018534,-0.00994,-0.016338,-0.003324,0.002,0.0,True,0.032,True
assist2009,2,classical,mlp_stacked,"bkt,pfa,pfa_recency,elorasch",bkt,valid,44631,53148,770,0.740584,0.72581,0.014774,0.011187,0.018086,0.0,0.007556,0.018534,-0.010978,-0.018061,-0.004502,0.001,0.0,True,0.021,True
assist2009,2,deep,logistic_stacked,"dkt,sakt,akt,simplekt",simplekt,valid,43884,52254,770,0.775593,0.759104,0.016489,0.01384,0.019075,0.0,0.012698,0.025647,-0.012949,-0.021892,-0.00356,0.001,0.0,True,0.004,True
assist2009,2,deep,ridge_stacked,"dkt,sakt,akt,simplekt",simplekt,valid,43884,52254,770,0.775593,0.759104,0.016489,0.01384,0.019074,0.0,0.012697,0.025647,-0.01295,-0.021903,-0.003517,0.001,0.0,True,0.004,True
assist2009,2,deep,bma,"dkt,sakt,akt,simplekt",simplekt,valid,43884,52254,770,0.760565,0.759104,0.001461,-0.003177,0.005871,0.529,0.018517,0.025647,-0.00713,-0.013177,-0.000794,0.028,1.0,False,0.028,True
assist2009,2,deep,xgb_stacked,"dkt,sakt,akt,simplekt",simplekt,valid,43884,52254,770,0.775889,0.759104,0.016785,0.014235,0.019224,0.0,0.010952,0.025647,-0.014695,-0.02214,-0.005472,0.001,0.0,True,0.004,True
assist2009,2,deep,mlp_stacked,"dkt,sakt,akt,simplekt",simplekt,valid,43884,52254,770,0.77642,0.759104,0.017316,0.014705,0.019783,0.0,0.00656,0.025647,-0.019087,-0.024468,-0.007826,0.0,0.0,True,0.0,True
assist2009,3,classical,logistic_stacked,"bkt,pfa,pfa_recency,elorasch",bkt,valid,50615,53148,770,0.741027,0.726632,0.014395,0.011288,0.017181,0.0,0.012802,0.019525,-0.006723,-0.012598,-0.002539,0.003,0.0,True,0.033,True
assist2009,3,classical,ridge_stacked,"bkt,pfa,pfa_recency,elorasch",bkt,valid,50615,53148,770,0.741027,0.726632,0.014395,0.011288,0.017181,0.0,0.012802,0.019525,-0.006723,-0.012598,-0.002539,0.003,0.0,True,0.033,True
assist2009,3,classical,bma,"bkt,pfa,pfa_recency,elorasch",bkt,valid,50615,53148,770,0.726632,0.726632,0.0,0.0,0.0,1.0,0.019525,0.019525,0.0,0.0,0.0,1.0,1.0,False,1.0,False
assist2009,3,classical,xgb_stacked,"bkt,pfa,pfa_recency,elorasch",bkt,valid,50615,53148,770,0.742028,0.726632,0.015396,0.012303,0.018271,0.0,0.011134,0.019525,-0.008391,-0.014103,-0.004092,0.0,0.0,True,0.0,True
assist2009,3,classical,mlp_stacked,"bkt,pfa,pfa_recency,elorasch",bkt,valid,50615,53148,770,0.741454,0.726632,0.014822,0.011612,0.01769,0.0,0.009038,0.019525,-0.010487,-0.015542,-0.004057,0.001,0.0,True,0.021,True
assist2009,3,deep,logistic_stacked,"dkt,sakt,akt,simplekt",simplekt,valid,49836,52254,770,0.781343,0.767424,0.013919,0.011391,0.016442,0.0,0.013,0.057253,-0.044253,-0.050669,-0.035281,0.0,0.0,True,0.0,True
assist2009,3,deep,ridge_stacked,"dkt,sakt,akt,simplekt",simplekt,valid,49836,52254,770,0.781343,0.767424,0.013919,0.011391,0.016442,0.0,0.012999,0.057253,-0.044254,-0.050669,-0.035283,0.0,0.0,True,0.0,True
assist2009,3,deep,bma,"dkt,sakt,akt,simplekt",simplekt,valid,49836,52254,770,0.758337,0.767424,-0.009087,-0.014154,-0.004333,0.0,0.019604,0.057253,-0.037649,-0.041893,-0.032143,0.0,0.0,True,0.0,True
assist2009,3,deep,xgb_stacked,"dkt,sakt,akt,simplekt",simplekt,valid,49836,52254,770,0.780367,0.767424,0.012943,0.010418,0.015501,0.0,0.011983,0.057253,-0.045269,-0.051464,-0.036294,0.0,0.0,True,0.0,True
assist2009,3,deep,mlp_stacked,"dkt,sakt,akt,simplekt",simplekt,valid,49836,52254,770,0.781249,0.767424,0.013825,0.011286,0.016319,0.0,0.009009,0.057253,-0.048244,-0.054085,-0.037043,0.0,0.0,True,0.0,True
assist2009,4,classical,logistic_stacked,"bkt,pfa,pfa_recency,elorasch",bkt,valid,45637,53148,770,0.740513,0.725994,0.014519,0.011392,0.017377,0.0,0.011005,0.020951,-0.009946,-0.016957,-0.003477,0.002,0.0,True,0.032,True
assist2009,4,classical,ridge_stacked,"bkt,pfa,pfa_recency,elorasch",bkt,valid,45637,53148,770,0.740513,0.725994,0.014519,0.011392,0.017377,0.0,0.011005,0.020951,-0.009946,-0.016957,-0.003477,0.002,0.0,True,0.032,True
assist2009,4,classical,bma,"bkt,pfa,pfa_recency,elorasch",bkt,valid,45637,53148,770,0.725994,0.725994,0.0,0.0,0.0,1.0,0.020951,0.020951,0.0,0.0,0.0,1.0,1.0,False,1.0,False
assist2009,4,classical,xgb_stacked,"bkt,pfa,pfa_recency,elorasch",bkt,valid,45637,53148,770,0.740778,0.725994,0.014784,0.011246,0.017911,0.0,0.007095,0.020951,-0.013855,-0.019964,-0.00628,0.0,0.0,True,0.0,True
assist2009,4,classical,mlp_stacked,"bkt,pfa,pfa_recency,elorasch",bkt,valid,45637,53148,770,0.740783,0.725994,0.014789,0.01155,0.017785,0.0,0.014723,0.020951,-0.006227,-0.012493,0.00018,0.057,0.0,True,0.399,False
assist2009,4,deep,logistic_stacked,"dkt,sakt,akt,simplekt",simplekt,valid,44892,52254,770,0.782027,0.766135,0.015892,0.013039,0.018861,0.0,0.010668,0.111292,-0.100624,-0.10604,-0.093369,0.0,0.0,True,0.0,True
assist2009,4,deep,ridge_stacked,"dkt,sakt,akt,simplekt",simplekt,valid,44892,52254,770,0.782042,0.766135,0.015907,0.013071,0.018862,0.0,0.011099,0.111292,-0.100193,-0.106146,-0.09318,0.0,0.0,True,0.0,True
assist2009,4,deep,bma,"dkt,sakt,akt,simplekt",simplekt,valid,44892,52254,770,0.752466,0.766135,-0.013669,-0.020254,-0.007231,0.0,0.019178,0.111292,-0.092114,-0.096679,-0.086547,0.0,0.0,True,0.0,True
assist2009,4,deep,xgb_stacked,"dkt,sakt,akt,simplekt",simplekt,valid,44892,52254,770,0.781955,0.766135,0.01582,0.012853,0.018789,0.0,0.009312,0.111292,-0.10198,-0.107755,-0.094549,0.0,0.0,True,0.0,True
assist2009,4,deep,mlp_stacked,"dkt,sakt,akt,simplekt",simplekt,valid,44892,52254,770,0.782433,0.766135,0.016298,0.013549,0.019163,0.0,0.007047,0.111292,-0.104245,-0.108808,-0.094452,0.0,0.0,True,0.0,True
assist2015,0,classical,logistic_stacked,"bkt,pfa,pfa_recency,elorasch",bkt,valid,105831,138458,3818,0.706784,0.69884,0.007944,0.00667,0.009316,0.0,0.007482,0.007777,-0.000295,-0.002914,0.002249,0.823,0.0,True,1.0,False
assist2015,0,classical,ridge_stacked,"bkt,pfa,pfa_recency,elorasch",bkt,valid,105831,138458,3818,0.706783,0.69884,0.007943,0.006669,0.009317,0.0,0.007488,0.007777,-0.000289,-0.002909,0.002251,0.82,0.0,True,1.0,False
assist2015,0,classical,bma,"bkt,pfa,pfa_recency,elorasch",bkt,valid,105831,138458,3818,0.69884,0.69884,0.0,0.0,0.0,1.0,0.007777,0.007777,0.0,0.0,0.0,1.0,1.0,False,1.0,False
assist2015,0,classical,xgb_stacked,"bkt,pfa,pfa_recency,elorasch",bkt,valid,105831,138458,3818,0.709755,0.69884,0.010916,0.009587,0.012391,0.0,0.0071,0.007777,-0.000677,-0.002889,0.002054,0.723,0.0,True,1.0,False
assist2015,0,classical,mlp_stacked,"bkt,pfa,pfa_recency,elorasch",bkt,valid,105831,138458,3818,0.707423,0.69884,0.008583,0.007362,0.009914,0.0,0.005414,0.007777,-0.002363,-0.004834,0.001496,0.256,0.0,True,1.0,False
assist2015,1,classical,logistic_stacked,"bkt,pfa,pfa_recency,elorasch",bkt,valid,106663,138458,3818,0.706939,0.698996,0.007943,0.006736,0.009254,0.0,0.006968,0.00726,-0.000292,-0.002437,0.002058,0.873,0.0,True,1.0,False
assist2015,1,classical,ridge_stacked,"bkt,pfa,pfa_recency,elorasch",bkt,valid,106663,138458,3818,0.706941,0.698996,0.007945,0.006737,0.009256,0.0,0.006989,0.00726,-0.000272,-0.002419,0.002083,0.883,0.0,True,1.0,False
assist2015,1,classical,bma,"bkt,pfa,pfa_recency,elorasch",bkt,valid,106663,138458,3818,0.698996,0.698996,0.0,0.0,0.0,1.0,0.00726,0.00726,0.0,0.0,0.0,1.0,1.0,False,1.0,False
assist2015,1,classical,xgb_stacked,"bkt,pfa,pfa_recency,elorasch",bkt,valid,106663,138458,3818,0.710487,0.698996,0.011491,0.010112,0.012988,0.0,0.005992,0.00726,-0.001268,-0.003274,0.001333,0.42,0.0,True,1.0,False
assist2015,1,classical,mlp_stacked,"bkt,pfa,pfa_recency,elorasch",bkt,valid,106663,138458,3818,0.708689,0.698996,0.009692,0.008385,0.011107,0.0,0.008108,0.00726,0.000848,-0.002862,0.004414,0.631,0.0,True,1.0,False
assist2015,2,classical,logistic_stacked,"bkt,pfa,pfa_recency,elorasch",bkt,valid,107443,138458,3818,0.707186,0.699136,0.008051,0.00674,0.009528,0.0,0.00737,0.006997,0.000373,-0.002306,0.002458,0.965,0.0,True,1.0,False
assist2015,2,classical,ridge_stacked,"bkt,pfa,pfa_recency,elorasch",bkt,valid,107443,138458,3818,0.707187,0.699136,0.008051,0.006739,0.009529,0.0,0.007377,0.006997,0.00038,-0.002275,0.002406,0.966,0.0,True,1.0,False
assist2015,2,classical,bma,"bkt,pfa,pfa_recency,elorasch",bkt,valid,107443,138458,3818,0.699136,0.699136,0.0,0.0,0.0,1.0,0.006997,0.006997,0.0,0.0,0.0,1.0,1.0,False,1.0,False
assist2015,2,classical,xgb_stacked,"bkt,pfa,pfa_recency,elorasch",bkt,valid,107443,138458,3818,0.710519,0.699136,0.011384,0.009878,0.012987,0.0,0.005601,0.006997,-0.001396,-0.003667,0.001256,0.338,0.0,True,1.0,False
assist2015,2,classical,mlp_stacked,"bkt,pfa,pfa_recency,elorasch",bkt,valid,107443,138458,3818,0.705833,0.699136,0.006697,0.005451,0.008055,0.0,0.006454,0.006997,-0.000544,-0.003485,0.002951,0.773,0.0,True,1.0,False
assist2015,3,classical,logistic_stacked,"bkt,pfa,pfa_recency,elorasch",bkt,valid,112027,138458,3818,0.706967,0.698987,0.00798,0.006667,0.009365,0.0,0.004517,0.008391,-0.003874,-0.005467,-8.8e-05,0.042,0.0,True,1.0,False
assist2015,3,classical,ridge_stacked,"bkt,pfa,pfa_recency,elorasch",bkt,valid,112027,138458,3818,0.706967,0.698987,0.00798,0.006667,0.009365,0.0,0.004517,0.008391,-0.003874,-0.005467,-8.8e-05,0.042,0.0,True,1.0,False
assist2015,3,classical,bma,"bkt,pfa,pfa_recency,elorasch",bkt,valid,112027,138458,3818,0.698987,0.698987,0.0,0.0,0.0,1.0,0.008391,0.008391,0.0,0.0,0.0,1.0,1.0,False,1.0,False
assist2015,3,classical,xgb_stacked,"bkt,pfa,pfa_recency,elorasch",bkt,valid,112027,138458,3818,0.709964,0.698987,0.010978,0.009472,0.012641,0.0,0.004641,0.008391,-0.003751,-0.005541,-0.000145,0.038,0.0,True,0.95,False
assist2015,3,classical,mlp_stacked,"bkt,pfa,pfa_recency,elorasch",bkt,valid,112027,138458,3818,0.709029,0.698987,0.010042,0.00862,0.011571,0.0,0.004663,0.008391,-0.003728,-0.005487,0.0,0.051,0.0,True,1.0,False
assist2015,4,classical,logistic_stacked,"bkt,pfa,pfa_recency,elorasch",bkt,valid,112375,138458,3818,0.706652,0.699203,0.00745,0.006091,0.008905,0.0,0.006304,0.007015,-0.000711,-0.004433,0.001577,0.392,0.0,True,1.0,False
assist2015,4,classical,ridge_stacked,"bkt,pfa,pfa_recency,elorasch",bkt,valid,112375,138458,3818,0.706653,0.699203,0.007451,0.006091,0.008906,0.0,0.006251,0.007015,-0.000764,-0.004443,0.001589,0.385,0.0,True,1.0,False
assist2015,4,classical,bma,"bkt,pfa,pfa_recency,elorasch",bkt,valid,112375,138458,3818,0.699203,0.699203,0.0,0.0,0.0,1.0,0.007015,0.007015,0.0,0.0,0.0,1.0,1.0,False,1.0,False
assist2015,4,classical,xgb_stacked,"bkt,pfa,pfa_recency,elorasch",bkt,valid,112375,138458,3818,0.710193,0.699203,0.01099,0.009422,0.012622,0.0,0.005249,0.007015,-0.001765,-0.004384,0.001366,0.255,0.0,True,1.0,False
assist2015,4,classical,mlp_stacked,"bkt,pfa,pfa_recency,elorasch",bkt,valid,112375,138458,3818,0.707827,0.699203,0.008624,0.007265,0.010104,0.0,0.009008,0.007015,0.001993,-0.002749,0.005084,0.523,0.0,True,1.0,False
assist2017,0,classical,logistic_stacked,"bkt,pfa,pfa_recency,elorasch",elorasch,valid,153980,178823,341,0.654452,0.639886,0.014566,0.011663,0.017449,0.0,0.010235,0.028824,-0.018589,-0.020433,-0.014671,0.0,0.0,True,0.0,True
assist2017,0,classical,ridge_stacked,"bkt,pfa,pfa_recency,elorasch",elorasch,valid,153980,178823,341,0.654628,0.639886,0.014742,0.011851,0.0176,0.0,0.011103,0.028824,-0.017722,-0.019887,-0.014219,0.0,0.0,True,0.0,True
assist2017,0,classical,bma,"bkt,pfa,pfa_recency,elorasch",elorasch,valid,153980,178823,341,0.639886,0.639886,-0.0,-0.0,0.0,0.43,0.028824,0.028824,0.0,0.0,0.0,0.022,1.0,False,0.10999999999999999,False
assist2017,0,classical,xgb_stacked,"bkt,pfa,pfa_recency,elorasch",elorasch,valid,153980,178823,341,0.66205,0.639886,0.022165,0.019553,0.024767,0.0,0.008557,0.028824,-0.020268,-0.023004,-0.014854,0.0,0.0,True,0.0,True
assist2017,0,classical,mlp_stacked,"bkt,pfa,pfa_recency,elorasch",elorasch,valid,153980,178823,341,0.655828,0.639886,0.015943,0.013099,0.018755,0.0,0.013289,0.028824,-0.015535,-0.019046,-0.011136,0.0,0.0,True,0.0,True
assist2017,0,deep,logistic_stacked,"dkt,sakt,akt,simplekt",akt,valid,153067,177767,341,0.769958,0.758263,0.011695,0.010732,0.012701,0.0,0.004197,0.015686,-0.01149,-0.013289,-0.007694,0.0,0.0,True,0.0,True
assist2017,0,deep,ridge_stacked,"dkt,sakt,akt,simplekt",akt,valid,153067,177767,341,0.769958,0.758263,0.011695,0.010732,0.012701,0.0,0.004196,0.015686,-0.01149,-0.013289,-0.007705,0.0,0.0,True,0.0,True
assist2017,0,deep,bma,"dkt,sakt,akt,simplekt",akt,valid,153067,177767,341,0.758263,0.758263,0.0,0.0,0.0,1.0,0.015686,0.015686,0.0,0.0,0.0,1.0,1.0,False,1.0,False
assist2017,0,deep,xgb_stacked,"dkt,sakt,akt,simplekt",akt,valid,153067,177767,341,0.769697,0.758263,0.011434,0.010369,0.01256,0.0,0.005065,0.015686,-0.010621,-0.0123,-0.007222,0.0,0.0,True,0.0,True
assist2017,0,deep,mlp_stacked,"dkt,sakt,akt,simplekt",akt,valid,153067,177767,341,0.769883,0.758263,0.01162,0.010654,0.012632,0.0,0.01051,0.015686,-0.005176,-0.010485,0.000312,0.064,0.0,True,0.32,False
assist2017,1,classical,logistic_stacked,"bkt,pfa,pfa_recency,elorasch",elorasch,valid,142789,178823,341,0.654456,0.640084,0.014372,0.011645,0.017061,0.0,0.010512,0.027391,-0.016879,-0.01945,-0.013566,0.0,0.0,True,0.0,True
assist2017,1,classical,ridge_stacked,"bkt,pfa,pfa_recency,elorasch",elorasch,valid,142789,178823,341,0.654466,0.640084,0.014382,0.011645,0.017068,0.0,0.010665,0.027391,-0.016726,-0.019418,-0.01358,0.0,0.0,True,0.0,True
assist2017,1,classical,bma,"bkt,pfa,pfa_recency,elorasch",elorasch,valid,142789,178823,341,0.640084,0.640084,0.0,0.0,0.0,1.0,0.027391,0.027391,0.0,0.0,0.0,1.0,1.0,False,1.0,False
assist2017,1,classical,xgb_stacked,"bkt,pfa,pfa_recency,elorasch",elorasch,valid,142789,178823,341,0.660968,0.640084,0.020885,0.018515,0.02331,0.0,0.006022,0.027391,-0.021369,-0.023623,-0.016627,0.0,0.0,True,0.0,True
assist2017,1,classical,mlp_stacked,"bkt,pfa,pfa_recency,elorasch",elorasch,valid,142789,178823,341,0.65547,0.640084,0.015386,0.012755,0.01797,0.0,0.005606,0.027391,-0.021785,-0.024226,-0.015961,0.0,0.0,True,0.0,True
assist2017,1,deep,logistic_stacked,"dkt,sakt,akt,simplekt",akt,valid,141938,177767,341,0.770683,0.758171,0.012511,0.011378,0.013676,0.0,0.004285,0.01577,-0.011485,-0.013173,-0.007975,0.0,0.0,True,0.0,True
assist2017,1,deep,ridge_stacked,"dkt,sakt,akt,simplekt",akt,valid,141938,177767,341,0.770683,0.758171,0.012511,0.011378,0.013677,0.0,0.004286,0.01577,-0.011484,-0.013172,-0.007965,0.0,0.0,True,0.0,True
assist2017,1,deep,bma,"dkt,sakt,akt,simplekt",akt,valid,141938,177767,341,0.758171,0.758171,0.0,0.0,0.0,1.0,0.01577,0.01577,0.0,0.0,0.0,1.0,1.0,False,1.0,False
assist2017,1,deep,xgb_stacked,"dkt,sakt,akt,simplekt",akt,valid,141938,177767,341,0.770858,0.758171,0.012687,0.011431,0.014041,0.0,0.005011,0.01577,-0.010759,-0.012867,-0.007069,0.0,0.0,True,0.0,True
assist2017,1,deep,mlp_stacked,"dkt,sakt,akt,simplekt",akt,valid,141938,177767,341,0.771243,0.758171,0.013071,0.011849,0.014365,0.0,0.010345,0.01577,-0.005425,-0.009916,-0.001028,0.018,0.0,True,0.10799999999999998,False
assist2017,2,classical,logistic_stacked,"bkt,pfa,pfa_recency,elorasch",elorasch,valid,146749,178823,341,0.654314,0.639874,0.01444,0.011573,0.017234,0.0,0.01149,0.027428,-0.015939,-0.017966,-0.012264,0.0,0.0,True,0.0,True
assist2017,2,classical,ridge_stacked,"bkt,pfa,pfa_recency,elorasch",elorasch,valid,146749,178823,341,0.654326,0.639874,0.014452,0.011593,0.01725,0.0,0.011526,0.027428,-0.015903,-0.017981,-0.012215,0.0,0.0,True,0.0,True
assist2017,2,classical,bma,"bkt,pfa,pfa_recency,elorasch",elorasch,valid,146749,178823,341,0.639874,0.639874,0.0,0.0,0.0,1.0,0.027428,0.027428,0.0,0.0,0.0,1.0,1.0,False,1.0,False
assist2017,2,classical,xgb_stacked,"bkt,pfa,pfa_recency,elorasch",elorasch,valid,146749,178823,341,0.661093,0.639874,0.021219,0.018807,0.023581,0.0,0.007017,0.027428,-0.020411,-0.022376,-0.014164,0.0,0.0,True,0.0,True
assist2017,2,classical,mlp_stacked,"bkt,pfa,pfa_recency,elorasch",elorasch,valid,146749,178823,341,0.65558,0.639874,0.015706,0.013092,0.018263,0.0,0.012038,0.027428,-0.01539,-0.017522,-0.011536,0.0,0.0,True,0.0,True
assist2017,2,deep,logistic_stacked,"dkt,sakt,akt,simplekt",akt,valid,145879,177767,341,0.768838,0.757625,0.011213,0.010222,0.012239,0.0,0.006615,0.017892,-0.011277,-0.013649,-0.008553,0.0,0.0,True,0.0,True
assist2017,2,deep,ridge_stacked,"dkt,sakt,akt,simplekt",akt,valid,145879,177767,341,0.768838,0.757625,0.011213,0.010222,0.012239,0.0,0.006615,0.017892,-0.011277,-0.013649,-0.008553,0.0,0.0,True,0.0,True
assist2017,2,deep,bma,"dkt,sakt,akt,simplekt",akt,valid,145879,177767,341,0.757625,0.757625,0.0,0.0,0.0,1.0,0.017892,0.017892,0.0,0.0,0.0,1.0,1.0,False,1.0,False
assist2017,2,deep,xgb_stacked,"dkt,sakt,akt,simplekt",akt,valid,145879,177767,341,0.76857,0.757625,0.010945,0.009806,0.01208,0.0,0.006188,0.017892,-0.011704,-0.013285,-0.00919,0.0,0.0,True,0.0,True
assist2017,2,deep,mlp_stacked,"dkt,sakt,akt,simplekt",akt,valid,145879,177767,341,0.768971,0.757625,0.011346,0.010369,0.012366,0.0,0.008221,0.017892,-0.00967,-0.012886,-0.005119,0.0,0.0,True,0.0,True
assist2017,3,classical,logistic_stacked,"bkt,pfa,pfa_recency,elorasch",elorasch,valid,169963,178823,341,0.654629,0.640106,0.014523,0.011741,0.01723,0.0,0.011962,0.028215,-0.016253,-0.018859,-0.012064,0.0,0.0,True,0.0,True
assist2017,3,classical,ridge_stacked,"bkt,pfa,pfa_recency,elorasch",elorasch,valid,169963,178823,341,0.65463,0.640106,0.014524,0.01175,0.017237,0.0,0.011958,0.028215,-0.016257,-0.018829,-0.012082,0.0,0.0,True,0.0,True
assist2017,3,classical,bma,"bkt,pfa,pfa_recency,elorasch",elorasch,valid,169963,178823,341,0.640106,0.640106,0.0,0.0,0.0,1.0,0.028215,0.028215,0.0,0.0,0.0,1.0,1.0,False,1.0,False
assist2017,3,classical,xgb_stacked,"bkt,pfa,pfa_recency,elorasch",elorasch,valid,169963,178823,341,0.661878,0.640106,0.021772,0.019265,0.024351,0.0,0.009976,0.028215,-0.018239,-0.022546,-0.012937,0.0,0.0,True,0.0,True
assist2017,3,classical,mlp_stacked,"bkt,pfa,pfa_recency,elorasch",elorasch,valid,169963,178823,341,0.655339,0.640106,0.015233,0.01268,0.017754,0.0,0.011361,0.028215,-0.016854,-0.022448,-0.009503,0.0,0.0,True,0.0,True
assist2017,3,deep,logistic_stacked,"dkt,sakt,akt,simplekt",akt,valid,168980,177767,341,0.769464,0.758611,0.010853,0.009857,0.011879,0.0,0.004106,0.017125,-0.013019,-0.014979,-0.009018,0.0,0.0,True,0.0,True
assist2017,3,deep,ridge_stacked,"dkt,sakt,akt,simplekt",akt,valid,168980,177767,341,0.769464,0.758611,0.010853,0.009857,0.011879,0.0,0.004106,0.017125,-0.013019,-0.014979,-0.009018,0.0,0.0,True,0.0,True
assist2017,3,deep,bma,"dkt,sakt,akt,simplekt",akt,valid,168980,177767,341,0.758611,0.758611,0.0,0.0,0.0,1.0,0.017125,0.017125,0.0,0.0,0.0,1.0,1.0,False,1.0,False
assist2017,3,deep,xgb_stacked,"dkt,sakt,akt,simplekt",akt,valid,168980,177767,341,0.769647,0.758611,0.011036,0.009924,0.012189,0.0,0.004353,0.017125,-0.012772,-0.014071,-0.008868,0.0,0.0,True,0.0,True
assist2017,3,deep,mlp_stacked,"dkt,sakt,akt,simplekt",akt,valid,168980,177767,341,0.770097,0.758611,0.011486,0.010434,0.012577,0.0,0.006951,0.017125,-0.010174,-0.011988,-0.007322,0.0,0.0,True,0.0,True
assist2017,4,classical,logistic_stacked,"bkt,pfa,pfa_recency,elorasch",elorasch,valid,150510,178823,341,0.654598,0.640697,0.013901,0.011172,0.016575,0.0,0.010716,0.028382,-0.017666,-0.020059,-0.014075,0.0,0.0,True,0.0,True
assist2017,4,classical,ridge_stacked,"bkt,pfa,pfa_recency,elorasch",elorasch,valid,150510,178823,341,0.654608,0.640697,0.013911,0.011184,0.016583,0.0,0.010794,0.028382,-0.017588,-0.020005,-0.014068,0.0,0.0,True,0.0,True
assist2017,4,classical,bma,"bkt,pfa,pfa_recency,elorasch",elorasch,valid,150510,178823,341,0.640697,0.640697,0.0,0.0,0.0,1.0,0.028382,0.028382,0.0,0.0,0.0,0.035,1.0,False,0.14,False
assist2017,4,classical,xgb_stacked,"bkt,pfa,pfa_recency,elorasch",elorasch,valid,150510,178823,341,0.661456,0.640697,0.020759,0.018428,0.023127,0.0,0.005622,0.028382,-0.022761,-0.024939,-0.018011,0.0,0.0,True,0.0,True
assist2017,4,classical,mlp_stacked,"bkt,pfa,pfa_recency,elorasch",elorasch,valid,150510,178823,341,0.655673,0.640697,0.014975,0.0125,0.017462,0.0,0.005354,0.028382,-0.023028,-0.02499,-0.018817,0.0,0.0,True,0.0,True
assist2017,4,deep,logistic_stacked,"dkt,sakt,akt,simplekt",simplekt,valid,149617,177767,341,0.772106,0.757588,0.014518,0.013208,0.015875,0.0,0.007574,0.030158,-0.022585,-0.026066,-0.018218,0.0,0.0,True,0.0,True
assist2017,4,deep,ridge_stacked,"dkt,sakt,akt,simplekt",simplekt,valid,149617,177767,341,0.772107,0.757588,0.014519,0.013211,0.015877,0.0,0.007765,0.030158,-0.022393,-0.026019,-0.018075,0.0,0.0,True,0.0,True
assist2017,4,deep,bma,"dkt,sakt,akt,simplekt",simplekt,valid,149617,177767,341,0.759508,0.757588,0.00192,0.000163,0.003667,0.026,0.022009,0.030158,-0.008149,-0.011129,-0.005198,0.0,0.13,False,0.0,True
assist2017,4,deep,xgb_stacked,"dkt,sakt,akt,simplekt",simplekt,valid,149617,177767,341,0.772182,0.757588,0.014594,0.013268,0.01599,0.0,0.004694,0.030158,-0.025464,-0.027249,-0.020517,0.0,0.0,True,0.0,True
assist2017,4,deep,mlp_stacked,"dkt,sakt,akt,simplekt",simplekt,valid,149617,177767,341,0.772383,0.757588,0.014796,0.013537,0.016124,0.0,0.01205,0.030158,-0.018108,-0.02153,-0.014393,0.0,0.0,True,0.0,True
algebra2005,0,classical,logistic_stacked,"bkt,pfa,pfa_recency,elorasch",bkt,valid,113657,93595,114,0.758091,0.750809,0.007282,0.004087,0.010019,0.0,0.015396,0.013983,0.001413,-0.005559,0.006426,0.829,0.0,True,1.0,False
algebra2005,0,classical,ridge_stacked,"bkt,pfa,pfa_recency,elorasch",bkt,valid,113657,93595,114,0.758102,0.750809,0.007293,0.004077,0.010038,0.0,0.015386,0.013983,0.001403,-0.005934,0.006574,0.833,0.0,True,1.0,False
algebra2005,0,classical,bma,"bkt,pfa,pfa_recency,elorasch",bkt,valid,113657,93595,114,0.750809,0.750809,0.0,0.0,0.0,1.0,0.013983,0.013983,0.0,0.0,0.0,1.0,1.0,False,1.0,False
algebra2005,0,classical,xgb_stacked,"bkt,pfa,pfa_recency,elorasch",bkt,valid,113657,93595,114,0.76209,0.750809,0.011281,0.006884,0.014778,0.0,0.009554,0.013983,-0.004429,-0.01317,0.000657,0.08,0.0,True,1.0,False
algebra2005,0,classical,mlp_stacked,"bkt,pfa,pfa_recency,elorasch",bkt,valid,113657,93595,114,0.759657,0.750809,0.008848,0.004598,0.012288,0.0,0.016662,0.013983,0.002679,-0.007885,0.007046,0.765,0.0,True,1.0,False
algebra2005,0,deep,logistic_stacked,"dkt,sakt,akt,simplekt",simplekt,valid,112859,92945,114,0.831646,0.813394,0.018252,0.016721,0.020044,0.0,0.009994,0.053947,-0.043954,-0.048163,-0.035301,0.0,0.0,True,0.0,True
algebra2005,0,deep,ridge_stacked,"dkt,sakt,akt,simplekt",simplekt,valid,112859,92945,114,0.831664,0.813394,0.01827,0.016745,0.020059,0.0,0.010202,0.053947,-0.043745,-0.048051,-0.035155,0.0,0.0,True,0.0,True
algebra2005,0,deep,bma,"dkt,sakt,akt,simplekt",simplekt,valid,112859,92945,114,0.80977,0.813394,-0.003624,-0.006794,-0.000213,0.037,0.019175,0.053947,-0.034773,-0.042065,-0.025705,0.0,0.074,False,0.0,True
algebra2005,0,deep,xgb_stacked,"dkt,sakt,akt,simplekt",simplekt,valid,112859,92945,114,0.833485,0.813394,0.020091,0.018292,0.022037,0.0,0.00791,0.053947,-0.046037,-0.051991,-0.035678,0.0,0.0,True,0.0,True
algebra2005,0,deep,mlp_stacked,"dkt,sakt,akt,simplekt",simplekt,valid,112859,92945,114,0.832834,0.813394,0.01944,0.017758,0.02137,0.0,0.00926,0.053947,-0.044687,-0.052053,-0.034917,0.0,0.0,True,0.0,True
algebra2005,1,classical,logistic_stacked,"bkt,pfa,pfa_recency,elorasch",bkt,valid,112651,93595,114,0.758625,0.750079,0.008545,0.004733,0.011747,0.0,0.017044,0.01567,0.001374,-0.004737,0.007984,0.572,0.0,True,1.0,False
algebra2005,1,classical,ridge_stacked,"bkt,pfa,pfa_recency,elorasch",bkt,valid,112651,93595,114,0.758625,0.750079,0.008546,0.004733,0.011747,0.0,0.017067,0.01567,0.001397,-0.004735,0.007982,0.57,0.0,True,1.0,False
algebra2005,1,classical,bma,"bkt,pfa,pfa_recency,elorasch",bkt,valid,112651,93595,114,0.750079,0.750079,0.0,0.0,0.0,1.0,0.01567,0.01567,0.0,0.0,0.0,1.0,1.0,False,1.0,False
algebra2005,1,classical,xgb_stacked,"bkt,pfa,pfa_recency,elorasch",bkt,valid,112651,93595,114,0.762464,0.750079,0.012384,0.007742,0.016112,0.0,0.016093,0.01567,0.000424,-0.007268,0.005578,0.906,0.0,True,1.0,False
algebra2005,1,classical,mlp_stacked,"bkt,pfa,pfa_recency,elorasch",bkt,valid,112651,93595,114,0.759389,0.750079,0.009309,0.004905,0.012776,0.0,0.014737,0.01567,-0.000932,-0.007526,0.004061,0.58,0.0,True,1.0,False
algebra2005,1,deep,logistic_stacked,"dkt,sakt,akt,simplekt",simplekt,valid,111871,92945,114,0.827877,0.814078,0.013799,0.012214,0.015239,0.0,0.013655,0.048824,-0.035169,-0.040517,-0.025829,0.0,0.0,True,0.0,True
algebra2005,1,deep,ridge_stacked,"dkt,sakt,akt,simplekt",simplekt,valid,111871,92945,114,0.827891,0.814078,0.013813,0.012228,0.01525,0.0,0.013633,0.048824,-0.035191,-0.04039,-0.025777,0.0,0.0,True,0.0,True
algebra2005,1,deep,bma,"dkt,sakt,akt,simplekt",simplekt,valid,111871,92945,114,0.808036,0.814078,-0.006042,-0.009114,-0.003383,0.0,0.009147,0.048824,-0.039677,-0.043117,-0.029717,0.0,0.0,True,0.0,True
algebra2005,1,deep,xgb_stacked,"dkt,sakt,akt,simplekt",simplekt,valid,111871,92945,114,0.8301,0.814078,0.016022,0.014477,0.017495,0.0,0.008783,0.048824,-0.040041,-0.048229,-0.026427,0.0,0.0,True,0.0,True
algebra2005,1,deep,mlp_stacked,"dkt,sakt,akt,simplekt",simplekt,valid,111871,92945,114,0.830248,0.814078,0.01617,0.014726,0.017564,0.0,0.00943,0.048824,-0.039394,-0.047966,-0.025442,0.0,0.0,True,0.0,True
algebra2005,2,classical,logistic_stacked,"bkt,pfa,pfa_recency,elorasch",bkt,valid,101425,93595,114,0.75754,0.750231,0.007309,0.003995,0.01013,0.0,0.011937,0.012839,-0.000902,-0.004534,0.003381,0.792,0.0,True,1.0,False
algebra2005,2,classical,ridge_stacked,"bkt,pfa,pfa_recency,elorasch",bkt,valid,101425,93595,114,0.757539,0.750231,0.007308,0.003997,0.010129,0.0,0.011921,0.012839,-0.000918,-0.004546,0.003402,0.795,0.0,True,1.0,False
algebra2005,2,classical,bma,"bkt,pfa,pfa_recency,elorasch",bkt,valid,101425,93595,114,0.750231,0.750231,0.0,0.0,0.0,1.0,0.012839,0.012839,0.0,0.0,0.0,1.0,1.0,False,1.0,False
algebra2005,2,classical,xgb_stacked,"bkt,pfa,pfa_recency,elorasch",bkt,valid,101425,93595,114,0.76135,0.750231,0.011119,0.006561,0.014687,0.0,0.006367,0.012839,-0.006472,-0.011111,-0.002012,0.005,0.0,True,0.115,False
algebra2005,2,classical,mlp_stacked,"bkt,pfa,pfa_recency,elorasch",bkt,valid,101425,93595,114,0.759168,0.750231,0.008937,0.004517,0.012458,0.0,0.011035,0.012839,-0.001804,-0.009504,0.003271,0.56,0.0,True,1.0,False
algebra2005,2,deep,logistic_stacked,"dkt,sakt,akt,simplekt",simplekt,valid,100740,92945,114,0.831876,0.815247,0.01663,0.014967,0.018504,0.0,0.010298,0.06492,-0.054622,-0.058621,-0.045446,0.0,0.0,True,0.0,True
algebra2005,2,deep,ridge_stacked,"dkt,sakt,akt,simplekt",simplekt,valid,100740,92945,114,0.831903,0.815247,0.016657,0.015003,0.018519,0.0,0.010307,0.06492,-0.054613,-0.058598,-0.045466,0.0,0.0,True,0.0,True
algebra2005,2,deep,bma,"dkt,sakt,akt,simplekt",simplekt,valid,100740,92945,114,0.808664,0.815247,-0.006582,-0.009947,-0.003107,0.0,0.010157,0.06492,-0.054763,-0.059938,-0.042013,0.0,0.0,True,0.0,True
algebra2005,2,deep,xgb_stacked,"dkt,sakt,akt,simplekt",simplekt,valid,100740,92945,114,0.833615,0.815247,0.018369,0.016663,0.020331,0.0,0.004957,0.06492,-0.059963,-0.063841,-0.04581,0.0,0.0,True,0.0,True
algebra2005,2,deep,mlp_stacked,"dkt,sakt,akt,simplekt",simplekt,valid,100740,92945,114,0.833543,0.815247,0.018296,0.016452,0.020412,0.0,0.023889,0.06492,-0.041031,-0.05132,-0.026183,0.0,0.0,True,0.0,True
algebra2005,3,classical,logistic_stacked,"bkt,pfa,pfa_recency,elorasch",bkt,valid,95608,93595,114,0.757821,0.750609,0.007213,0.003967,0.009971,0.0,0.013048,0.014198,-0.001151,-0.006143,0.002364,0.42,0.0,True,1.0,False
algebra2005,3,classical,ridge_stacked,"bkt,pfa,pfa_recency,elorasch",bkt,valid,95608,93595,114,0.757821,0.750609,0.007213,0.003967,0.00997,0.0,0.013029,0.014198,-0.001169,-0.006145,0.002388,0.421,0.0,True,1.0,False
algebra2005,3,classical,bma,"bkt,pfa,pfa_recency,elorasch",bkt,valid,95608,93595,114,0.750609,0.750609,0.0,0.0,0.0,1.0,0.014198,0.014198,0.0,0.0,0.0,1.0,1.0,False,1.0,False
algebra2005,3,classical,xgb_stacked,"bkt,pfa,pfa_recency,elorasch",bkt,valid,95608,93595,114,0.761452,0.750609,0.010843,0.006701,0.01419,0.0,0.005331,0.014198,-0.008867,-0.01238,-0.00373,0.0,0.0,True,0.0,True
algebra2005,3,classical,mlp_stacked,"bkt,pfa,pfa_recency,elorasch",bkt,valid,95608,93595,114,0.758348,0.750609,0.007739,0.003918,0.010988,0.0,0.009012,0.014198,-0.005186,-0.009261,-0.001243,0.016,0.0,True,0.336,False
algebra2005,3,deep,logistic_stacked,"dkt,sakt,akt,simplekt",simplekt,valid,94885,92945,114,0.832396,0.816694,0.015702,0.014288,0.0171,0.0,0.011969,0.066559,-0.05459,-0.058573,-0.047921,0.0,0.0,True,0.0,True
algebra2005,3,deep,ridge_stacked,"dkt,sakt,akt,simplekt",simplekt,valid,94885,92945,114,0.832425,0.816694,0.015731,0.014308,0.01712,0.0,0.012088,0.066559,-0.054471,-0.058395,-0.047806,0.0,0.0,True,0.0,True
algebra2005,3,deep,bma,"dkt,sakt,akt,simplekt",simplekt,valid,94885,92945,114,0.80915,0.816694,-0.007544,-0.011214,-0.004159,0.0,0.010041,0.066559,-0.056518,-0.06396,-0.042581,0.0,0.0,True,0.0,True
algebra2005,3,deep,xgb_stacked,"dkt,sakt,akt,simplekt",simplekt,valid,94885,92945,114,0.833762,0.816694,0.017068,0.015652,0.018499,0.0,0.005209,0.066559,-0.06135,-0.064264,-0.051167,0.0,0.0,True,0.0,True
algebra2005,3,deep,mlp_stacked,"dkt,sakt,akt,simplekt",simplekt,valid,94885,92945,114,0.83375,0.816694,0.017056,0.0156,0.018486,0.0,0.005333,0.066559,-0.061226,-0.063446,-0.053536,0.0,0.0,True,0.0,True
algebra2005,4,classical,logistic_stacked,"bkt,pfa,pfa_recency,elorasch",bkt,valid,90089,93595,114,0.758038,0.750802,0.007236,0.003796,0.01016,0.0,0.011547,0.01546,-0.003913,-0.008448,0.000393,0.072,0.0,True,1.0,False
algebra2005,4,classical,ridge_stacked,"bkt,pfa,pfa_recency,elorasch",bkt,valid,90089,93595,114,0.758039,0.750802,0.007236,0.003796,0.010161,0.0,0.01155,0.01546,-0.00391,-0.008451,0.000395,0.073,0.0,True,1.0,False
algebra2005,4,classical,bma,"bkt,pfa,pfa_recency,elorasch",bkt,valid,90089,93595,114,0.750802,0.750802,0.0,0.0,0.0,1.0,0.01546,0.01546,0.0,0.0,0.0,1.0,1.0,False,1.0,False
algebra2005,4,classical,xgb_stacked,"bkt,pfa,pfa_recency,elorasch",bkt,valid,90089,93595,114,0.760516,0.750802,0.009714,0.005146,0.01317,0.0,0.005081,0.01546,-0.010379,-0.012476,-0.004395,0.0,0.0,True,0.0,True
algebra2005,4,classical,mlp_stacked,"bkt,pfa,pfa_recency,elorasch",bkt,valid,90089,93595,114,0.758609,0.750802,0.007806,0.003753,0.011166,0.0,0.007765,0.01546,-0.007695,-0.011345,-0.001567,0.013,0.0,True,0.286,False
algebra2005,4,deep,logistic_stacked,"dkt,sakt,akt,simplekt",akt,valid,89450,92945,114,0.830624,0.813399,0.017226,0.015602,0.018738,0.0,0.014112,0.027323,-0.013211,-0.016379,-0.008647,0.0,0.0,True,0.0,True
algebra2005,4,deep,ridge_stacked,"dkt,sakt,akt,simplekt",akt,valid,89450,92945,114,0.830673,0.813399,0.017274,0.015659,0.018773,0.0,0.014355,0.027323,-0.012968,-0.016113,-0.008289,0.0,0.0,True,0.0,True
algebra2005,4,deep,bma,"dkt,sakt,akt,simplekt",akt,valid,89450,92945,114,0.811403,0.813399,-0.001996,-0.00475,0.0005,0.116,0.012945,0.027323,-0.014378,-0.019282,-0.005738,0.0,0.116,False,0.0,True
algebra2005,4,deep,xgb_stacked,"dkt,sakt,akt,simplekt",akt,valid,89450,92945,114,0.833427,0.813399,0.020028,0.018336,0.021644,0.0,0.005814,0.027323,-0.02151,-0.024313,-0.014382,0.0,0.0,True,0.0,True
algebra2005,4,deep,mlp_stacked,"dkt,sakt,akt,simplekt",akt,valid,89450,92945,114,0.8329,0.813399,0.019501,0.017845,0.021087,0.0,0.005841,0.027323,-0.021482,-0.02568,-0.009462,0.0,0.0,True,0.0,True
bridge2algebra2006,0,classical,logistic_stacked,"bkt,pfa,pfa_recency,elorasch",pfa_recency,valid,278277,354262,229,0.758376,0.74856,0.009816,0.008095,0.011395,0.0,0.006262,0.011658,-0.005396,-0.00743,-0.002281,0.0,0.0,True,0.0,True
bridge2algebra2006,0,classical,ridge_stacked,"bkt,pfa,pfa_recency,elorasch",pfa_recency,valid,278277,354262,229,0.758396,0.74856,0.009836,0.008115,0.01141,0.0,0.006233,0.011658,-0.005425,-0.007457,-0.002295,0.0,0.0,True,0.0,True
bridge2algebra2006,0,classical,bma,"bkt,pfa,pfa_recency,elorasch",pfa_recency,valid,278277,354262,229,0.74681,0.74856,-0.00175,-0.004829,0.00111,0.227,0.00952,0.011658,-0.002138,-0.004213,0.001965,0.395,0.735,False,1.0,False
bridge2algebra2006,0,classical,xgb_stacked,"bkt,pfa,pfa_recency,elorasch",pfa_recency,valid,278277,354262,229,0.761402,0.74856,0.012842,0.011246,0.014396,0.0,0.002847,0.011658,-0.008811,-0.011031,-0.006006,0.0,0.0,True,0.0,True
bridge2algebra2006,0,classical,mlp_stacked,"bkt,pfa,pfa_recency,elorasch",pfa_recency,valid,278277,354262,229,0.759511,0.74856,0.010951,0.009281,0.012543,0.0,0.005836,0.011658,-0.005822,-0.008496,-0.002653,0.0,0.0,True,0.0,True
bridge2algebra2006,0,deep,logistic_stacked,"dkt,sakt,akt,simplekt",simplekt,valid,276786,352370,229,0.819735,0.807972,0.011763,0.0109,0.012568,0.0,0.003304,0.008721,-0.005416,-0.006422,-0.002225,0.0,0.0,True,0.0,True
bridge2algebra2006,0,deep,ridge_stacked,"dkt,sakt,akt,simplekt",simplekt,valid,276786,352370,229,0.819735,0.807972,0.011763,0.0109,0.012568,0.0,0.003304,0.008721,-0.005416,-0.006422,-0.002225,0.0,0.0,True,0.0,True
bridge2algebra2006,0,deep,bma,"dkt,sakt,akt,simplekt",simplekt,valid,276786,352370,229,0.807972,0.807972,0.0,0.0,0.0,1.0,0.008721,0.008721,0.0,0.0,0.0,1.0,1.0,False,1.0,False
bridge2algebra2006,0,deep,xgb_stacked,"dkt,sakt,akt,simplekt",simplekt,valid,276786,352370,229,0.82008,0.807972,0.012108,0.01124,0.012915,0.0,0.002735,0.008721,-0.005986,-0.006882,-0.002447,0.0,0.0,True,0.0,True
bridge2algebra2006,0,deep,mlp_stacked,"dkt,sakt,akt,simplekt",simplekt,valid,276786,352370,229,0.820254,0.807972,0.012282,0.011405,0.013094,0.0,0.003158,0.008721,-0.005562,-0.007667,-0.001601,0.005,0.0,True,0.095,False
bridge2algebra2006,1,classical,logistic_stacked,"bkt,pfa,pfa_recency,elorasch",bkt,valid,288069,354262,229,0.757933,0.746771,0.011163,0.009262,0.013207,0.0,0.007707,0.010514,-0.002807,-0.004965,-0.000638,0.012,0.0,True,0.096,False
bridge2algebra2006,1,classical,ridge_stacked,"bkt,pfa,pfa_recency,elorasch",bkt,valid,288069,354262,229,0.757979,0.746771,0.011208,0.009309,0.013247,0.0,0.007603,0.010514,-0.00291,-0.004948,-0.000668,0.009,0.0,True,0.08099999999999999,False
bridge2algebra2006,1,classical,bma,"bkt,pfa,pfa_recency,elorasch",bkt,valid,288069,354262,229,0.746771,0.746771,0.0,0.0,0.0,1.0,0.010514,0.010514,0.0,0.0,0.0,1.0,1.0,False,1.0,False
bridge2algebra2006,1,classical,xgb_stacked,"bkt,pfa,pfa_recency,elorasch",bkt,valid,288069,354262,229,0.76078,0.746771,0.01401,0.01178,0.016558,0.0,0.003602,0.010514,-0.006912,-0.009479,-0.004028,0.0,0.0,True,0.0,True
bridge2algebra2006,1,classical,mlp_stacked,"bkt,pfa,pfa_recency,elorasch",bkt,valid,288069,354262,229,0.759497,0.746771,0.012726,0.010459,0.015233,0.0,0.003745,0.010514,-0.006768,-0.008355,-0.003266,0.0,0.0,True,0.0,True
bridge2algebra2006,1,deep,logistic_stacked,"dkt,sakt,akt,simplekt",akt,valid,286535,352370,229,0.821489,0.806718,0.014771,0.01306,0.01642,0.0,0.00363,0.006749,-0.003119,-0.005402,0.000807,0.12,0.0,True,1.0,False
bridge2algebra2006,1,deep,ridge_stacked,"dkt,sakt,akt,simplekt",akt,valid,286535,352370,229,0.821488,0.806718,0.014771,0.01306,0.01642,0.0,0.003636,0.006749,-0.003113,-0.005402,0.000807,0.12,0.0,True,1.0,False
bridge2algebra2006,1,deep,bma,"dkt,sakt,akt,simplekt",akt,valid,286535,352370,229,0.806718,0.806718,0.0,0.0,0.0,1.0,0.006749,0.006749,0.0,0.0,0.0,1.0,1.0,False,1.0,False
bridge2algebra2006,1,deep,xgb_stacked,"dkt,sakt,akt,simplekt",akt,valid,286535,352370,229,0.822175,0.806718,0.015458,0.013805,0.017095,0.0,0.003311,0.006749,-0.003438,-0.005339,0.00063,0.093,0.0,True,1.0,False
bridge2algebra2006,1,deep,mlp_stacked,"dkt,sakt,akt,simplekt",akt,valid,286535,352370,229,0.822402,0.806718,0.015685,0.013994,0.017327,0.0,0.003728,0.006749,-0.003021,-0.005418,0.001132,0.162,0.0,True,1.0,False
bridge2algebra2006,2,classical,logistic_stacked,"bkt,pfa,pfa_recency,elorasch",pfa_recency,valid,303170,354262,229,0.758282,0.748654,0.009628,0.007977,0.011174,0.0,0.007817,0.011067,-0.003249,-0.005507,-0.000508,0.02,0.0,True,0.12,False
bridge2algebra2006,2,classical,ridge_stacked,"bkt,pfa,pfa_recency,elorasch",pfa_recency,valid,303170,354262,229,0.758288,0.748654,0.009635,0.007988,0.011179,0.0,0.007763,0.011067,-0.003304,-0.005539,-0.000559,0.017,0.0,True,0.11900000000000001,False
bridge2algebra2006,2,classical,bma,"bkt,pfa,pfa_recency,elorasch",pfa_recency,valid,303170,354262,229,0.746254,0.748654,-0.0024,-0.005766,0.000762,0.147,0.008851,0.011067,-0.002216,-0.00428,0.003028,0.589,0.735,False,1.0,False
bridge2algebra2006,2,classical,xgb_stacked,"bkt,pfa,pfa_recency,elorasch",pfa_recency,valid,303170,354262,229,0.761124,0.748654,0.01247,0.010933,0.013896,0.0,0.004179,0.011067,-0.006887,-0.009047,-0.00367,0.0,0.0,True,0.0,True
bridge2algebra2006,2,classical,mlp_stacked,"bkt,pfa,pfa_recency,elorasch",pfa_recency,valid,303170,354262,229,0.759458,0.748654,0.010804,0.00929,0.012258,0.0,0.005774,0.011067,-0.005292,-0.007528,-0.002387,0.0,0.0,True,0.0,True
bridge2algebra2006,2,deep,logistic_stacked,"dkt,sakt,akt,simplekt",akt,valid,301562,352370,229,0.821535,0.807446,0.014089,0.012504,0.015509,0.0,0.003645,0.007236,-0.00359,-0.005872,0.0005,0.096,0.0,True,1.0,False
bridge2algebra2006,2,deep,ridge_stacked,"dkt,sakt,akt,simplekt",akt,valid,301562,352370,229,0.821535,0.807446,0.014089,0.012504,0.015509,0.0,0.003645,0.007236,-0.00359,-0.005872,0.0005,0.096,0.0,True,1.0,False
bridge2algebra2006,2,deep,bma,"dkt,sakt,akt,simplekt",akt,valid,301562,352370,229,0.807446,0.807446,0.0,0.0,0.0,1.0,0.007236,0.007236,0.0,0.0,0.0,1.0,1.0,False,1.0,False
bridge2algebra2006,2,deep,xgb_stacked,"dkt,sakt,akt,simplekt",akt,valid,301562,352370,229,0.822236,0.807446,0.01479,0.013298,0.016169,0.0,0.002893,0.007236,-0.004342,-0.005882,-0.000593,0.024,0.0,True,0.40800000000000003,False
bridge2algebra2006,2,deep,mlp_stacked,"dkt,sakt,akt,simplekt",akt,valid,301562,352370,229,0.821968,0.807446,0.014522,0.012994,0.015927,0.0,0.006948,0.007236,-0.000288,-0.004424,0.003837,0.86,0.0,True,1.0,False
bridge2algebra2006,3,classical,logistic_stacked,"bkt,pfa,pfa_recency,elorasch",pfa_recency,valid,309493,354262,229,0.758437,0.748474,0.009963,0.008117,0.011719,0.0,0.007316,0.011135,-0.003819,-0.005284,-0.00084,0.007,0.0,True,0.077,False
bridge2algebra2006,3,classical,ridge_stacked,"bkt,pfa,pfa_recency,elorasch",pfa_recency,valid,309493,354262,229,0.758457,0.748474,0.009983,0.008139,0.011741,0.0,0.007217,0.011135,-0.003918,-0.005307,-0.000919,0.007,0.0,True,0.077,False
bridge2algebra2006,3,classical,bma,"bkt,pfa,pfa_recency,elorasch",pfa_recency,valid,309493,354262,229,0.746117,0.748474,-0.002357,-0.005779,0.000748,0.147,0.007523,0.011135,-0.003612,-0.004712,0.001889,0.305,0.735,False,1.0,False
bridge2algebra2006,3,classical,xgb_stacked,"bkt,pfa,pfa_recency,elorasch",pfa_recency,valid,309493,354262,229,0.761712,0.748474,0.013238,0.011519,0.014909,0.0,0.002953,0.011135,-0.008182,-0.00927,-0.005302,0.0,0.0,True,0.0,True
bridge2algebra2006,3,classical,mlp_stacked,"bkt,pfa,pfa_recency,elorasch",pfa_recency,valid,309493,354262,229,0.759516,0.748474,0.011042,0.009186,0.012748,0.0,0.004472,0.011135,-0.006664,-0.009283,-0.001695,0.005,0.0,True,0.06,False
bridge2algebra2006,3,deep,logistic_stacked,"dkt,sakt,akt,simplekt",akt,valid,307842,352370,229,0.818379,0.805745,0.012633,0.01129,0.013951,0.0,0.004311,0.006766,-0.002455,-0.004701,-1e-06,0.05,0.0,True,0.784,False
bridge2algebra2006,3,deep,ridge_stacked,"dkt,sakt,akt,simplekt",akt,valid,307842,352370,229,0.818377,0.805745,0.012632,0.011293,0.013948,0.0,0.004257,0.006766,-0.002509,-0.00473,-1.4e-05,0.049,0.0,True,0.784,False
bridge2algebra2006,3,deep,bma,"dkt,sakt,akt,simplekt",akt,valid,307842,352370,229,0.805745,0.805745,0.0,0.0,0.0,1.0,0.006766,0.006766,0.0,0.0,0.0,1.0,1.0,False,1.0,False
bridge2algebra2006,3,deep,xgb_stacked,"dkt,sakt,akt,simplekt",akt,valid,307842,352370,229,0.819067,0.805745,0.013321,0.011966,0.014665,0.0,0.004573,0.006766,-0.002193,-0.004331,3.9e-05,0.059,0.0,True,0.826,False
bridge2algebra2006,3,deep,mlp_stacked,"dkt,sakt,akt,simplekt",akt,valid,307842,352370,229,0.819252,0.805745,0.013507,0.012129,0.014841,0.0,0.002293,0.006766,-0.004473,-0.005817,-0.00104,0.011,0.0,True,0.19799999999999998,False
bridge2algebra2006,4,classical,logistic_stacked,"bkt,pfa,pfa_recency,elorasch",pfa_recency,valid,284203,354262,229,0.758511,0.74841,0.010101,0.008461,0.011675,0.0,0.006902,0.011269,-0.004367,-0.00577,-0.001175,0.001,0.0,True,0.014,True
bridge2algebra2006,4,classical,ridge_stacked,"bkt,pfa,pfa_recency,elorasch",pfa_recency,valid,284203,354262,229,0.758535,0.74841,0.010125,0.008485,0.011707,0.0,0.00701,0.011269,-0.004259,-0.005741,-0.001063,0.001,0.0,True,0.014,True
bridge2algebra2006,4,classical,bma,"bkt,pfa,pfa_recency,elorasch",pfa_recency,valid,284203,354262,229,0.746749,0.74841,-0.001661,-0.004995,0.001372,0.28,0.010814,0.011269,-0.000455,-0.002705,0.003212,0.96,0.735,False,1.0,False
bridge2algebra2006,4,classical,xgb_stacked,"bkt,pfa,pfa_recency,elorasch",pfa_recency,valid,284203,354262,229,0.760917,0.74841,0.012507,0.010885,0.014046,0.0,0.003533,0.011269,-0.007736,-0.008624,-0.005015,0.0,0.0,True,0.0,True
bridge2algebra2006,4,classical,mlp_stacked,"bkt,pfa,pfa_recency,elorasch",pfa_recency,valid,284203,354262,229,0.759257,0.74841,0.010847,0.009135,0.012478,0.0,0.006869,0.011269,-0.0044,-0.005879,-0.002066,0.0,0.0,True,0.0,True
bridge2algebra2006,4,deep,logistic_stacked,"dkt,sakt,akt,simplekt",akt,valid,282684,352370,229,0.818336,0.805861,0.012475,0.011063,0.013842,0.0,0.002115,0.009314,-0.007199,-0.008131,-0.003754,0.0,0.0,True,0.0,True
bridge2algebra2006,4,deep,ridge_stacked,"dkt,sakt,akt,simplekt",akt,valid,282684,352370,229,0.818336,0.805861,0.012475,0.011064,0.013842,0.0,0.002096,0.009314,-0.007217,-0.008144,-0.003721,0.0,0.0,True,0.0,True
bridge2algebra2006,4,deep,bma,"dkt,sakt,akt,simplekt",akt,valid,282684,352370,229,0.805861,0.805861,0.0,0.0,0.0,1.0,0.009314,0.009314,0.0,0.0,0.0,1.0,1.0,False,1.0,False
bridge2algebra2006,4,deep,xgb_stacked,"dkt,sakt,akt,simplekt",akt,valid,282684,352370,229,0.818604,0.805861,0.012743,0.011409,0.014011,0.0,0.003126,0.009314,-0.006188,-0.007539,-0.00326,0.0,0.0,True,0.0,True
bridge2algebra2006,4,deep,mlp_stacked,"dkt,sakt,akt,simplekt",akt,valid,282684,352370,229,0.818928,0.805861,0.013067,0.011756,0.014292,0.0,0.011208,0.009314,0.001894,-0.001704,0.004828,0.312,0.0,True,1.0,False
assist2012,0,classical,logistic_stacked,"bkt,pfa,pfa_recency,elorasch",bkt,valid,445206,542817,5497,0.696602,0.680836,0.015766,0.014531,0.016938,0.0,0.004561,0.008537,-0.003975,-0.006401,-0.001623,0.0,0.0,True,0.0,True
assist2012,0,classical,ridge_stacked,"bkt,pfa,pfa_recency,elorasch",bkt,valid,445206,542817,5497,0.696602,0.680836,0.015766,0.014531,0.016938,0.0,0.004572,0.008537,-0.003964,-0.006394,-0.00162,0.0,0.0,True,0.0,True
assist2012,0,classical,bma,"bkt,pfa,pfa_recency,elorasch",bkt,valid,445206,542817,5497,0.680836,0.680836,0.0,0.0,0.0,1.0,0.008537,0.008537,0.0,0.0,0.0,1.0,1.0,False,1.0,False
assist2012,0,classical,xgb_stacked,"bkt,pfa,pfa_recency,elorasch",bkt,valid,445206,542817,5497,0.699518,0.680836,0.018682,0.017315,0.019957,0.0,0.003079,0.008537,-0.005457,-0.007579,-0.002615,0.0,0.0,True,0.0,True
assist2012,0,classical,mlp_stacked,"bkt,pfa,pfa_recency,elorasch",bkt,valid,445206,542817,5497,0.69794,0.680836,0.017104,0.015828,0.01833,0.0,0.003738,0.008537,-0.004798,-0.006637,-0.002579,0.0,0.0,True,0.0,True
assist2012,0,deep,logistic_stacked,"dkt,sakt,akt,simplekt",akt,valid,439766,536087,5497,0.777844,0.772909,0.004935,0.00457,0.005288,0.0,0.002019,0.014961,-0.012942,-0.014093,-0.010283,0.0,0.0,True,0.0,True
assist2012,0,deep,ridge_stacked,"dkt,sakt,akt,simplekt",akt,valid,439766,536087,5497,0.777844,0.772909,0.004935,0.00457,0.005289,0.0,0.002028,0.014961,-0.012932,-0.014075,-0.010297,0.0,0.0,True,0.0,True
assist2012,0,deep,bma,"dkt,sakt,akt,simplekt",akt,valid,439766,536087,5497,0.772909,0.772909,0.0,0.0,0.0,1.0,0.014961,0.014961,0.0,0.0,0.0,1.0,1.0,False,1.0,False
assist2012,0,deep,xgb_stacked,"dkt,sakt,akt,simplekt",akt,valid,439766,536087,5497,0.777942,0.772909,0.005034,0.004656,0.005393,0.0,0.002049,0.014961,-0.012912,-0.01386,-0.010278,0.0,0.0,True,0.0,True
assist2012,0,deep,mlp_stacked,"dkt,sakt,akt,simplekt",akt,valid,439766,536087,5497,0.777969,0.772909,0.00506,0.004698,0.005428,0.0,0.003377,0.014961,-0.011583,-0.012124,-0.010167,0.0,0.0,True,0.0,True
assist2012,1,classical,logistic_stacked,"bkt,pfa,pfa_recency,elorasch",bkt,valid,437974,542817,5497,0.696577,0.680724,0.015853,0.014572,0.017062,0.0,0.00398,0.008243,-0.004264,-0.006507,-0.002382,0.0,0.0,True,0.0,True
assist2012,1,classical,ridge_stacked,"bkt,pfa,pfa_recency,elorasch",bkt,valid,437974,542817,5497,0.696577,0.680724,0.015853,0.014572,0.017062,0.0,0.003977,0.008243,-0.004266,-0.006509,-0.002374,0.0,0.0,True,0.0,True
assist2012,1,classical,bma,"bkt,pfa,pfa_recency,elorasch",bkt,valid,437974,542817,5497,0.680724,0.680724,0.0,0.0,0.0,1.0,0.008243,0.008243,0.0,0.0,0.0,1.0,1.0,False,1.0,False
assist2012,1,classical,xgb_stacked,"bkt,pfa,pfa_recency,elorasch",bkt,valid,437974,542817,5497,0.699815,0.680724,0.019091,0.017683,0.020414,0.0,0.001887,0.008243,-0.006356,-0.008062,-0.003449,0.0,0.0,True,0.0,True
assist2012,1,classical,mlp_stacked,"bkt,pfa,pfa_recency,elorasch",bkt,valid,437974,542817,5497,0.697106,0.680724,0.016382,0.01505,0.017647,0.0,0.003187,0.008243,-0.005056,-0.007602,-0.002488,0.0,0.0,True,0.0,True
assist2012,1,deep,logistic_stacked,"dkt,sakt,akt,simplekt",akt,valid,432602,536087,5497,0.778036,0.772772,0.005263,0.004877,0.005626,0.0,0.002064,0.014935,-0.012871,-0.013445,-0.010663,0.0,0.0,True,0.0,True
assist2012,1,deep,ridge_stacked,"dkt,sakt,akt,simplekt",akt,valid,432602,536087,5497,0.778036,0.772772,0.005263,0.004877,0.005626,0.0,0.002064,0.014935,-0.012871,-0.013445,-0.010663,0.0,0.0,True,0.0,True
assist2012,1,deep,bma,"dkt,sakt,akt,simplekt",akt,valid,432602,536087,5497,0.772772,0.772772,0.0,0.0,0.0,1.0,0.014935,0.014935,0.0,0.0,0.0,1.0,1.0,False,1.0,False
assist2012,1,deep,xgb_stacked,"dkt,sakt,akt,simplekt",akt,valid,432602,536087,5497,0.778085,0.772772,0.005313,0.004913,0.005683,0.0,0.002176,0.014935,-0.012759,-0.013524,-0.010715,0.0,0.0,True,0.0,True
assist2012,1,deep,mlp_stacked,"dkt,sakt,akt,simplekt",akt,valid,432602,536087,5497,0.778014,0.772772,0.005242,0.004859,0.005597,0.0,0.005053,0.014935,-0.009882,-0.011973,-0.007501,0.0,0.0,True,0.0,True
assist2012,2,classical,logistic_stacked,"bkt,pfa,pfa_recency,elorasch",bkt,valid,430248,542817,5497,0.696493,0.680908,0.015585,0.014347,0.016748,0.0,0.003988,0.00762,-0.003632,-0.005668,-0.002365,0.0,0.0,True,0.0,True
assist2012,2,classical,ridge_stacked,"bkt,pfa,pfa_recency,elorasch",bkt,valid,430248,542817,5497,0.696493,0.680908,0.015586,0.014347,0.016748,0.0,0.003974,0.00762,-0.003646,-0.00567,-0.00236,0.0,0.0,True,0.0,True
assist2012,2,classical,bma,"bkt,pfa,pfa_recency,elorasch",bkt,valid,430248,542817,5497,0.680908,0.680908,0.0,0.0,0.0,1.0,0.00762,0.00762,0.0,0.0,0.0,1.0,1.0,False,1.0,False
assist2012,2,classical,xgb_stacked,"bkt,pfa,pfa_recency,elorasch",bkt,valid,430248,542817,5497,0.699822,0.680908,0.018914,0.017496,0.020187,0.0,0.002172,0.00762,-0.005448,-0.007044,-0.003556,0.0,0.0,True,0.0,True
assist2012,2,classical,mlp_stacked,"bkt,pfa,pfa_recency,elorasch",bkt,valid,430248,542817,5497,0.69812,0.680908,0.017212,0.015892,0.018429,0.0,0.005909,0.00762,-0.001711,-0.005444,0.000357,0.094,0.0,True,0.658,False
assist2012,2,deep,logistic_stacked,"dkt,sakt,akt,simplekt",akt,valid,424912,536087,5497,0.777755,0.771735,0.00602,0.005619,0.006413,0.0,0.001825,0.014769,-0.012944,-0.013703,-0.010223,0.0,0.0,True,0.0,True
assist2012,2,deep,ridge_stacked,"dkt,sakt,akt,simplekt",akt,valid,424912,536087,5497,0.777755,0.771735,0.00602,0.005619,0.006413,0.0,0.001824,0.014769,-0.012945,-0.013705,-0.010233,0.0,0.0,True,0.0,True
assist2012,2,deep,bma,"dkt,sakt,akt,simplekt",akt,valid,424912,536087,5497,0.771,0.771735,-0.000735,-0.00143,-4.3e-05,0.036,0.008496,0.014769,-0.006273,-0.007614,-0.004648,0.0,0.144,False,0.0,True
assist2012,2,deep,xgb_stacked,"dkt,sakt,akt,simplekt",akt,valid,424912,536087,5497,0.777955,0.771735,0.006221,0.005812,0.006626,0.0,0.001595,0.014769,-0.013175,-0.013709,-0.01084,0.0,0.0,True,0.0,True
assist2012,2,deep,mlp_stacked,"dkt,sakt,akt,simplekt",akt,valid,424912,536087,5497,0.777991,0.771735,0.006256,0.005855,0.006656,0.0,0.012276,0.014769,-0.002493,-0.003118,-0.001805,0.0,0.0,True,0.0,True
assist2012,3,classical,logistic_stacked,"bkt,pfa,pfa_recency,elorasch",bkt,valid,424542,542817,5497,0.696656,0.680942,0.015715,0.01441,0.016921,0.0,0.004079,0.008015,-0.003936,-0.005582,-0.002263,0.0,0.0,True,0.0,True
assist2012,3,classical,ridge_stacked,"bkt,pfa,pfa_recency,elorasch",bkt,valid,424542,542817,5497,0.696657,0.680942,0.015715,0.01441,0.016921,0.0,0.004077,0.008015,-0.003938,-0.005585,-0.002267,0.0,0.0,True,0.0,True
assist2012,3,classical,bma,"bkt,pfa,pfa_recency,elorasch",bkt,valid,424542,542817,5497,0.680942,0.680942,0.0,0.0,0.0,1.0,0.008015,0.008015,0.0,0.0,0.0,1.0,1.0,False,1.0,False
assist2012,3,classical,xgb_stacked,"bkt,pfa,pfa_recency,elorasch",bkt,valid,424542,542817,5497,0.699606,0.680942,0.018665,0.017256,0.01997,0.0,0.001958,0.008015,-0.006056,-0.007247,-0.003607,0.0,0.0,True,0.0,True
assist2012,3,classical,mlp_stacked,"bkt,pfa,pfa_recency,elorasch",bkt,valid,424542,542817,5497,0.697139,0.680942,0.016198,0.014845,0.017516,0.0,0.01312,0.008015,0.005105,0.000559,0.008024,0.027,0.0,True,0.216,False
assist2012,3,deep,logistic_stacked,"dkt,sakt,akt,simplekt",akt,valid,419158,536087,5497,0.777817,0.771509,0.006308,0.0059,0.006706,0.0,0.001666,0.014137,-0.012471,-0.013054,-0.010162,0.0,0.0,True,0.0,True
assist2012,3,deep,ridge_stacked,"dkt,sakt,akt,simplekt",akt,valid,419158,536087,5497,0.777817,0.771509,0.006308,0.0059,0.006706,0.0,0.001664,0.014137,-0.012472,-0.013052,-0.010159,0.0,0.0,True,0.0,True
assist2012,3,deep,bma,"dkt,sakt,akt,simplekt",akt,valid,419158,536087,5497,0.770207,0.771509,-0.001302,-0.001981,-0.000639,0.0,0.015383,0.014137,0.001246,-0.000893,0.003361,0.262,0.0,True,1.0,False
assist2012,3,deep,xgb_stacked,"dkt,sakt,akt,simplekt",akt,valid,419158,536087,5497,0.777875,0.771509,0.006366,0.005954,0.006757,0.0,0.002317,0.014137,-0.011819,-0.012485,-0.009622,0.0,0.0,True,0.0,True
assist2012,3,deep,mlp_stacked,"dkt,sakt,akt,simplekt",akt,valid,419158,536087,5497,0.777914,0.771509,0.006406,0.005997,0.006806,0.0,0.00778,0.014137,-0.006357,-0.006925,-0.005566,0.0,0.0,True,0.0,True
assist2012,4,classical,logistic_stacked,"bkt,pfa,pfa_recency,elorasch",bkt,valid,428860,542817,5497,0.696552,0.680866,0.015686,0.014409,0.016899,0.0,0.004083,0.008151,-0.004067,-0.006378,-0.00156,0.0,0.0,True,0.0,True
assist2012,4,classical,ridge_stacked,"bkt,pfa,pfa_recency,elorasch",bkt,valid,428860,542817,5497,0.696552,0.680866,0.015686,0.014409,0.0169,0.0,0.004088,0.008151,-0.004063,-0.006376,-0.001561,0.0,0.0,True,0.0,True
assist2012,4,classical,bma,"bkt,pfa,pfa_recency,elorasch",bkt,valid,428860,542817,5497,0.680866,0.680866,0.0,0.0,0.0,1.0,0.008151,0.008151,0.0,0.0,0.0,1.0,1.0,False,1.0,False
assist2012,4,classical,xgb_stacked,"bkt,pfa,pfa_recency,elorasch",bkt,valid,428860,542817,5497,0.69971,0.680866,0.018844,0.017446,0.02016,0.0,0.002552,0.008151,-0.005599,-0.007582,-0.002929,0.0,0.0,True,0.0,True
assist2012,4,classical,mlp_stacked,"bkt,pfa,pfa_recency,elorasch",bkt,valid,428860,542817,5497,0.697905,0.680866,0.017039,0.015628,0.018366,0.0,0.008078,0.008151,-7.3e-05,-0.004177,0.002852,0.921,0.0,True,1.0,False
assist2012,4,deep,logistic_stacked,"dkt,sakt,akt,simplekt",akt,valid,423475,536087,5497,0.778014,0.772492,0.005522,0.00512,0.005918,0.0,0.002003,0.01261,-0.010608,-0.011455,-0.008214,0.0,0.0,True,0.0,True
assist2012,4,deep,ridge_stacked,"dkt,sakt,akt,simplekt",akt,valid,423475,536087,5497,0.778014,0.772492,0.005522,0.00512,0.005918,0.0,0.002003,0.01261,-0.010607,-0.011455,-0.008213,0.0,0.0,True,0.0,True
assist2012,4,deep,bma,"dkt,sakt,akt,simplekt",akt,valid,423475,536087,5497,0.772492,0.772492,0.0,0.0,0.0,1.0,0.01261,0.01261,0.0,0.0,0.0,1.0,1.0,False,1.0,False
assist2012,4,deep,xgb_stacked,"dkt,sakt,akt,simplekt",akt,valid,423475,536087,5497,0.778183,0.772492,0.005691,0.005278,0.006088,0.0,0.001888,0.01261,-0.010723,-0.011366,-0.008188,0.0,0.0,True,0.0,True
assist2012,4,deep,mlp_stacked,"dkt,sakt,akt,simplekt",akt,valid,423475,536087,5497,0.778266,0.772492,0.005773,0.005375,0.006168,0.0,0.00664,0.01261,-0.005971,-0.006711,-0.004824,0.0,0.0,True,0.0,True
ednet,0,classical,logistic_stacked,"bkt,pfa,pfa_recency,elorasch",elorasch,valid,79103,133974,937,0.647442,0.641491,0.005951,0.003723,0.008623,0.0,0.012341,0.047139,-0.034798,-0.041866,-0.024786,0.0,0.0,True,0.0,True
ednet,0,classical,ridge_stacked,"bkt,pfa,pfa_recency,elorasch",elorasch,valid,79103,133974,937,0.647442,0.641491,0.005951,0.003725,0.008621,0.0,0.012347,0.047139,-0.034792,-0.0419,-0.024781,0.0,0.0,True,0.0,True
ednet,0,classical,bma,"bkt,pfa,pfa_recency,elorasch",elorasch,valid,79103,133974,937,0.62951,0.641491,-0.011981,-0.020089,-0.003479,0.001,0.018786,0.047139,-0.028353,-0.034866,-0.017638,0.002,0.005,True,0.014,True
ednet,0,classical,xgb_stacked,"bkt,pfa,pfa_recency,elorasch",elorasch,valid,79103,133974,937,0.647878,0.641491,0.006387,0.003811,0.009351,0.0,0.008873,0.047139,-0.038265,-0.046028,-0.02602,0.0,0.0,True,0.0,True
ednet,0,classical,mlp_stacked,"bkt,pfa,pfa_recency,elorasch",elorasch,valid,79103,133974,937,0.645343,0.641491,0.003852,0.000806,0.007327,0.016,0.006096,0.047139,-0.041042,-0.044238,-0.028385,0.0,0.048,True,0.0,True
ednet,0,deep,logistic_stacked,"dkt,sakt,akt,simplekt",simplekt,valid,77883,132209,937,0.665357,0.658462,0.006895,0.005414,0.00843,0.0,0.015092,0.148408,-0.133317,-0.139429,-0.117175,0.0,0.0,True,0.0,True
ednet,0,deep,ridge_stacked,"dkt,sakt,akt,simplekt",simplekt,valid,77883,132209,937,0.665358,0.658462,0.006896,0.005414,0.008431,0.0,0.015122,0.148408,-0.133287,-0.139445,-0.117175,0.0,0.0,True,0.0,True
ednet,0,deep,bma,"dkt,sakt,akt,simplekt",simplekt,valid,77883,132209,937,0.606431,0.658462,-0.052031,-0.057024,-0.047837,0.0,0.090556,0.148408,-0.057852,-0.061496,-0.053391,0.0,0.0,True,0.0,True
ednet,0,deep,xgb_stacked,"dkt,sakt,akt,simplekt",simplekt,valid,77883,132209,937,0.680314,0.658462,0.021852,0.018981,0.02461,0.0,0.008049,0.148408,-0.14036,-0.148446,-0.121783,0.0,0.0,True,0.0,True
ednet,0,deep,mlp_stacked,"dkt,sakt,akt,simplekt",simplekt,valid,77883,132209,937,0.673458,0.658462,0.014996,0.013104,0.016773,0.0,0.014534,0.148408,-0.133875,-0.141184,-0.117699,0.0,0.0,True,0.0,True
ednet,1,classical,logistic_stacked,"bkt,pfa,pfa_recency,elorasch",elorasch,valid,111863,133974,937,0.646918,0.640902,0.006016,0.003752,0.008776,0.0,0.010888,0.04591,-0.035022,-0.038743,-0.028918,0.0,0.0,True,0.0,True
ednet,1,classical,ridge_stacked,"bkt,pfa,pfa_recency,elorasch",elorasch,valid,111863,133974,937,0.646912,0.640902,0.00601,0.003674,0.008853,0.0,0.010484,0.04591,-0.035426,-0.038554,-0.029021,0.0,0.0,True,0.0,True
ednet,1,classical,bma,"bkt,pfa,pfa_recency,elorasch",elorasch,valid,111863,133974,937,0.640902,0.640902,0.0,0.0,0.0,1.0,0.04591,0.04591,0.0,0.0,0.0,1.0,1.0,False,1.0,False
ednet,1,classical,xgb_stacked,"bkt,pfa,pfa_recency,elorasch",elorasch,valid,111863,133974,937,0.647351,0.640902,0.006449,0.004383,0.009024,0.0,0.007266,0.04591,-0.038644,-0.042667,-0.030961,0.0,0.0,True,0.0,True
ednet,1,classical,mlp_stacked,"bkt,pfa,pfa_recency,elorasch",elorasch,valid,111863,133974,937,0.647364,0.640902,0.006462,0.00427,0.009159,0.0,0.013564,0.04591,-0.032346,-0.035285,-0.027574,0.0,0.0,True,0.0,True
ednet,1,deep,logistic_stacked,"dkt,sakt,akt,simplekt",simplekt,valid,110391,132209,937,0.664904,0.659407,0.005498,0.003774,0.007153,0.0,0.028481,0.132468,-0.103987,-0.118241,-0.08287,0.0,0.0,True,0.0,True
ednet,1,deep,ridge_stacked,"dkt,sakt,akt,simplekt",simplekt,valid,110391,132209,937,0.664905,0.659407,0.005498,0.003774,0.007153,0.0,0.028465,0.132468,-0.104003,-0.118208,-0.082874,0.0,0.0,True,0.0,True
ednet,1,deep,bma,"dkt,sakt,akt,simplekt",simplekt,valid,110391,132209,937,0.606841,0.659407,-0.052565,-0.05722,-0.048567,0.0,0.091434,0.132468,-0.041033,-0.044911,-0.036648,0.0,0.0,True,0.0,True
ednet,1,deep,xgb_stacked,"dkt,sakt,akt,simplekt",simplekt,valid,110391,132209,937,0.682529,0.659407,0.023122,0.019842,0.026336,0.0,0.023556,0.132468,-0.108912,-0.12809,-0.087322,0.0,0.0,True,0.0,True
ednet,1,deep,mlp_stacked,"dkt,sakt,akt,simplekt",simplekt,valid,110391,132209,937,0.679794,0.659407,0.020387,0.016971,0.023832,0.0,0.033796,0.132468,-0.098672,-0.119297,-0.075882,0.0,0.0,True,0.0,True
ednet,2,classical,logistic_stacked,"bkt,pfa,pfa_recency,elorasch",elorasch,valid,86355,133974,937,0.647616,0.641586,0.00603,0.003583,0.00892,0.0,0.011909,0.04684,-0.034931,-0.042109,-0.023745,0.0,0.0,True,0.0,True
ednet,2,classical,ridge_stacked,"bkt,pfa,pfa_recency,elorasch",elorasch,valid,86355,133974,937,0.647609,0.641586,0.006023,0.003466,0.009073,0.0,0.011452,0.04684,-0.035388,-0.042444,-0.024007,0.0,0.0,True,0.0,True
ednet,2,classical,bma,"bkt,pfa,pfa_recency,elorasch",elorasch,valid,86355,133974,937,0.629019,0.641586,-0.012567,-0.020893,-0.003952,0.0,0.017739,0.04684,-0.029101,-0.035277,-0.019127,0.001,0.0,True,0.01,True
ednet,2,classical,xgb_stacked,"bkt,pfa,pfa_recency,elorasch",elorasch,valid,86355,133974,937,0.647883,0.641586,0.006297,0.003081,0.010108,0.0,0.009432,0.04684,-0.037408,-0.045406,-0.024427,0.0,0.0,True,0.0,True
ednet,2,classical,mlp_stacked,"bkt,pfa,pfa_recency,elorasch",elorasch,valid,86355,133974,937,0.64819,0.641586,0.006604,0.004212,0.009706,0.0,0.01781,0.04684,-0.02903,-0.041188,-0.015864,0.001,0.0,True,0.01,True
ednet,2,deep,logistic_stacked,"dkt,sakt,akt,simplekt",simplekt,valid,85108,132209,937,0.662051,0.657867,0.004184,0.003164,0.005312,0.0,0.013229,0.146561,-0.133333,-0.140297,-0.118883,0.0,0.0,True,0.0,True
ednet,2,deep,ridge_stacked,"dkt,sakt,akt,simplekt",simplekt,valid,85108,132209,937,0.662051,0.657867,0.004185,0.003164,0.005313,0.0,0.013228,0.146561,-0.133333,-0.140297,-0.11887,0.0,0.0,True,0.0,True
ednet,2,deep,bma,"dkt,sakt,akt,simplekt",simplekt,valid,85108,132209,937,0.606587,0.657867,-0.05128,-0.056004,-0.047208,0.0,0.088401,0.146561,-0.058161,-0.061898,-0.054469,0.0,0.0,True,0.0,True
ednet,2,deep,xgb_stacked,"dkt,sakt,akt,simplekt",simplekt,valid,85108,132209,937,0.67921,0.657867,0.021343,0.018292,0.024316,0.0,0.006136,0.146561,-0.140426,-0.14709,-0.123218,0.0,0.0,True,0.0,True
ednet,2,deep,mlp_stacked,"dkt,sakt,akt,simplekt",simplekt,valid,85108,132209,937,0.674712,0.657867,0.016845,0.014477,0.019227,0.0,0.011329,0.146561,-0.135232,-0.145113,-0.116032,0.0,0.0,True,0.0,True
ednet,3,classical,logistic_stacked,"bkt,pfa,pfa_recency,elorasch",bkt,valid,91741,133974,937,0.646137,0.628835,0.017302,0.011168,0.023554,0.0,0.016856,0.018296,-0.00144,-0.010335,0.008044,0.814,0.0,True,1.0,False
ednet,3,classical,ridge_stacked,"bkt,pfa,pfa_recency,elorasch",bkt,valid,91741,133974,937,0.646087,0.628835,0.017252,0.011148,0.023479,0.0,0.017108,0.018296,-0.001188,-0.010481,0.008401,0.831,0.0,True,1.0,False
ednet,3,classical,bma,"bkt,pfa,pfa_recency,elorasch",bkt,valid,91741,133974,937,0.628835,0.628835,0.0,0.0,0.0,1.0,0.018296,0.018296,0.0,0.0,0.0,1.0,1.0,False,1.0,False
ednet,3,classical,xgb_stacked,"bkt,pfa,pfa_recency,elorasch",bkt,valid,91741,133974,937,0.646052,0.628835,0.017217,0.010655,0.023993,0.0,0.010697,0.018296,-0.007598,-0.013761,-0.000719,0.027,0.0,True,0.14400000000000002,False
ednet,3,classical,mlp_stacked,"bkt,pfa,pfa_recency,elorasch",bkt,valid,91741,133974,937,0.647647,0.628835,0.018812,0.011683,0.026424,0.0,0.011655,0.018296,-0.006641,-0.012041,-0.001113,0.024,0.0,True,0.14400000000000002,False
ednet,3,deep,logistic_stacked,"dkt,sakt,akt,simplekt",simplekt,valid,90433,132209,937,0.659729,0.65679,0.002939,0.002402,0.003503,0.0,0.022827,0.145087,-0.12226,-0.133799,-0.101696,0.0,0.0,True,0.0,True
ednet,3,deep,ridge_stacked,"dkt,sakt,akt,simplekt",simplekt,valid,90433,132209,937,0.65973,0.65679,0.00294,0.002403,0.003504,0.0,0.022797,0.145087,-0.12229,-0.133829,-0.101696,0.0,0.0,True,0.0,True
ednet,3,deep,bma,"dkt,sakt,akt,simplekt",simplekt,valid,90433,132209,937,0.606335,0.65679,-0.050455,-0.055347,-0.046044,0.0,0.089656,0.145087,-0.055431,-0.059562,-0.051631,0.0,0.0,True,0.0,True
ednet,3,deep,xgb_stacked,"dkt,sakt,akt,simplekt",simplekt,valid,90433,132209,937,0.679488,0.65679,0.022698,0.020375,0.025001,0.0,0.01764,0.145087,-0.127447,-0.14433,-0.104785,0.0,0.0,True,0.0,True
ednet,3,deep,mlp_stacked,"dkt,sakt,akt,simplekt",simplekt,valid,90433,132209,937,0.675944,0.65679,0.019154,0.01641,0.021776,0.0,0.033092,0.145087,-0.111995,-0.134267,-0.08851,0.0,0.0,True,0.0,True
ednet,4,classical,logistic_stacked,"bkt,pfa,pfa_recency,elorasch",elorasch,valid,93564,133974,937,0.647645,0.641109,0.006536,0.00456,0.008996,0.0,0.010886,0.045742,-0.034856,-0.039162,-0.028569,0.0,0.0,True,0.0,True
ednet,4,classical,ridge_stacked,"bkt,pfa,pfa_recency,elorasch",elorasch,valid,93564,133974,937,0.647645,0.641109,0.006536,0.004549,0.009014,0.0,0.010717,0.045742,-0.035025,-0.039179,-0.028626,0.0,0.0,True,0.0,True
ednet,4,classical,bma,"bkt,pfa,pfa_recency,elorasch",elorasch,valid,93564,133974,937,0.630503,0.641109,-0.010606,-0.018314,-0.002652,0.001,0.017963,0.045742,-0.027779,-0.033611,-0.017665,0.001,0.005,True,0.01,True
ednet,4,classical,xgb_stacked,"bkt,pfa,pfa_recency,elorasch",elorasch,valid,93564,133974,937,0.647992,0.641109,0.006883,0.004148,0.010018,0.0,0.00631,0.045742,-0.039432,-0.042804,-0.030315,0.0,0.0,True,0.0,True
ednet,4,classical,mlp_stacked,"bkt,pfa,pfa_recency,elorasch",elorasch,valid,93564,133974,937,0.648547,0.641109,0.007438,0.005421,0.009921,0.0,0.007729,0.045742,-0.038013,-0.041653,-0.028189,0.0,0.0,True,0.0,True
ednet,4,deep,logistic_stacked,"dkt,sakt,akt,simplekt",simplekt,valid,92249,132209,937,0.660204,0.653691,0.006513,0.004743,0.008265,0.0,0.017402,0.142891,-0.125489,-0.133321,-0.11321,0.0,0.0,True,0.0,True
ednet,4,deep,ridge_stacked,"dkt,sakt,akt,simplekt",simplekt,valid,92249,132209,937,0.660204,0.653691,0.006514,0.004743,0.008266,0.0,0.017416,0.142891,-0.125475,-0.133321,-0.113242,0.0,0.0,True,0.0,True
ednet,4,deep,bma,"dkt,sakt,akt,simplekt",simplekt,valid,92249,132209,937,0.604237,0.653691,-0.049454,-0.054345,-0.04543,0.0,0.091342,0.142891,-0.051549,-0.055862,-0.047454,0.0,0.0,True,0.0,True
ednet,4,deep,xgb_stacked,"dkt,sakt,akt,simplekt",simplekt,valid,92249,132209,937,0.678589,0.653691,0.024899,0.021573,0.028024,0.0,0.005304,0.142891,-0.137588,-0.144639,-0.118747,0.0,0.0,True,0.0,True
ednet,4,deep,mlp_stacked,"dkt,sakt,akt,simplekt",simplekt,valid,92249,132209,937,0.674521,0.653691,0.02083,0.017911,0.023541,0.0,0.009801,0.142891,-0.13309,-0.144394,-0.111957,0.0,0.0,True,0.0,True
