dataset,fold,meta_learner,best_single_model,best_single_selected_on,n_test,n_students,bootstrap_method,n_concepts_fit,gated_auc,gated_ece,best_single_auc,delta_auc_vs_best,auc_ci_low_vs_best,auc_ci_high_vs_best,auc_p_vs_best,best_single_ece,delta_ece_vs_best,ece_p_vs_best,stacked_auc,delta_auc_vs_stack,auc_ci_low_vs_stack,auc_ci_high_vs_stack,auc_p_vs_stack,stacked_ece,delta_ece_vs_stack,ece_p_vs_stack,auc_p_vs_best_holm,auc_p_vs_best_reject_holm,ece_p_vs_best_holm,ece_p_vs_best_reject_holm,auc_p_vs_stack_holm,auc_p_vs_stack_reject_holm,ece_p_vs_stack_holm,ece_p_vs_stack_reject_holm
assist2009,0,static_concept_weights,bkt,valid,53148,770,cluster,82,0.741486,0.008254,0.725239,0.016247,0.012715,0.019404,0.0,0.020236,-0.011982,0.0,0.740632,0.000854,-0.001099,0.002796,0.392,0.009901,-0.001647,0.524,0.0,True,0.0,True,1.0,False,1.0,False
assist2009,0,global_stack_concept_intercept,bkt,valid,53148,770,cluster,82,0.743256,0.008247,0.725239,0.018016,0.014503,0.021206,0.0,0.020236,-0.01199,0.0,0.740632,0.002623,0.001368,0.003852,0.0,0.009901,-0.001655,0.428,0.0,True,0.0,True,0.0,True,1.0,False
assist2009,0,linear_gating,bkt,valid,53148,770,cluster,-1,0.733838,0.035178,0.725239,0.008598,0.006228,0.010622,0.0,0.020236,0.014942,0.0,0.740632,-0.006795,-0.008493,-0.005007,0.0,0.009901,0.025277,0.0,0.0,True,0.0,True,0.0,True,0.0,True
assist2009,1,static_concept_weights,bkt,valid,53148,770,cluster,84,0.741585,0.008787,0.725276,0.016309,0.012388,0.019813,0.0,0.01942,-0.010633,0.002,0.740359,0.001226,-0.000968,0.003347,0.255,0.008561,0.000226,0.67,0.0,True,0.014,True,1.0,False,1.0,False
assist2009,1,global_stack_concept_intercept,bkt,valid,53148,770,cluster,84,0.74315,0.00912,0.725276,0.017875,0.014087,0.021116,0.0,0.01942,-0.0103,0.004,0.740359,0.002792,0.001659,0.003968,0.0,0.008561,0.000558,0.756,0.0,True,0.02,True,0.0,True,1.0,False
assist2009,1,linear_gating,bkt,valid,53148,770,cluster,-1,0.733188,0.035689,0.725276,0.007912,0.005484,0.009966,0.0,0.01942,0.016269,0.0,0.740359,-0.007171,-0.008929,-0.005281,0.0,0.008561,0.027127,0.0,0.0,True,0.0,True,0.0,True,0.0,True
assist2009,2,static_concept_weights,bkt,valid,53148,770,cluster,90,0.73941,0.013286,0.72581,0.013599,0.009965,0.016923,0.0,0.018534,-0.005248,0.069,0.740806,-0.001396,-0.003716,0.00082,0.237,0.01094,0.002347,0.572,0.0,True,0.069,False,1.0,False,1.0,False
assist2009,2,global_stack_concept_intercept,bkt,valid,53148,770,cluster,90,0.743056,0.009541,0.72581,0.017246,0.013701,0.020386,0.0,0.018534,-0.008993,0.007,0.740806,0.00225,0.000929,0.003494,0.0,0.01094,-0.001399,0.412,0.0,True,0.021,True,0.0,True,1.0,False
assist2009,2,linear_gating,bkt,valid,53148,770,cluster,-1,0.733762,0.03543,0.72581,0.007952,0.005661,0.009948,0.0,0.018534,0.016896,0.0,0.740806,-0.007044,-0.008717,-0.005266,0.0,0.01094,0.024491,0.0,0.0,True,0.0,True,0.0,True,0.0,True
assist2009,3,static_concept_weights,bkt,valid,53148,770,cluster,88,0.739213,0.013324,0.726632,0.012581,0.008561,0.016224,0.0,0.019525,-0.006201,0.015,0.741027,-0.001814,-0.005381,0.001197,0.242,0.012802,0.000522,0.711,0.0,True,0.03,True,1.0,False,1.0,False
assist2009,3,global_stack_concept_intercept,bkt,valid,53148,770,cluster,88,0.743167,0.008914,0.726632,0.016535,0.013227,0.019377,0.0,0.019525,-0.010611,0.0,0.741027,0.00214,0.000777,0.003345,0.005,0.012802,-0.003889,0.101,0.0,True,0.0,True,0.03,True,1.0,False
assist2009,3,linear_gating,bkt,valid,53148,770,cluster,-1,0.733683,0.0346,0.726632,0.007051,0.004665,0.009064,0.0,0.019525,0.015075,0.0,0.741027,-0.007344,-0.008797,-0.005736,0.0,0.012802,0.021797,0.0,0.0,True,0.0,True,0.0,True,0.0,True
assist2009,4,static_concept_weights,bkt,valid,53148,770,cluster,83,0.740214,0.010724,0.725994,0.01422,0.010579,0.017516,0.0,0.020951,-0.010226,0.004,0.740513,-0.000299,-0.002955,0.002198,0.851,0.011005,-0.00028,0.677,0.0,True,0.02,True,1.0,False,1.0,False
assist2009,4,global_stack_concept_intercept,bkt,valid,53148,770,cluster,83,0.742768,0.008606,0.725994,0.016774,0.013405,0.019805,0.0,0.020951,-0.012345,0.002,0.740513,0.002255,0.000979,0.003511,0.0,0.011005,-0.002399,0.299,0.0,True,0.014,True,0.0,True,1.0,False
assist2009,4,linear_gating,bkt,valid,53148,770,cluster,-1,0.733804,0.035697,0.725994,0.00781,0.005488,0.009818,0.0,0.020951,0.014747,0.0,0.740513,-0.006709,-0.008184,-0.005127,0.0,0.011005,0.024693,0.0,0.0,True,0.0,True,0.0,True,0.0,True
assist2015,0,static_concept_weights,bkt,valid,138458,3818,cluster,100,0.708302,0.007229,0.69884,0.009462,0.007853,0.011216,0.0,0.007777,-0.000548,0.589,0.706784,0.001519,0.000404,0.002704,0.01,0.007482,-0.000253,0.757,0.0,True,1.0,False,0.03,True,1.0,False
assist2015,0,global_stack_concept_intercept,bkt,valid,138458,3818,cluster,100,0.709766,0.006943,0.69884,0.010926,0.00931,0.012758,0.0,0.007777,-0.000834,0.497,0.706784,0.002982,0.002048,0.003966,0.0,0.007482,-0.000538,0.659,0.0,True,1.0,False,0.0,True,1.0,False
assist2015,0,linear_gating,bkt,valid,138458,3818,cluster,-1,0.697177,0.018614,0.69884,-0.001662,-0.002921,-0.000417,0.009,0.007777,0.010836,0.0,0.706784,-0.009606,-0.011195,-0.008109,0.0,0.007482,0.011132,0.0,0.045,True,0.0,True,0.0,True,0.0,True
assist2015,1,static_concept_weights,bkt,valid,138458,3818,cluster,100,0.708644,0.008255,0.698996,0.009648,0.008011,0.011387,0.0,0.00726,0.000995,0.346,0.706939,0.001705,0.000665,0.002679,0.0,0.006968,0.001287,0.183,0.0,True,1.0,False,0.0,True,1.0,False
assist2015,1,global_stack_concept_intercept,bkt,valid,138458,3818,cluster,100,0.709649,0.008728,0.698996,0.010653,0.009083,0.012345,0.0,0.00726,0.001468,0.226,0.706939,0.00271,0.001883,0.003501,0.0,0.006968,0.00176,0.152,0.0,True,1.0,False,0.0,True,1.0,False
assist2015,1,linear_gating,bkt,valid,138458,3818,cluster,-1,0.697525,0.017643,0.698996,-0.001471,-0.002631,-0.000279,0.017,0.00726,0.010383,0.0,0.706939,-0.009414,-0.010724,-0.008186,0.0,0.006968,0.010675,0.0,0.068,False,0.0,True,0.0,True,0.0,True
assist2015,2,static_concept_weights,bkt,valid,138458,3818,cluster,99,0.70852,0.007594,0.699136,0.009384,0.007689,0.011276,0.0,0.006997,0.000596,0.701,0.707186,0.001333,0.000185,0.002428,0.02,0.00737,0.000224,0.725,0.0,True,1.0,False,0.04,True,1.0,False
assist2015,2,global_stack_concept_intercept,bkt,valid,138458,3818,cluster,99,0.709949,0.007797,0.699136,0.010814,0.009102,0.012682,0.0,0.006997,0.0008,0.572,0.707186,0.002763,0.001858,0.003683,0.0,0.00737,0.000427,0.603,0.0,True,1.0,False,0.0,True,1.0,False
assist2015,2,linear_gating,bkt,valid,138458,3818,cluster,-1,0.697662,0.01777,0.699136,-0.001474,-0.002699,-0.000255,0.017,0.006997,0.010773,0.0,0.707186,-0.009525,-0.01098,-0.008138,0.0,0.00737,0.0104,0.0,0.068,False,0.0,True,0.0,True,0.0,True
assist2015,3,static_concept_weights,bkt,valid,138458,3818,cluster,100,0.708939,0.00599,0.698987,0.009953,0.0083,0.011762,0.0,0.008391,-0.002401,0.203,0.706967,0.001972,0.000961,0.002993,0.0,0.004517,0.001473,0.294,0.0,True,1.0,False,0.0,True,1.0,False
assist2015,3,global_stack_concept_intercept,bkt,valid,138458,3818,cluster,100,0.710153,0.005031,0.698987,0.011167,0.009584,0.012936,0.0,0.008391,-0.00336,0.038,0.706967,0.003186,0.002343,0.004054,0.0,0.004517,0.000514,0.811,0.0,True,0.38,False,0.0,True,1.0,False
assist2015,3,linear_gating,bkt,valid,138458,3818,cluster,-1,0.697456,0.017683,0.698987,-0.001531,-0.002854,-0.00024,0.017,0.008391,0.009292,0.0,0.706967,-0.009511,-0.011087,-0.008098,0.0,0.004517,0.013166,0.0,0.068,False,0.0,True,0.0,True,0.0,True
assist2015,4,static_concept_weights,bkt,valid,138458,3818,cluster,100,0.707412,0.004477,0.699203,0.008209,0.00609,0.010247,0.0,0.007015,-0.002538,0.042,0.706652,0.00076,-0.000983,0.002186,0.327,0.006304,-0.001827,0.311,0.0,True,0.38,False,0.327,False,1.0,False
assist2015,4,global_stack_concept_intercept,bkt,valid,138458,3818,cluster,100,0.70963,0.005077,0.699203,0.010427,0.008785,0.012237,0.0,0.007015,-0.001938,0.081,0.706652,0.002977,0.002122,0.003872,0.0,0.006304,-0.001227,0.51,0.0,True,0.648,False,0.0,True,1.0,False
assist2015,4,linear_gating,bkt,valid,138458,3818,cluster,-1,0.700072,0.018593,0.699203,0.00087,-0.00032,0.002074,0.136,0.007015,0.011579,0.0,0.706652,-0.00658,-0.007579,-0.005613,0.0,0.006304,0.01229,0.0,0.136,False,0.0,True,0.0,True,0.0,True
assist2017,0,static_concept_weights,elorasch,valid,178823,341,cluster,90,0.655344,0.008371,0.639886,0.015458,0.012538,0.01847,0.0,0.028824,-0.020454,0.0,0.654412,0.000932,-0.000237,0.002148,0.121,0.010094,-0.001723,0.077,0.0,True,0.0,True,0.124,False,0.693,False
assist2017,0,global_stack_concept_intercept,elorasch,valid,178823,341,cluster,90,0.655277,0.009718,0.639886,0.015392,0.01242,0.018305,0.0,0.028824,-0.019107,0.0,0.654412,0.000866,-3.5e-05,0.001758,0.062,0.010094,-0.000376,0.565,0.0,True,0.0,True,0.124,False,1.0,False
assist2017,0,linear_gating,elorasch,valid,178823,341,cluster,-1,0.650355,0.027905,0.639886,0.010469,0.007192,0.014112,0.0,0.028824,-0.000919,0.694,0.654412,-0.004057,-0.005425,-0.002686,0.0,0.010094,0.017811,0.0,0.0,True,1.0,False,0.0,True,0.0,True
assist2017,1,static_concept_weights,elorasch,valid,178823,341,cluster,89,0.655947,0.010111,0.640084,0.015864,0.013041,0.018759,0.0,0.027391,-0.01728,0.0,0.654456,0.001492,0.000324,0.002737,0.015,0.010512,-0.000401,0.626,0.0,True,0.0,True,0.075,False,1.0,False
assist2017,1,global_stack_concept_intercept,elorasch,valid,178823,341,cluster,89,0.656229,0.008885,0.640084,0.016146,0.013375,0.018948,0.0,0.027391,-0.018506,0.0,0.654456,0.001774,0.000995,0.002555,0.0,0.010512,-0.001627,0.173,0.0,True,0.0,True,0.0,True,1.0,False
assist2017,1,linear_gating,elorasch,valid,178823,341,cluster,-1,0.650412,0.027787,0.640084,0.010329,0.007164,0.013826,0.0,0.027391,0.000396,0.749,0.654456,-0.004043,-0.005395,-0.002724,0.0,0.010512,0.017275,0.0,0.0,True,1.0,False,0.0,True,0.0,True
assist2017,2,static_concept_weights,elorasch,valid,178823,341,cluster,89,0.655889,0.008934,0.639874,0.016015,0.013254,0.018905,0.0,0.027428,-0.018494,0.0,0.654314,0.001575,0.000274,0.002824,0.019,0.01149,-0.002555,0.099,0.0,True,0.0,True,0.076,False,0.792,False
assist2017,2,global_stack_concept_intercept,elorasch,valid,178823,341,cluster,89,0.65582,0.009204,0.639874,0.015947,0.013172,0.018702,0.0,0.027428,-0.018224,0.0,0.654314,0.001507,0.000665,0.00235,0.0,0.01149,-0.002285,0.025,0.0,True,0.0,True,0.0,True,0.25,False
assist2017,2,linear_gating,elorasch,valid,178823,341,cluster,-1,0.650127,0.027399,0.639874,0.010254,0.007013,0.013815,0.0,0.027428,-2.9e-05,0.809,0.654314,-0.004186,-0.005574,-0.002837,0.0,0.01149,0.01591,0.0,0.0,True,1.0,False,0.0,True,0.0,True
assist2017,3,static_concept_weights,elorasch,valid,178823,341,cluster,91,0.656514,0.011023,0.640106,0.016407,0.013726,0.019162,0.0,0.028215,-0.017191,0.0,0.654629,0.001884,0.000768,0.003012,0.002,0.011962,-0.000938,0.293,0.0,True,0.0,True,0.012,True,1.0,False
assist2017,3,global_stack_concept_intercept,elorasch,valid,178823,341,cluster,91,0.656578,0.011658,0.640106,0.016471,0.013786,0.019153,0.0,0.028215,-0.016557,0.0,0.654629,0.001948,0.001192,0.002691,0.0,0.011962,-0.000304,0.602,0.0,True,0.0,True,0.0,True,1.0,False
assist2017,3,linear_gating,elorasch,valid,178823,341,cluster,-1,0.649744,0.026427,0.640106,0.009638,0.006387,0.013215,0.0,0.028215,-0.001787,0.283,0.654629,-0.004885,-0.006218,-0.003607,0.0,0.011962,0.014466,0.0,0.0,True,1.0,False,0.0,True,0.0,True
assist2017,4,static_concept_weights,elorasch,valid,178823,341,cluster,90,0.656064,0.009809,0.640697,0.015367,0.012538,0.018204,0.0,0.028382,-0.018574,0.0,0.654598,0.001466,0.00024,0.002615,0.026,0.010716,-0.000907,0.54,0.0,True,0.0,True,0.078,False,1.0,False
assist2017,4,global_stack_concept_intercept,elorasch,valid,178823,341,cluster,90,0.655962,0.009659,0.640697,0.015265,0.012652,0.017879,0.0,0.028382,-0.018724,0.0,0.654598,0.001365,0.00061,0.00211,0.0,0.010716,-0.001058,0.108,0.0,True,0.0,True,0.0,True,0.792,False
assist2017,4,linear_gating,elorasch,valid,178823,341,cluster,-1,0.649561,0.026341,0.640697,0.008864,0.005571,0.012444,0.0,0.028382,-0.002042,0.141,0.654598,-0.005037,-0.006487,-0.003643,0.0,0.010716,0.015625,0.0,0.0,True,0.705,False,0.0,True,0.0,True
algebra2005,0,static_concept_weights,bkt,valid,93595,114,cluster,61,0.76232,0.008682,0.750809,0.011511,0.00642,0.015583,0.001,0.013983,-0.005301,0.063,0.758411,0.003909,0.001488,0.006015,0.001,0.014264,-0.005582,0.023,0.007,True,0.6960000000000001,False,0.003,True,0.322,False
algebra2005,0,global_stack_concept_intercept,bkt,valid,93595,114,cluster,61,0.762031,0.008773,0.750809,0.011222,0.006401,0.01503,0.0,0.013983,-0.00521,0.058,0.758411,0.00362,0.001858,0.0052,0.0,0.014264,-0.005491,0.008,0.0,True,0.6960000000000001,False,0.0,True,0.12,False
algebra2005,0,linear_gating,bkt,valid,93595,114,cluster,-1,0.753072,0.016091,0.750809,0.002262,-0.001079,0.004975,0.212,0.013983,0.002108,0.676,0.758411,-0.005339,-0.006873,-0.00393,0.0,0.014264,0.001827,0.427,0.848,False,1.0,False,0.0,True,1.0,False
algebra2005,1,static_concept_weights,bkt,valid,93595,114,cluster,65,0.763057,0.016333,0.750079,0.012977,0.007872,0.017185,0.0,0.01567,0.000664,0.929,0.758625,0.004432,0.002577,0.005997,0.0,0.017044,-0.000711,0.393,0.0,True,1.0,False,0.0,True,1.0,False
algebra2005,1,global_stack_concept_intercept,bkt,valid,93595,114,cluster,65,0.762532,0.016043,0.750079,0.012453,0.007492,0.016305,0.0,0.01567,0.000374,0.962,0.758625,0.003907,0.002279,0.005296,0.0,0.017044,-0.001001,0.281,0.0,True,1.0,False,0.0,True,1.0,False
algebra2005,1,linear_gating,bkt,valid,93595,114,cluster,-1,0.753198,0.017334,0.750079,0.003118,-0.000693,0.006024,0.124,0.01567,0.001664,0.654,0.758625,-0.005427,-0.007149,-0.003812,0.0,0.017044,0.00029,0.752,0.62,False,1.0,False,0.0,True,1.0,False
algebra2005,2,static_concept_weights,bkt,valid,93595,114,cluster,62,0.761992,0.008582,0.750231,0.011761,0.006855,0.01559,0.0,0.012839,-0.004257,0.042,0.75754,0.004453,0.002395,0.006374,0.0,0.011937,-0.003355,0.067,0.0,True,0.546,False,0.0,True,0.7370000000000001,False
algebra2005,2,global_stack_concept_intercept,bkt,valid,93595,114,cluster,62,0.761258,0.007899,0.750231,0.011027,0.005851,0.014951,0.0,0.012839,-0.00494,0.033,0.75754,0.003719,0.001525,0.005542,0.001,0.011937,-0.004039,0.039,0.0,True,0.462,False,0.003,True,0.507,False
algebra2005,2,linear_gating,bkt,valid,93595,114,cluster,-1,0.751874,0.017131,0.750231,0.001643,-0.001624,0.004121,0.342,0.012839,0.004292,0.148,0.75754,-0.005666,-0.007301,-0.004146,0.0,0.011937,0.005194,0.071,1.0,False,1.0,False,0.0,True,0.7370000000000001,False
algebra2005,3,static_concept_weights,bkt,valid,93595,114,cluster,61,0.762992,0.01069,0.750609,0.012383,0.007324,0.016344,0.0,0.014198,-0.003508,0.19,0.757821,0.00517,0.002737,0.007145,0.0,0.013048,-0.002357,0.38,0.0,True,1.0,False,0.0,True,1.0,False
algebra2005,3,global_stack_concept_intercept,bkt,valid,93595,114,cluster,61,0.762117,0.010803,0.750609,0.011508,0.006522,0.01547,0.0,0.014198,-0.003395,0.249,0.757821,0.004295,0.002066,0.006094,0.0,0.013048,-0.002244,0.45,0.0,True,1.0,False,0.0,True,1.0,False
algebra2005,3,linear_gating,bkt,valid,93595,114,cluster,-1,0.751034,0.017409,0.750609,0.000425,-0.002622,0.002881,0.868,0.014198,0.003211,0.21,0.757821,-0.006787,-0.008498,-0.005137,0.0,0.013048,0.004362,0.104,1.0,False,1.0,False,0.0,True,0.9359999999999999,False
algebra2005,4,static_concept_weights,bkt,valid,93595,114,cluster,57,0.761997,0.009116,0.750802,0.011194,0.006161,0.015116,0.001,0.01546,-0.006345,0.062,0.758038,0.003958,0.001414,0.006377,0.001,0.011547,-0.002432,0.58,0.007,True,0.6960000000000001,False,0.003,True,1.0,False
algebra2005,4,global_stack_concept_intercept,bkt,valid,93595,114,cluster,57,0.762062,0.008452,0.750802,0.01126,0.006137,0.015232,0.0,0.01546,-0.007008,0.025,0.758038,0.004024,0.001984,0.005806,0.0,0.011547,-0.003095,0.328,0.0,True,0.375,False,0.0,True,1.0,False
algebra2005,4,linear_gating,bkt,valid,93595,114,cluster,-1,0.75027,0.016787,0.750802,-0.000532,-0.003771,0.002028,0.616,0.01546,0.001327,0.502,0.758038,-0.007768,-0.009816,-0.005745,0.0,0.011547,0.00524,0.042,1.0,False,1.0,False,0.0,True,0.507,False
bridge2algebra2006,0,static_concept_weights,pfa_recency,valid,354262,229,cluster,344,0.760226,0.006543,0.74856,0.011666,0.009839,0.013639,0.0,0.011658,-0.005115,0.0,0.758376,0.00185,0.000134,0.00361,0.029,0.006262,0.000281,0.588,0.0,True,0.0,True,0.156,False,0.588,False
bridge2algebra2006,0,global_stack_concept_intercept,pfa_recency,valid,354262,229,cluster,344,0.760334,0.005428,0.74856,0.011774,0.009746,0.013861,0.0,0.011658,-0.00623,0.0,0.758376,0.001958,0.000587,0.003409,0.009,0.006262,-0.000834,0.068,0.0,True,0.0,True,0.08099999999999999,False,0.136,False
bridge2algebra2006,0,linear_gating,pfa_recency,valid,354262,229,cluster,-1,0.751216,0.021162,0.74856,0.002656,0.001083,0.004149,0.001,0.011658,0.009504,0.0,0.758376,-0.00716,-0.008141,-0.006178,0.0,0.006262,0.0149,0.0,0.003,True,0.0,True,0.0,True,0.0,True
bridge2algebra2006,1,static_concept_weights,bkt,valid,354262,229,cluster,363,0.760062,0.003553,0.746771,0.013292,0.010464,0.016482,0.0,0.010514,-0.00696,0.0,0.757933,0.002129,0.000617,0.00364,0.006,0.007707,-0.004154,0.0,0.0,True,0.0,True,0.06,False,0.0,True
bridge2algebra2006,1,global_stack_concept_intercept,bkt,valid,354262,229,cluster,363,0.759276,0.00568,0.746771,0.012505,0.009613,0.015652,0.0,0.010514,-0.004834,0.0,0.757933,0.001342,-7.5e-05,0.002786,0.063,0.007707,-0.002027,0.001,0.0,True,0.0,True,0.252,False,0.008,True
bridge2algebra2006,1,linear_gating,bkt,valid,354262,229,cluster,-1,0.750657,0.020983,0.746771,0.003886,0.001939,0.006034,0.0,0.010514,0.010469,0.0,0.757933,-0.007277,-0.008307,-0.006217,0.0,0.007707,0.013276,0.0,0.0,True,0.0,True,0.0,True,0.0,True
bridge2algebra2006,2,static_concept_weights,pfa_recency,valid,354262,229,cluster,370,0.759551,0.005595,0.748654,0.010897,0.008943,0.013055,0.0,0.011067,-0.005472,0.0,0.758282,0.001269,-0.000548,0.003165,0.193,0.007817,-0.002222,0.011,0.0,True,0.0,True,0.579,False,0.048,True
bridge2algebra2006,2,global_stack_concept_intercept,pfa_recency,valid,354262,229,cluster,370,0.76006,0.00596,0.748654,0.011406,0.009405,0.013458,0.0,0.011067,-0.005107,0.0,0.758282,0.001778,0.000223,0.003507,0.026,0.007817,-0.001858,0.014,0.0,True,0.0,True,0.156,False,0.048,True
bridge2algebra2006,2,linear_gating,pfa_recency,valid,354262,229,cluster,-1,0.750772,0.020229,0.748654,0.002119,0.000528,0.003639,0.011,0.011067,0.009163,0.0,0.758282,-0.007509,-0.008414,-0.006582,0.0,0.007817,0.012412,0.0,0.011,True,0.0,True,0.0,True,0.0,True
bridge2algebra2006,3,static_concept_weights,pfa_recency,valid,354262,229,cluster,375,0.759526,0.004408,0.748474,0.011052,0.008579,0.013381,0.0,0.011135,-0.006727,0.0,0.758437,0.001089,-0.000587,0.002724,0.199,0.007316,-0.002908,0.009,0.0,True,0.0,True,0.579,False,0.048,True
bridge2algebra2006,3,global_stack_concept_intercept,pfa_recency,valid,354262,229,cluster,375,0.760118,0.004158,0.748474,0.011643,0.009507,0.013772,0.0,0.011135,-0.006977,0.0,0.758437,0.001681,0.000337,0.00312,0.018,0.007316,-0.003158,0.008,0.0,True,0.0,True,0.126,False,0.048,True
bridge2algebra2006,3,linear_gating,pfa_recency,valid,354262,229,cluster,-1,0.751457,0.020959,0.748474,0.002983,0.001449,0.00443,0.0,0.011135,0.009824,0.0,0.758437,-0.00698,-0.007974,-0.005914,0.0,0.007316,0.013643,0.0,0.0,True,0.0,True,0.0,True,0.0,True
bridge2algebra2006,4,static_concept_weights,pfa_recency,valid,354262,229,cluster,367,0.760462,0.004185,0.74841,0.012052,0.010124,0.014032,0.0,0.011269,-0.007084,0.0,0.758511,0.00195,0.000597,0.003443,0.012,0.006902,-0.002717,0.001,0.0,True,0.0,True,0.096,False,0.008,True
bridge2algebra2006,4,global_stack_concept_intercept,pfa_recency,valid,354262,229,cluster,367,0.75934,0.004386,0.74841,0.01093,0.009024,0.012915,0.0,0.011269,-0.006883,0.0,0.758511,0.000829,-0.000608,0.002329,0.24,0.006902,-0.002516,0.0,0.0,True,0.0,True,0.579,False,0.0,True
bridge2algebra2006,4,linear_gating,pfa_recency,valid,354262,229,cluster,-1,0.750657,0.020798,0.74841,0.002246,0.000681,0.003771,0.005,0.011269,0.009529,0.0,0.758511,-0.007855,-0.00885,-0.006839,0.0,0.006902,0.013896,0.0,0.01,True,0.0,True,0.0,True,0.0,True
assist2012,0,static_concept_weights,bkt,valid,542817,5497,cluster,208,0.698861,0.002642,0.680836,0.018024,0.016543,0.019408,0.0,0.008537,-0.005894,0.0,0.696544,0.002316,0.001775,0.002896,0.0,0.004652,-0.00201,0.019,0.0,True,0.0,True,0.0,True,0.19,False
assist2012,0,global_stack_concept_intercept,bkt,valid,542817,5497,cluster,208,0.69883,0.00428,0.680836,0.017993,0.016533,0.01935,0.0,0.008537,-0.004257,0.0,0.696544,0.002285,0.001815,0.002749,0.0,0.004652,-0.000373,0.558,0.0,True,0.0,True,0.0,True,1.0,False
assist2012,0,linear_gating,bkt,valid,542817,5497,cluster,-1,0.687551,0.024809,0.680836,0.006714,0.005896,0.007442,0.0,0.008537,0.016272,0.0,0.696544,-0.008994,-0.009744,-0.00828,0.0,0.004652,0.020156,0.0,0.0,True,0.0,True,0.0,True,0.0,True
assist2012,1,static_concept_weights,bkt,valid,542817,5497,cluster,207,0.698682,0.003355,0.680724,0.017958,0.016489,0.019342,0.0,0.008243,-0.004888,0.0,0.696577,0.002105,0.001519,0.002707,0.0,0.00398,-0.000624,0.54,0.0,True,0.0,True,0.0,True,1.0,False
assist2012,1,global_stack_concept_intercept,bkt,valid,542817,5497,cluster,207,0.698924,0.003748,0.680724,0.018199,0.016728,0.019583,0.0,0.008243,-0.004495,0.0,0.696577,0.002347,0.001854,0.002831,0.0,0.00398,-0.000231,0.845,0.0,True,0.0,True,0.0,True,1.0,False
assist2012,1,linear_gating,bkt,valid,542817,5497,cluster,-1,0.687035,0.02511,0.680724,0.006311,0.005453,0.007069,0.0,0.008243,0.016867,0.0,0.696577,-0.009542,-0.010347,-0.008787,0.0,0.00398,0.021131,0.0,0.0,True,0.0,True,0.0,True,0.0,True
assist2012,2,static_concept_weights,bkt,valid,542817,5497,cluster,208,0.698471,0.004077,0.680908,0.017563,0.016096,0.018969,0.0,0.00762,-0.003543,0.0,0.696493,0.001977,0.001228,0.002711,0.0,0.003988,9e-05,0.797,0.0,True,0.0,True,0.0,True,1.0,False
assist2012,2,global_stack_concept_intercept,bkt,valid,542817,5497,cluster,208,0.698965,0.004508,0.680908,0.018057,0.016584,0.0194,0.0,0.00762,-0.003112,0.0,0.696493,0.002471,0.001923,0.003036,0.0,0.003988,0.00052,0.319,0.0,True,0.0,True,0.0,True,1.0,False
assist2012,2,linear_gating,bkt,valid,542817,5497,cluster,-1,0.686972,0.025119,0.680908,0.006064,0.005189,0.006829,0.0,0.00762,0.017499,0.0,0.696493,-0.009521,-0.010337,-0.008766,0.0,0.003988,0.021132,0.0,0.0,True,0.0,True,0.0,True,0.0,True
assist2012,3,static_concept_weights,bkt,valid,542817,5497,cluster,205,0.698774,0.00478,0.680942,0.017832,0.016335,0.019297,0.0,0.008015,-0.003235,0.0,0.696656,0.002117,0.001499,0.002713,0.0,0.004079,0.000701,0.361,0.0,True,0.0,True,0.0,True,1.0,False
assist2012,3,global_stack_concept_intercept,bkt,valid,542817,5497,cluster,205,0.698821,0.004906,0.680942,0.017879,0.016432,0.019263,0.0,0.008015,-0.003109,0.0,0.696656,0.002165,0.001651,0.002686,0.0,0.004079,0.000827,0.176,0.0,True,0.0,True,0.0,True,1.0,False
assist2012,3,linear_gating,bkt,valid,542817,5497,cluster,-1,0.688004,0.025783,0.680942,0.007062,0.006189,0.007829,0.0,0.008015,0.017768,0.0,0.696656,-0.008653,-0.009404,-0.007941,0.0,0.004079,0.021703,0.0,0.0,True,0.0,True,0.0,True,0.0,True
assist2012,4,static_concept_weights,bkt,valid,542817,5497,cluster,209,0.698722,0.002723,0.680866,0.017856,0.016347,0.019349,0.0,0.008151,-0.005428,0.0,0.696552,0.00217,0.001516,0.002795,0.0,0.004083,-0.001361,0.15,0.0,True,0.0,True,0.0,True,1.0,False
assist2012,4,global_stack_concept_intercept,bkt,valid,542817,5497,cluster,209,0.699018,0.003739,0.680866,0.018153,0.016661,0.019561,0.0,0.008151,-0.004411,0.0,0.696552,0.002467,0.001965,0.002965,0.0,0.004083,-0.000344,0.411,0.0,True,0.0,True,0.0,True,1.0,False
assist2012,4,linear_gating,bkt,valid,542817,5497,cluster,-1,0.687443,0.025274,0.680866,0.006577,0.005721,0.007362,0.0,0.008151,0.017124,0.0,0.696552,-0.009109,-0.009876,-0.008374,0.0,0.004083,0.021191,0.0,0.0,True,0.0,True,0.0,True,0.0,True
ednet,0,static_concept_weights,elorasch,valid,133974,937,cluster,91,0.644662,0.014172,0.641491,0.003171,-0.000635,0.007764,0.11,0.047139,-0.032967,0.0,0.647552,-0.00289,-0.005958,0.00014,0.069,0.011674,0.002498,0.223,0.11,False,0.0,True,0.48300000000000004,False,1.0,False
ednet,0,global_stack_concept_intercept,elorasch,valid,133974,937,cluster,91,0.647092,0.014895,0.641491,0.005601,0.003009,0.008747,0.0,0.047139,-0.032244,0.0,0.647552,-0.00046,-0.001847,0.001065,0.569,0.011674,0.003221,0.201,0.0,True,0.0,True,1.0,False,1.0,False
ednet,0,linear_gating,elorasch,valid,133974,937,cluster,-1,0.635242,0.04406,0.641491,-0.006249,-0.009464,-0.002162,0.002,0.047139,-0.003079,0.505,0.647552,-0.012311,-0.014694,-0.010023,0.0,0.011674,0.032386,0.0,0.014,True,1.0,False,0.0,True,0.0,True
ednet,1,static_concept_weights,elorasch,valid,133974,937,cluster,91,0.647448,0.007227,0.640902,0.006546,0.004007,0.009711,0.0,0.04591,-0.038683,0.0,0.646918,0.00053,-0.000864,0.002032,0.46,0.010888,-0.00366,0.066,0.0,True,0.0,True,1.0,False,0.5940000000000001,False
ednet,1,global_stack_concept_intercept,elorasch,valid,133974,937,cluster,91,0.648329,0.0082,0.640902,0.007427,0.005408,0.010031,0.0,0.04591,-0.03771,0.0,0.646918,0.001411,0.000422,0.00246,0.008,0.010888,-0.002688,0.203,0.0,True,0.0,True,0.07200000000000001,False,1.0,False
ednet,1,linear_gating,elorasch,valid,133974,937,cluster,-1,0.63573,0.042276,0.640902,-0.005172,-0.008365,-0.001244,0.009,0.04591,-0.003634,0.43,0.646918,-0.011188,-0.013741,-0.008658,0.0,0.010888,0.031388,0.0,0.045,True,1.0,False,0.0,True,0.0,True
ednet,2,static_concept_weights,elorasch,valid,133974,937,cluster,90,0.645971,0.012143,0.641586,0.004385,0.001664,0.007823,0.002,0.04684,-0.034697,0.0,0.647616,-0.001645,-0.003104,1.7e-05,0.052,0.011909,0.000234,0.956,0.014,True,0.0,True,0.416,False,1.0,False
ednet,2,global_stack_concept_intercept,elorasch,valid,133974,937,cluster,90,0.647311,0.014009,0.641586,0.005724,0.003302,0.008689,0.0,0.04684,-0.032831,0.0,0.647616,-0.000305,-0.001194,0.00075,0.547,0.011909,0.0021,0.342,0.0,True,0.0,True,1.0,False,1.0,False
ednet,2,linear_gating,elorasch,valid,133974,937,cluster,-1,0.636461,0.043047,0.641586,-0.005126,-0.008408,-0.000876,0.019,0.04684,-0.003793,0.402,0.647616,-0.011155,-0.013223,-0.009011,0.0,0.011909,0.031138,0.0,0.076,False,1.0,False,0.0,True,0.0,True
ednet,3,static_concept_weights,bkt,valid,133974,937,cluster,91,0.641091,0.013328,0.628835,0.012257,0.006446,0.017109,0.0,0.018296,-0.004967,0.191,0.646137,-0.005046,-0.00862,-0.001283,0.002,0.016856,-0.003528,0.11,0.0,True,1.0,False,0.02,True,0.88,False
ednet,3,global_stack_concept_intercept,bkt,valid,133974,937,cluster,91,0.64599,0.013578,0.628835,0.017155,0.011054,0.023495,0.0,0.018296,-0.004718,0.402,0.646137,-0.000147,-0.001138,0.000835,0.777,0.016856,-0.003278,0.014,0.0,True,1.0,False,1.0,False,0.14,False
ednet,3,linear_gating,bkt,valid,133974,937,cluster,-1,0.636994,0.038932,0.628835,0.008159,0.000648,0.016501,0.026,0.018296,0.020637,0.0,0.646137,-0.009144,-0.011719,-0.006753,0.0,0.016856,0.022076,0.0,0.076,False,0.0,True,0.0,True,0.0,True
ednet,4,static_concept_weights,elorasch,valid,133974,937,cluster,91,0.647337,0.009911,0.641109,0.006228,0.003487,0.009723,0.0,0.045742,-0.035831,0.0,0.647645,-0.000308,-0.002275,0.001872,0.804,0.010886,-0.000975,0.981,0.0,True,0.0,True,1.0,False,1.0,False
ednet,4,global_stack_concept_intercept,elorasch,valid,133974,937,cluster,91,0.64833,0.009909,0.641109,0.007222,0.004966,0.009974,0.0,0.045742,-0.035833,0.0,0.647645,0.000685,-0.000325,0.001811,0.178,0.010886,-0.000977,0.784,0.0,True,0.0,True,1.0,False,1.0,False
ednet,4,linear_gating,elorasch,valid,133974,937,cluster,-1,0.636376,0.042439,0.641109,-0.004732,-0.007876,-0.000597,0.02,0.045742,-0.003303,0.558,0.647645,-0.011269,-0.013369,-0.009072,0.0,0.010886,0.031553,0.0,0.076,False,1.0,False,0.0,True,0.0,True
