dataset,fold,subset,aggregator,models_in_subset,best_single_model,best_single_selected_on,n_rows,n_students,ensemble_auc,best_single_auc,delta_auc,auc_ci_low,auc_ci_high,auc_p,ensemble_ece,best_single_ece,delta_ece,ece_ci_low,ece_ci_high,ece_p,auc_p_holm,auc_p_reject_holm,ece_p_holm,ece_p_reject_holm
assist2009,0,classical,arithmetic_mean,"bkt,pfa,pfa_recency,elorasch",bkt,valid,53148,770,0.732365,0.725239,0.007125,0.00444,0.009437,0.001,0.036473,0.020236,0.016237,0.006873,0.023087,0.002999,0.025,True,0.065978,False
assist2009,0,classical,geometric_mean,"bkt,pfa,pfa_recency,elorasch",bkt,valid,53148,770,0.732494,0.725239,0.007255,0.004447,0.009605,0.001,0.03457,0.020236,0.014334,0.00422,0.021455,0.007996,0.025,True,0.143928,False
assist2009,0,classical,logit_mean,"bkt,pfa,pfa_recency,elorasch",bkt,valid,53148,770,0.731464,0.725239,0.006225,0.003578,0.008501,0.001,0.031332,0.020236,0.011096,0.001676,0.018166,0.022989,0.025,True,0.263868,False
assist2009,0,classical,rank_mean,"bkt,pfa,pfa_recency,elorasch",bkt,valid,53148,770,0.733977,0.725239,0.008738,0.005891,0.011237,0.001,,,,,,,0.025,True,1.0,False
assist2009,0,classical,median,"bkt,pfa,pfa_recency,elorasch",bkt,valid,53148,770,0.727989,0.725239,0.00275,0.000139,0.004963,0.04098,0.026637,0.020236,0.006401,-0.002234,0.013895,0.172914,0.16492,False,1.0,False
assist2009,0,deep,arithmetic_mean,"dkt,sakt,akt,simplekt",simplekt,valid,52254,770,0.776598,0.763575,0.013023,0.009263,0.016905,0.001,0.017173,0.078771,-0.061598,-0.068677,-0.054671,0.001,0.025,True,0.025,True
assist2009,0,deep,geometric_mean,"dkt,sakt,akt,simplekt",simplekt,valid,52254,770,0.775572,0.763575,0.011998,0.008366,0.015838,0.001,0.009621,0.078771,-0.06915,-0.073086,-0.062678,0.001,0.025,True,0.025,True
assist2009,0,deep,logit_mean,"dkt,sakt,akt,simplekt",simplekt,valid,52254,770,0.778624,0.763575,0.015049,0.011742,0.018499,0.001,0.025745,0.078771,-0.053027,-0.058168,-0.047124,0.001,0.025,True,0.025,True
assist2009,0,deep,rank_mean,"dkt,sakt,akt,simplekt",simplekt,valid,52254,770,0.775656,0.763575,0.012081,0.007942,0.016353,0.001,,,,,,,0.025,True,0.731634,False
assist2009,0,deep,median,"dkt,sakt,akt,simplekt",simplekt,valid,52254,770,0.7716,0.763575,0.008025,0.00353,0.012554,0.001,0.017391,0.078771,-0.06138,-0.066478,-0.054985,0.001,0.025,True,0.025,True
assist2009,1,classical,arithmetic_mean,"bkt,pfa,pfa_recency,elorasch",bkt,valid,53148,770,0.732333,0.725276,0.007057,0.004328,0.009373,0.001,0.036167,0.01942,0.016748,0.00747,0.022907,0.001999,0.025,True,0.045977,True
assist2009,1,classical,geometric_mean,"bkt,pfa,pfa_recency,elorasch",bkt,valid,53148,770,0.732395,0.725276,0.007119,0.004278,0.009523,0.001,0.033547,0.01942,0.014127,0.004641,0.020783,0.008996,0.025,True,0.152932,False
assist2009,1,classical,logit_mean,"bkt,pfa,pfa_recency,elorasch",bkt,valid,53148,770,0.731463,0.725276,0.006187,0.003489,0.008454,0.001,0.030274,0.01942,0.010854,0.001836,0.017169,0.018991,0.025,True,0.24688300000000002,False
assist2009,1,classical,rank_mean,"bkt,pfa,pfa_recency,elorasch",bkt,valid,53148,770,0.733834,0.725276,0.008558,0.005694,0.011102,0.001,,,,,,,0.025,True,1.0,False
assist2009,1,classical,median,"bkt,pfa,pfa_recency,elorasch",bkt,valid,53148,770,0.728177,0.725276,0.002901,0.000311,0.005149,0.032984,0.026501,0.01942,0.007081,-0.001415,0.013958,0.109945,0.16492,False,0.87956,False
assist2009,1,deep,arithmetic_mean,"dkt,sakt,akt,simplekt",simplekt,valid,52254,770,0.776411,0.760676,0.015735,0.011906,0.019431,0.001,0.010109,0.126034,-0.115925,-0.120874,-0.107699,0.001,0.025,True,0.025,True
assist2009,1,deep,geometric_mean,"dkt,sakt,akt,simplekt",simplekt,valid,52254,770,0.77506,0.760676,0.014384,0.010799,0.017934,0.001,0.018434,0.126034,-0.1076,-0.112175,-0.101072,0.001,0.025,True,0.025,True
assist2009,1,deep,logit_mean,"dkt,sakt,akt,simplekt",simplekt,valid,52254,770,0.779214,0.760676,0.018539,0.015678,0.021403,0.001,0.03176,0.126034,-0.094274,-0.099405,-0.090142,0.001,0.025,True,0.025,True
assist2009,1,deep,rank_mean,"dkt,sakt,akt,simplekt",simplekt,valid,52254,770,0.775027,0.760676,0.014351,0.009944,0.018716,0.001,,,,,,,0.025,True,0.731634,False
assist2009,1,deep,median,"dkt,sakt,akt,simplekt",simplekt,valid,52254,770,0.769883,0.760676,0.009207,0.004242,0.014095,0.001,0.014642,0.126034,-0.111392,-0.116247,-0.105451,0.001,0.025,True,0.025,True
assist2009,2,classical,arithmetic_mean,"bkt,pfa,pfa_recency,elorasch",bkt,valid,53148,770,0.732736,0.72581,0.006926,0.004173,0.009233,0.001,0.036905,0.018534,0.018371,0.008559,0.024762,0.001,0.025,True,0.025,True
assist2009,2,classical,geometric_mean,"bkt,pfa,pfa_recency,elorasch",bkt,valid,53148,770,0.732798,0.72581,0.006987,0.004127,0.009392,0.001,0.034466,0.018534,0.015932,0.005618,0.022663,0.004998,0.025,True,0.09996,False
assist2009,2,classical,logit_mean,"bkt,pfa,pfa_recency,elorasch",bkt,valid,53148,770,0.731862,0.72581,0.006052,0.003351,0.008297,0.001,0.031915,0.018534,0.013381,0.003648,0.020137,0.010995,0.025,True,0.17592,False
assist2009,2,classical,rank_mean,"bkt,pfa,pfa_recency,elorasch",bkt,valid,53148,770,0.734448,0.72581,0.008637,0.005718,0.011191,0.001,,,,,,,0.025,True,1.0,False
assist2009,2,classical,median,"bkt,pfa,pfa_recency,elorasch",bkt,valid,53148,770,0.728648,0.72581,0.002837,0.000286,0.005099,0.034983,0.02795,0.018534,0.009416,-4.2e-05,0.01636,0.052974,0.16492,False,0.52974,False
assist2009,2,deep,arithmetic_mean,"dkt,sakt,akt,simplekt",simplekt,valid,52254,770,0.773765,0.759104,0.014661,0.011353,0.017827,0.001,0.017188,0.025647,-0.008459,-0.018763,0.002113,0.121939,0.025,True,0.731634,False
assist2009,2,deep,geometric_mean,"dkt,sakt,akt,simplekt",simplekt,valid,52254,770,0.773278,0.759104,0.014174,0.011004,0.017226,0.001,0.009934,0.025647,-0.015713,-0.023239,-0.004922,0.003998,0.025,True,0.035982,True
assist2009,2,deep,logit_mean,"dkt,sakt,akt,simplekt",simplekt,valid,52254,770,0.7736,0.759104,0.014496,0.011251,0.017648,0.001,0.01749,0.025647,-0.008158,-0.018344,0.001392,0.101949,0.025,True,0.713643,False
assist2009,2,deep,rank_mean,"dkt,sakt,akt,simplekt",simplekt,valid,52254,770,0.772783,0.759104,0.013679,0.010104,0.017126,0.001,,,,,,,0.025,True,0.731634,False
assist2009,2,deep,median,"dkt,sakt,akt,simplekt",simplekt,valid,52254,770,0.770454,0.759104,0.01135,0.007528,0.015008,0.001,0.015548,0.025647,-0.0101,-0.019941,-0.000489,0.036982,0.025,True,0.295856,False
assist2009,3,classical,arithmetic_mean,"bkt,pfa,pfa_recency,elorasch",bkt,valid,53148,770,0.732568,0.726632,0.005936,0.003293,0.008121,0.001,0.037035,0.019525,0.01751,0.008209,0.023133,0.001,0.025,True,0.025,True
assist2009,3,classical,geometric_mean,"bkt,pfa,pfa_recency,elorasch",bkt,valid,53148,770,0.732632,0.726632,0.006,0.003273,0.008262,0.001,0.034476,0.019525,0.014952,0.005273,0.021108,0.004998,0.025,True,0.09996,False
assist2009,3,classical,logit_mean,"bkt,pfa,pfa_recency,elorasch",bkt,valid,53148,770,0.731687,0.726632,0.005055,0.002494,0.007214,0.001,0.031097,0.019525,0.011572,0.002806,0.017812,0.010995,0.025,True,0.17592,False
assist2009,3,classical,rank_mean,"bkt,pfa,pfa_recency,elorasch",bkt,valid,53148,770,0.734348,0.726632,0.007716,0.004935,0.010148,0.001,,,,,,,0.025,True,1.0,False
assist2009,3,classical,median,"bkt,pfa,pfa_recency,elorasch",bkt,valid,53148,770,0.728476,0.726632,0.001844,-0.000736,0.004078,0.155922,0.027592,0.019525,0.008067,-0.000792,0.014008,0.074963,0.16492,False,0.674667,False
assist2009,3,deep,arithmetic_mean,"dkt,sakt,akt,simplekt",simplekt,valid,52254,770,0.777574,0.767424,0.010151,0.006683,0.013582,0.001,0.017262,0.057253,-0.039991,-0.047476,-0.030605,0.001,0.025,True,0.025,True
assist2009,3,deep,geometric_mean,"dkt,sakt,akt,simplekt",simplekt,valid,52254,770,0.777264,0.767424,0.009841,0.006512,0.013201,0.001,0.009127,0.057253,-0.048126,-0.053051,-0.039325,0.001,0.025,True,0.025,True
assist2009,3,deep,logit_mean,"dkt,sakt,akt,simplekt",simplekt,valid,52254,770,0.778727,0.767424,0.011303,0.008039,0.014568,0.001,0.021725,0.057253,-0.035528,-0.041817,-0.027683,0.001,0.025,True,0.025,True
assist2009,3,deep,rank_mean,"dkt,sakt,akt,simplekt",simplekt,valid,52254,770,0.775525,0.767424,0.008101,0.004021,0.011892,0.001,,,,,,,0.025,True,0.731634,False
assist2009,3,deep,median,"dkt,sakt,akt,simplekt",simplekt,valid,52254,770,0.772422,0.767424,0.004998,0.000627,0.009217,0.023988,0.018342,0.057253,-0.038911,-0.04577,-0.031521,0.001,0.047976,True,0.025,True
assist2009,4,classical,arithmetic_mean,"bkt,pfa,pfa_recency,elorasch",bkt,valid,53148,770,0.73249,0.725994,0.006496,0.003794,0.00882,0.001,0.037019,0.020951,0.016069,0.006568,0.022891,0.003998,0.025,True,0.08395799999999999,False
assist2009,4,classical,geometric_mean,"bkt,pfa,pfa_recency,elorasch",bkt,valid,53148,770,0.732532,0.725994,0.006538,0.003701,0.008975,0.001,0.034683,0.020951,0.013733,0.003688,0.020939,0.011994,0.025,True,0.17592,False
assist2009,4,classical,logit_mean,"bkt,pfa,pfa_recency,elorasch",bkt,valid,53148,770,0.731646,0.725994,0.005652,0.003026,0.007959,0.001,0.032197,0.020951,0.011247,0.001314,0.017921,0.021989,0.025,True,0.263868,False
assist2009,4,classical,rank_mean,"bkt,pfa,pfa_recency,elorasch",bkt,valid,53148,770,0.734187,0.725994,0.008193,0.005294,0.010709,0.001,,,,,,,0.025,True,1.0,False
assist2009,4,classical,median,"bkt,pfa,pfa_recency,elorasch",bkt,valid,53148,770,0.728444,0.725994,0.00245,-0.000208,0.004763,0.069965,0.027115,0.020951,0.006164,-0.001873,0.013878,0.134933,0.16492,False,0.944531,False
assist2009,4,deep,arithmetic_mean,"dkt,sakt,akt,simplekt",simplekt,valid,52254,770,0.776597,0.766135,0.010462,0.006278,0.014513,0.001,0.029325,0.111292,-0.081967,-0.088155,-0.076225,0.001,0.025,True,0.025,True
assist2009,4,deep,geometric_mean,"dkt,sakt,akt,simplekt",simplekt,valid,52254,770,0.775475,0.766135,0.00934,0.005086,0.013431,0.001,0.020998,0.111292,-0.090294,-0.094229,-0.086548,0.001,0.025,True,0.025,True
assist2009,4,deep,logit_mean,"dkt,sakt,akt,simplekt",simplekt,valid,52254,770,0.780623,0.766135,0.014488,0.011347,0.017676,0.001,0.04403,0.111292,-0.067262,-0.071485,-0.061816,0.001,0.025,True,0.025,True
assist2009,4,deep,rank_mean,"dkt,sakt,akt,simplekt",simplekt,valid,52254,770,0.775722,0.766135,0.009586,0.005291,0.013781,0.001,,,,,,,0.025,True,0.731634,False
assist2009,4,deep,median,"dkt,sakt,akt,simplekt",simplekt,valid,52254,770,0.769909,0.766135,0.003774,-0.001406,0.008599,0.143928,0.027397,0.111292,-0.083895,-0.089573,-0.078131,0.001,0.143928,False,0.025,True
assist2015,0,classical,arithmetic_mean,"bkt,pfa,pfa_recency,elorasch",bkt,valid,138458,3818,0.699013,0.69884,0.000173,-0.001255,0.001611,0.813593,0.026594,0.007777,0.018817,0.013854,0.022836,0.001,1.0,False,0.025,True
assist2015,0,classical,geometric_mean,"bkt,pfa,pfa_recency,elorasch",bkt,valid,138458,3818,0.699317,0.69884,0.000477,-0.000995,0.001936,0.525737,0.027282,0.007777,0.019505,0.014446,0.02339,0.001,1.0,False,0.025,True
assist2015,0,classical,logit_mean,"bkt,pfa,pfa_recency,elorasch",bkt,valid,138458,3818,0.698222,0.69884,-0.000618,-0.002008,0.000816,0.416792,0.022445,0.007777,0.014668,0.009799,0.018836,0.001,1.0,False,0.025,True
assist2015,0,classical,rank_mean,"bkt,pfa,pfa_recency,elorasch",bkt,valid,138458,3818,0.698788,0.69884,-5.1e-05,-0.001661,0.001535,0.955522,,,,,,,1.0,False,0.258874,False
assist2015,0,classical,median,"bkt,pfa,pfa_recency,elorasch",bkt,valid,138458,3818,0.694537,0.69884,-0.004302,-0.00578,-0.002843,0.001,0.013665,0.007777,0.005888,0.001756,0.010134,0.010995,0.025,True,0.098955,False
assist2015,0,deep,arithmetic_mean,"dkt,sakt,akt,simplekt",dkt,valid,134592,3818,0.728645,0.726964,0.001681,0.000531,0.002739,0.002999,0.006326,0.010352,-0.004026,-0.006855,0.000376,0.071964,0.053982,False,0.863568,False
assist2015,0,deep,geometric_mean,"dkt,sakt,akt,simplekt",dkt,valid,134592,3818,0.72872,0.726964,0.001757,0.000624,0.002814,0.001,0.006687,0.010352,-0.003666,-0.006497,0.000346,0.071964,0.025,True,0.863568,False
assist2015,0,deep,logit_mean,"dkt,sakt,akt,simplekt",dkt,valid,134592,3818,0.728466,0.726964,0.001503,0.000324,0.002596,0.011994,0.004957,0.010352,-0.005396,-0.008023,-0.001085,0.01999,0.142935,False,0.27986,False
assist2015,0,deep,rank_mean,"dkt,sakt,akt,simplekt",dkt,valid,134592,3818,0.728124,0.726964,0.00116,-5.4e-05,0.002274,0.056972,,,,,,,0.335832,False,1.0,False
assist2015,0,deep,median,"dkt,sakt,akt,simplekt",dkt,valid,134592,3818,0.728133,0.726964,0.001169,-1.7e-05,0.002279,0.054973,0.003628,0.010352,-0.006724,-0.008487,-0.001932,0.007996,0.335832,False,0.143928,False
assist2015,1,classical,arithmetic_mean,"bkt,pfa,pfa_recency,elorasch",bkt,valid,138458,3818,0.699152,0.698996,0.000155,-0.001284,0.001626,0.827586,0.027099,0.00726,0.019838,0.014936,0.024027,0.001,1.0,False,0.025,True
assist2015,1,classical,geometric_mean,"bkt,pfa,pfa_recency,elorasch",bkt,valid,138458,3818,0.699434,0.698996,0.000438,-0.001018,0.001933,0.55972,0.028133,0.00726,0.020873,0.015757,0.024733,0.001,1.0,False,0.025,True
assist2015,1,classical,logit_mean,"bkt,pfa,pfa_recency,elorasch",bkt,valid,138458,3818,0.698423,0.698996,-0.000573,-0.001986,0.000872,0.448776,0.023188,0.00726,0.015928,0.010931,0.020033,0.001,1.0,False,0.025,True
assist2015,1,classical,rank_mean,"bkt,pfa,pfa_recency,elorasch",bkt,valid,138458,3818,0.698862,0.698996,-0.000134,-0.001749,0.001491,0.873563,,,,,,,1.0,False,0.258874,False
assist2015,1,classical,median,"bkt,pfa,pfa_recency,elorasch",bkt,valid,138458,3818,0.694496,0.698996,-0.0045,-0.005964,-0.003029,0.001,0.014222,0.00726,0.006962,0.002043,0.010726,0.005997,0.025,True,0.059969999999999996,False
assist2015,1,deep,arithmetic_mean,"dkt,sakt,akt,simplekt",dkt,valid,134592,3818,0.728483,0.726292,0.002191,0.001096,0.003273,0.001,0.006123,0.008552,-0.00243,-0.005494,0.001485,0.221889,0.025,True,1.0,False
assist2015,1,deep,geometric_mean,"dkt,sakt,akt,simplekt",dkt,valid,134592,3818,0.728526,0.726292,0.002233,0.001161,0.003312,0.001,0.005764,0.008552,-0.002788,-0.005929,0.000966,0.135932,0.025,True,1.0,False
assist2015,1,deep,logit_mean,"dkt,sakt,akt,simplekt",dkt,valid,134592,3818,0.728316,0.726292,0.002023,0.000892,0.003125,0.001999,0.005855,0.008552,-0.002697,-0.005257,0.000977,0.18091,0.041978999999999995,True,1.0,False
assist2015,1,deep,rank_mean,"dkt,sakt,akt,simplekt",dkt,valid,134592,3818,0.728098,0.726292,0.001806,0.000664,0.002915,0.003998,,,,,,,0.067966,False,1.0,False
assist2015,1,deep,median,"dkt,sakt,akt,simplekt",dkt,valid,134592,3818,0.727914,0.726292,0.001622,0.000466,0.002718,0.010995,0.005275,0.008552,-0.003277,-0.005716,0.000701,0.106947,0.142935,False,0.962523,False
assist2015,2,classical,arithmetic_mean,"bkt,pfa,pfa_recency,elorasch",bkt,valid,138458,3818,0.699187,0.699136,5.2e-05,-0.001374,0.001512,0.938531,0.026672,0.006997,0.019674,0.014358,0.023402,0.001,1.0,False,0.025,True
assist2015,2,classical,geometric_mean,"bkt,pfa,pfa_recency,elorasch",bkt,valid,138458,3818,0.699495,0.699136,0.000359,-0.001107,0.00185,0.638681,0.027296,0.006997,0.020298,0.01501,0.023882,0.001,1.0,False,0.025,True
assist2015,2,classical,logit_mean,"bkt,pfa,pfa_recency,elorasch",bkt,valid,138458,3818,0.698403,0.699136,-0.000732,-0.002119,0.000703,0.335832,0.022728,0.006997,0.01573,0.010401,0.019438,0.001,1.0,False,0.025,True
assist2015,2,classical,rank_mean,"bkt,pfa,pfa_recency,elorasch",bkt,valid,138458,3818,0.69889,0.699136,-0.000246,-0.001894,0.001366,0.790605,,,,,,,1.0,False,0.258874,False
assist2015,2,classical,median,"bkt,pfa,pfa_recency,elorasch",bkt,valid,138458,3818,0.694566,0.699136,-0.00457,-0.00604,-0.003059,0.001,0.013313,0.006997,0.006316,0.001613,0.010216,0.011994,0.025,True,0.098955,False
assist2015,2,deep,arithmetic_mean,"dkt,sakt,akt,simplekt",dkt,valid,134592,3818,0.729014,0.727098,0.001915,0.000866,0.003008,0.001999,0.003635,0.010102,-0.006467,-0.008771,-0.001886,0.004998,0.041978999999999995,True,0.09496199999999999,False
assist2015,2,deep,geometric_mean,"dkt,sakt,akt,simplekt",dkt,valid,134592,3818,0.729083,0.727098,0.001985,0.00095,0.003039,0.001,0.002938,0.010102,-0.007164,-0.008943,-0.003008,0.001999,0.025,True,0.041978999999999995,True
assist2015,2,deep,logit_mean,"dkt,sakt,akt,simplekt",dkt,valid,134592,3818,0.728745,0.727098,0.001646,0.00054,0.002764,0.005997,0.006217,0.010102,-0.003884,-0.007158,-0.000237,0.044978,0.095952,False,0.584714,False
assist2015,2,deep,rank_mean,"dkt,sakt,akt,simplekt",dkt,valid,134592,3818,0.728598,0.727098,0.0015,0.000377,0.002619,0.010995,,,,,,,0.142935,False,1.0,False
assist2015,2,deep,median,"dkt,sakt,akt,simplekt",dkt,valid,134592,3818,0.728485,0.727098,0.001386,0.000235,0.002526,0.027986,0.005355,0.010102,-0.004747,-0.00761,-0.001049,0.007996,0.251874,False,0.143928,False
assist2015,3,classical,arithmetic_mean,"bkt,pfa,pfa_recency,elorasch",bkt,valid,138458,3818,0.699111,0.698987,0.000124,-0.001247,0.00157,0.847576,0.026045,0.008391,0.017654,0.012768,0.022393,0.001,1.0,False,0.025,True
assist2015,3,classical,geometric_mean,"bkt,pfa,pfa_recency,elorasch",bkt,valid,138458,3818,0.699449,0.698987,0.000462,-0.000955,0.001917,0.52074,0.026912,0.008391,0.018521,0.013488,0.023125,0.001,1.0,False,0.025,True
assist2015,3,classical,logit_mean,"bkt,pfa,pfa_recency,elorasch",bkt,valid,138458,3818,0.698243,0.698987,-0.000744,-0.002086,0.000695,0.312844,0.022027,0.008391,0.013636,0.008712,0.018271,0.001,1.0,False,0.025,True
assist2015,3,classical,rank_mean,"bkt,pfa,pfa_recency,elorasch",bkt,valid,138458,3818,0.698864,0.698987,-0.000122,-0.001713,0.001458,0.896552,,,,,,,1.0,False,0.258874,False
assist2015,3,classical,median,"bkt,pfa,pfa_recency,elorasch",bkt,valid,138458,3818,0.694641,0.698987,-0.004345,-0.005725,-0.002865,0.001,0.013215,0.008391,0.004824,0.000124,0.009085,0.042979,0.025,True,0.258874,False
assist2015,3,deep,arithmetic_mean,"dkt,sakt,akt,simplekt",dkt,valid,134592,3818,0.728095,0.726627,0.001468,0.000369,0.002538,0.011994,0.004987,0.010432,-0.005445,-0.008004,-0.001317,0.009995,0.142935,False,0.149925,False
assist2015,3,deep,geometric_mean,"dkt,sakt,akt,simplekt",dkt,valid,134592,3818,0.728206,0.726627,0.001579,0.000527,0.002636,0.008996,0.004052,0.010432,-0.00638,-0.008417,-0.002353,0.002999,0.125944,False,0.05998,False
assist2015,3,deep,logit_mean,"dkt,sakt,akt,simplekt",dkt,valid,134592,3818,0.727792,0.726627,0.001165,3.4e-05,0.002277,0.041979,0.00706,0.010432,-0.003372,-0.006651,0.000232,0.072964,0.335832,False,0.863568,False
assist2015,3,deep,rank_mean,"dkt,sakt,akt,simplekt",dkt,valid,134592,3818,0.727699,0.726627,0.001072,-5.7e-05,0.00218,0.063968,,,,,,,0.335832,False,1.0,False
assist2015,3,deep,median,"dkt,sakt,akt,simplekt",dkt,valid,134592,3818,0.72719,0.726627,0.000563,-0.000612,0.001733,0.332834,0.005572,0.010432,-0.004859,-0.007605,-0.000977,0.008996,0.335832,False,0.143936,False
assist2015,4,classical,arithmetic_mean,"bkt,pfa,pfa_recency,elorasch",bkt,valid,138458,3818,0.699579,0.699203,0.000377,-0.001012,0.001841,0.590705,0.02628,0.007015,0.019265,0.013305,0.022796,0.001,1.0,False,0.025,True
assist2015,4,classical,geometric_mean,"bkt,pfa,pfa_recency,elorasch",bkt,valid,138458,3818,0.699866,0.699203,0.000664,-0.000773,0.002149,0.369815,0.026607,0.007015,0.019593,0.013739,0.023283,0.001,1.0,False,0.025,True
assist2015,4,classical,logit_mean,"bkt,pfa,pfa_recency,elorasch",bkt,valid,138458,3818,0.698787,0.699203,-0.000416,-0.001774,0.001033,0.590705,0.022207,0.007015,0.015192,0.009266,0.018873,0.001,1.0,False,0.025,True
assist2015,4,classical,rank_mean,"bkt,pfa,pfa_recency,elorasch",bkt,valid,138458,3818,0.699427,0.699203,0.000224,-0.001391,0.001831,0.771614,,,,,,,1.0,False,0.258874,False
assist2015,4,classical,median,"bkt,pfa,pfa_recency,elorasch",bkt,valid,138458,3818,0.695037,0.699203,-0.004166,-0.005587,-0.002676,0.001,0.012883,0.007015,0.005868,0.000316,0.009445,0.036982,0.025,True,0.258874,False
assist2015,4,deep,arithmetic_mean,"dkt,sakt,akt,simplekt",dkt,valid,134592,3818,0.728607,0.727083,0.001524,0.000393,0.002588,0.005997,0.015553,0.006999,0.008554,0.004927,0.010905,0.001,0.095952,False,0.025,True
assist2015,4,deep,geometric_mean,"dkt,sakt,akt,simplekt",dkt,valid,134592,3818,0.728684,0.727083,0.001601,0.000492,0.002644,0.001999,0.013651,0.006999,0.006652,0.003066,0.009054,0.001,0.041978999999999995,True,0.025,True
assist2015,4,deep,logit_mean,"dkt,sakt,akt,simplekt",dkt,valid,134592,3818,0.72831,0.727083,0.001227,5e-05,0.002368,0.042979,0.017847,0.006999,0.010848,0.007157,0.012983,0.001,0.335832,False,0.025,True
assist2015,4,deep,rank_mean,"dkt,sakt,akt,simplekt",dkt,valid,134592,3818,0.728104,0.727083,0.001021,-0.000172,0.002172,0.094953,,,,,,,0.335832,False,1.0,False
assist2015,4,deep,median,"dkt,sakt,akt,simplekt",dkt,valid,134592,3818,0.727934,0.727083,0.000851,-0.000379,0.002056,0.154923,0.016873,0.006999,0.009875,0.006083,0.011788,0.001,0.335832,False,0.025,True
assist2017,0,classical,arithmetic_mean,"bkt,pfa,pfa_recency,elorasch",elorasch,valid,178823,341,0.647658,0.639886,0.007772,0.00425,0.01167,0.001999,0.029685,0.028824,0.00086,-0.001724,0.003739,0.476762,0.049975,True,1.0,False
assist2017,0,classical,geometric_mean,"bkt,pfa,pfa_recency,elorasch",elorasch,valid,178823,341,0.647009,0.639886,0.007123,0.003581,0.011009,0.001999,0.028773,0.028824,-5.1e-05,-0.002917,0.002731,0.888556,0.049975,True,1.0,False
assist2017,0,classical,logit_mean,"bkt,pfa,pfa_recency,elorasch",elorasch,valid,178823,341,0.647462,0.639886,0.007576,0.004053,0.011486,0.001999,0.028527,0.028824,-0.000297,-0.002978,0.002524,0.81959,0.049975,True,1.0,False
assist2017,0,classical,rank_mean,"bkt,pfa,pfa_recency,elorasch",elorasch,valid,178823,341,0.645924,0.639886,0.006038,0.002512,0.009916,0.002999,,,,,,,0.049975,True,1.0,False
assist2017,0,classical,median,"bkt,pfa,pfa_recency,elorasch",elorasch,valid,178823,341,0.641008,0.639886,0.001122,-0.002798,0.005436,0.593703,0.022898,0.028824,-0.005927,-0.008471,-0.002548,0.001,1.0,False,0.025,True
assist2017,0,deep,arithmetic_mean,"dkt,sakt,akt,simplekt",akt,valid,177767,341,0.76334,0.758263,0.005076,0.00391,0.006177,0.001,0.038875,0.015686,0.023189,0.017946,0.027462,0.001,0.025,True,0.025,True
assist2017,0,deep,geometric_mean,"dkt,sakt,akt,simplekt",akt,valid,177767,341,0.763777,0.758263,0.005513,0.004342,0.006667,0.001,0.035403,0.015686,0.019717,0.014683,0.024069,0.001,0.025,True,0.025,True
assist2017,0,deep,logit_mean,"dkt,sakt,akt,simplekt",akt,valid,177767,341,0.764648,0.758263,0.006385,0.005277,0.007511,0.001,0.029783,0.015686,0.014097,0.00923,0.01853,0.001,0.025,True,0.025,True
assist2017,0,deep,rank_mean,"dkt,sakt,akt,simplekt",akt,valid,177767,341,0.756451,0.758263,-0.001812,-0.003188,-0.000499,0.012994,,,,,,,0.051976,False,0.888559,False
assist2017,0,deep,median,"dkt,sakt,akt,simplekt",akt,valid,177767,341,0.761707,0.758263,0.003444,0.002301,0.004512,0.001,0.029196,0.015686,0.01351,0.008455,0.017868,0.001,0.025,True,0.025,True
assist2017,1,classical,arithmetic_mean,"bkt,pfa,pfa_recency,elorasch",elorasch,valid,178823,341,0.647425,0.640084,0.007342,0.003782,0.01113,0.001999,0.028879,0.027391,0.001488,-0.001412,0.004292,0.322839,0.049975,True,1.0,False
assist2017,1,classical,geometric_mean,"bkt,pfa,pfa_recency,elorasch",elorasch,valid,178823,341,0.646784,0.640084,0.0067,0.003162,0.010524,0.001999,0.027291,0.027391,-0.0001,-0.002737,0.00322,0.924538,0.049975,True,1.0,False
assist2017,1,classical,logit_mean,"bkt,pfa,pfa_recency,elorasch",elorasch,valid,178823,341,0.647226,0.640084,0.007142,0.003575,0.010924,0.001999,0.027435,0.027391,4.4e-05,-0.002624,0.003088,0.913543,0.049975,True,1.0,False
assist2017,1,classical,rank_mean,"bkt,pfa,pfa_recency,elorasch",elorasch,valid,178823,341,0.645632,0.640084,0.005548,0.002026,0.009348,0.004998,,,,,,,0.049975,True,1.0,False
assist2017,1,classical,median,"bkt,pfa,pfa_recency,elorasch",elorasch,valid,178823,341,0.640731,0.640084,0.000647,-0.003268,0.004904,0.732634,0.022161,0.027391,-0.00523,-0.007853,-0.001893,0.001,1.0,False,0.025,True
assist2017,1,deep,arithmetic_mean,"dkt,sakt,akt,simplekt",akt,valid,177767,341,0.763435,0.758171,0.005263,0.003928,0.006668,0.001,0.037705,0.01577,0.021935,0.017094,0.02658,0.001,0.025,True,0.025,True
assist2017,1,deep,geometric_mean,"dkt,sakt,akt,simplekt",akt,valid,177767,341,0.764007,0.758171,0.005836,0.004511,0.007214,0.001,0.035107,0.01577,0.019337,0.014403,0.024061,0.001,0.025,True,0.025,True
assist2017,1,deep,logit_mean,"dkt,sakt,akt,simplekt",akt,valid,177767,341,0.764811,0.758171,0.00664,0.005322,0.00804,0.001,0.029354,0.01577,0.013584,0.008608,0.01824,0.001,0.025,True,0.025,True
assist2017,1,deep,rank_mean,"dkt,sakt,akt,simplekt",akt,valid,177767,341,0.756677,0.758171,-0.001494,-0.002942,-2.2e-05,0.049975,,,,,,,0.09995,False,0.888559,False
assist2017,1,deep,median,"dkt,sakt,akt,simplekt",akt,valid,177767,341,0.761886,0.758171,0.003715,0.002436,0.005016,0.001,0.029094,0.01577,0.013324,0.008653,0.017826,0.001,0.025,True,0.025,True
assist2017,2,classical,arithmetic_mean,"bkt,pfa,pfa_recency,elorasch",elorasch,valid,178823,341,0.647387,0.639874,0.007514,0.004004,0.011342,0.001999,0.029284,0.027428,0.001855,-0.000814,0.004771,0.165917,0.049975,True,1.0,False
assist2017,2,classical,geometric_mean,"bkt,pfa,pfa_recency,elorasch",elorasch,valid,178823,341,0.646727,0.639874,0.006853,0.003306,0.01069,0.001999,0.027971,0.027428,0.000542,-0.002176,0.003495,0.661669,0.049975,True,1.0,False
assist2017,2,classical,logit_mean,"bkt,pfa,pfa_recency,elorasch",elorasch,valid,178823,341,0.647188,0.639874,0.007315,0.003792,0.011137,0.001999,0.028017,0.027428,0.000589,-0.002101,0.003394,0.627686,0.049975,True,1.0,False
assist2017,2,classical,rank_mean,"bkt,pfa,pfa_recency,elorasch",elorasch,valid,178823,341,0.645551,0.639874,0.005677,0.00211,0.009509,0.004998,,,,,,,0.049975,True,1.0,False
assist2017,2,classical,median,"bkt,pfa,pfa_recency,elorasch",elorasch,valid,178823,341,0.640679,0.639874,0.000805,-0.003127,0.005111,0.681659,0.022317,0.027428,-0.005112,-0.007609,-0.001537,0.005997,1.0,False,0.125937,False
assist2017,2,deep,arithmetic_mean,"dkt,sakt,akt,simplekt",akt,valid,177767,341,0.76173,0.757625,0.004104,0.002978,0.005318,0.001,0.043886,0.017892,0.025994,0.021241,0.030081,0.001,0.025,True,0.025,True
assist2017,2,deep,geometric_mean,"dkt,sakt,akt,simplekt",akt,valid,177767,341,0.762638,0.757625,0.005013,0.003907,0.006223,0.001,0.042311,0.017892,0.02442,0.019336,0.028853,0.001,0.025,True,0.025,True
assist2017,2,deep,logit_mean,"dkt,sakt,akt,simplekt",akt,valid,177767,341,0.76315,0.757625,0.005525,0.004424,0.006715,0.001,0.037418,0.017892,0.019527,0.014604,0.02365,0.001,0.025,True,0.025,True
assist2017,2,deep,rank_mean,"dkt,sakt,akt,simplekt",akt,valid,177767,341,0.75548,0.757625,-0.002146,-0.003425,-0.000792,0.004998,,,,,,,0.025,True,0.888559,False
assist2017,2,deep,median,"dkt,sakt,akt,simplekt",akt,valid,177767,341,0.760017,0.757625,0.002392,0.001237,0.003601,0.001,0.035738,0.017892,0.017847,0.012923,0.021816,0.001,0.025,True,0.025,True
assist2017,3,classical,arithmetic_mean,"bkt,pfa,pfa_recency,elorasch",elorasch,valid,178823,341,0.647484,0.640106,0.007378,0.00386,0.01118,0.001999,0.029463,0.028215,0.001248,-0.001672,0.003698,0.444778,0.049975,True,1.0,False
assist2017,3,classical,geometric_mean,"bkt,pfa,pfa_recency,elorasch",elorasch,valid,178823,341,0.646919,0.640106,0.006813,0.003268,0.010623,0.001999,0.02773,0.028215,-0.000485,-0.003162,0.002325,0.690655,0.049975,True,1.0,False
assist2017,3,classical,logit_mean,"bkt,pfa,pfa_recency,elorasch",elorasch,valid,178823,341,0.647318,0.640106,0.007212,0.003673,0.011031,0.001999,0.028057,0.028215,-0.000158,-0.003009,0.002385,0.781609,0.049975,True,1.0,False
assist2017,3,classical,rank_mean,"bkt,pfa,pfa_recency,elorasch",elorasch,valid,178823,341,0.645891,0.640106,0.005785,0.002276,0.009479,0.003998,,,,,,,0.049975,True,1.0,False
assist2017,3,classical,median,"bkt,pfa,pfa_recency,elorasch",elorasch,valid,178823,341,0.641105,0.640106,0.000999,-0.002912,0.005183,0.610695,0.022928,0.028215,-0.005286,-0.008146,-0.002599,0.001,1.0,False,0.025,True
assist2017,3,deep,arithmetic_mean,"dkt,sakt,akt,simplekt",akt,valid,177767,341,0.763362,0.758611,0.004751,0.00363,0.005914,0.001,0.045767,0.017125,0.028641,0.023615,0.032692,0.001,0.025,True,0.025,True
assist2017,3,deep,geometric_mean,"dkt,sakt,akt,simplekt",akt,valid,177767,341,0.763462,0.758611,0.004851,0.003736,0.00601,0.001,0.042556,0.017125,0.025431,0.020293,0.029833,0.001,0.025,True,0.025,True
assist2017,3,deep,logit_mean,"dkt,sakt,akt,simplekt",akt,valid,177767,341,0.76429,0.758611,0.005679,0.00458,0.006816,0.001,0.037958,0.017125,0.020833,0.015876,0.024993,0.001,0.025,True,0.025,True
assist2017,3,deep,rank_mean,"dkt,sakt,akt,simplekt",akt,valid,177767,341,0.757081,0.758611,-0.00153,-0.002895,-0.000192,0.026987,,,,,,,0.080961,False,0.888559,False
assist2017,3,deep,median,"dkt,sakt,akt,simplekt",akt,valid,177767,341,0.762087,0.758611,0.003476,0.0023,0.004621,0.001,0.037145,0.017125,0.02002,0.015344,0.024339,0.001,0.025,True,0.025,True
assist2017,4,classical,arithmetic_mean,"bkt,pfa,pfa_recency,elorasch",elorasch,valid,178823,341,0.647439,0.640697,0.006742,0.003263,0.010425,0.001999,0.029344,0.028382,0.000961,-0.002108,0.003165,0.706647,0.049975,True,1.0,False
assist2017,4,classical,geometric_mean,"bkt,pfa,pfa_recency,elorasch",elorasch,valid,178823,341,0.646825,0.640697,0.006128,0.00262,0.009819,0.003998,0.027456,0.028382,-0.000927,-0.003478,0.001881,0.525737,0.049975,True,1.0,False
assist2017,4,classical,logit_mean,"bkt,pfa,pfa_recency,elorasch",elorasch,valid,178823,341,0.647257,0.640697,0.00656,0.003072,0.010246,0.001999,0.027806,0.028382,-0.000577,-0.003345,0.001964,0.567716,0.049975,True,1.0,False
assist2017,4,classical,rank_mean,"bkt,pfa,pfa_recency,elorasch",elorasch,valid,178823,341,0.645684,0.640697,0.004987,0.001473,0.008694,0.005997,,,,,,,0.049975,True,1.0,False
assist2017,4,classical,median,"bkt,pfa,pfa_recency,elorasch",elorasch,valid,178823,341,0.640993,0.640697,0.000295,-0.003652,0.004479,0.867566,0.022391,0.028382,-0.005992,-0.008826,-0.0033,0.001,1.0,False,0.025,True
assist2017,4,deep,arithmetic_mean,"dkt,sakt,akt,simplekt",simplekt,valid,177767,341,0.765056,0.757588,0.007468,0.005763,0.00917,0.001,0.043458,0.030158,0.013299,0.008272,0.017997,0.001,0.025,True,0.025,True
assist2017,4,deep,geometric_mean,"dkt,sakt,akt,simplekt",simplekt,valid,177767,341,0.765438,0.757588,0.00785,0.006134,0.009513,0.001,0.039175,0.030158,0.009017,0.004021,0.013907,0.001999,0.025,True,0.025,True
assist2017,4,deep,logit_mean,"dkt,sakt,akt,simplekt",simplekt,valid,177767,341,0.766356,0.757588,0.008768,0.007092,0.010448,0.001,0.033957,0.030158,0.003799,-0.001093,0.008525,0.126937,0.025,True,0.888559,False
assist2017,4,deep,rank_mean,"dkt,sakt,akt,simplekt",simplekt,valid,177767,341,0.757464,0.757588,-0.000124,-0.001892,0.001625,0.903548,,,,,,,0.903548,False,0.888559,False
assist2017,4,deep,median,"dkt,sakt,akt,simplekt",simplekt,valid,177767,341,0.763481,0.757588,0.005893,0.004158,0.007612,0.001,0.033589,0.030158,0.003431,-0.001161,0.008084,0.145927,0.025,True,0.888559,False
algebra2005,0,classical,arithmetic_mean,"bkt,pfa,pfa_recency,elorasch",bkt,valid,93595,114,0.755084,0.750809,0.004274,0.000343,0.007531,0.037981,0.025356,0.013983,0.011373,0.000386,0.017084,0.043978,0.835582,False,0.615692,False
algebra2005,0,classical,geometric_mean,"bkt,pfa,pfa_recency,elorasch",bkt,valid,93595,114,0.755466,0.750809,0.004657,0.00064,0.007964,0.025987,0.032701,0.013983,0.018718,0.006973,0.023272,0.001,0.597701,False,0.025,True
algebra2005,0,classical,logit_mean,"bkt,pfa,pfa_recency,elorasch",bkt,valid,93595,114,0.753659,0.750809,0.00285,-0.000958,0.005961,0.170915,0.022727,0.013983,0.008744,-0.001963,0.014103,0.11994,1.0,False,1.0,False
algebra2005,0,classical,rank_mean,"bkt,pfa,pfa_recency,elorasch",bkt,valid,93595,114,0.753722,0.750809,0.002913,-0.001126,0.006226,0.176912,,,,,,,1.0,False,1.0,False
algebra2005,0,classical,median,"bkt,pfa,pfa_recency,elorasch",bkt,valid,93595,114,0.751116,0.750809,0.000307,-0.003198,0.003107,0.973513,0.019094,0.013983,0.005111,-0.004764,0.010192,0.372814,1.0,False,1.0,False
algebra2005,0,deep,arithmetic_mean,"dkt,sakt,akt,simplekt",simplekt,valid,92945,114,0.827474,0.813394,0.01408,0.012176,0.016195,0.001,0.015629,0.053947,-0.038319,-0.04269,-0.033749,0.001,0.025,True,0.025,True
algebra2005,0,deep,geometric_mean,"dkt,sakt,akt,simplekt",simplekt,valid,92945,114,0.827874,0.813394,0.01448,0.012576,0.016608,0.001,0.01357,0.053947,-0.040378,-0.043666,-0.034615,0.001,0.025,True,0.025,True
algebra2005,0,deep,logit_mean,"dkt,sakt,akt,simplekt",simplekt,valid,92945,114,0.827221,0.813394,0.013826,0.01186,0.015752,0.001,0.024337,0.053947,-0.02961,-0.034632,-0.025546,0.001,0.025,True,0.025,True
algebra2005,0,deep,rank_mean,"dkt,sakt,akt,simplekt",simplekt,valid,92945,114,0.825609,0.813394,0.012215,0.009984,0.014336,0.001,,,,,,,0.025,True,0.101952,False
algebra2005,0,deep,median,"dkt,sakt,akt,simplekt",simplekt,valid,92945,114,0.822733,0.813394,0.009339,0.00711,0.011542,0.001,0.020814,0.053947,-0.033133,-0.037511,-0.028694,0.001,0.025,True,0.025,True
algebra2005,1,classical,arithmetic_mean,"bkt,pfa,pfa_recency,elorasch",bkt,valid,93595,114,0.755001,0.750079,0.004921,0.000654,0.008239,0.021989,0.026816,0.01567,0.011146,0.001445,0.017364,0.026987,0.527736,False,0.458779,False
algebra2005,1,classical,geometric_mean,"bkt,pfa,pfa_recency,elorasch",bkt,valid,93595,114,0.755473,0.750079,0.005393,0.001072,0.00876,0.015992,0.033807,0.01567,0.018138,0.007509,0.023598,0.001999,0.3998,False,0.041978999999999995,True
algebra2005,1,classical,logit_mean,"bkt,pfa,pfa_recency,elorasch",bkt,valid,93595,114,0.753344,0.750079,0.003265,-0.000829,0.006363,0.14093,0.023513,0.01567,0.007843,-0.002214,0.014158,0.129935,1.0,False,1.0,False
algebra2005,1,classical,rank_mean,"bkt,pfa,pfa_recency,elorasch",bkt,valid,93595,114,0.753897,0.750079,0.003818,-0.000353,0.007071,0.077961,,,,,,,1.0,False,1.0,False
algebra2005,1,classical,median,"bkt,pfa,pfa_recency,elorasch",bkt,valid,93595,114,0.751034,0.750079,0.000955,-0.002916,0.003848,0.685657,0.01882,0.01567,0.00315,-0.005178,0.009582,0.516742,1.0,False,1.0,False
algebra2005,1,deep,arithmetic_mean,"dkt,sakt,akt,simplekt",simplekt,valid,92945,114,0.82352,0.814078,0.009442,0.00769,0.011017,0.001,0.019776,0.048824,-0.029048,-0.030813,-0.02564,0.001,0.025,True,0.025,True
algebra2005,1,deep,geometric_mean,"dkt,sakt,akt,simplekt",simplekt,valid,92945,114,0.823722,0.814078,0.009643,0.007862,0.011249,0.001,0.01852,0.048824,-0.030304,-0.032659,-0.026806,0.001,0.025,True,0.025,True
algebra2005,1,deep,logit_mean,"dkt,sakt,akt,simplekt",simplekt,valid,92945,114,0.823195,0.814078,0.009117,0.007386,0.010726,0.001,0.02989,0.048824,-0.018934,-0.021136,-0.016728,0.001,0.025,True,0.025,True
algebra2005,1,deep,rank_mean,"dkt,sakt,akt,simplekt",simplekt,valid,92945,114,0.822385,0.814078,0.008307,0.006454,0.009948,0.001,,,,,,,0.025,True,0.101952,False
algebra2005,1,deep,median,"dkt,sakt,akt,simplekt",simplekt,valid,92945,114,0.819792,0.814078,0.005713,0.003864,0.007382,0.001,0.027231,0.048824,-0.021593,-0.023725,-0.019395,0.001,0.025,True,0.025,True
algebra2005,2,classical,arithmetic_mean,"bkt,pfa,pfa_recency,elorasch",bkt,valid,93595,114,0.753908,0.750231,0.003677,-0.000375,0.006818,0.078961,0.027419,0.012839,0.014579,0.003523,0.019952,0.010995,1.0,False,0.21989999999999998,False
algebra2005,2,classical,geometric_mean,"bkt,pfa,pfa_recency,elorasch",bkt,valid,93595,114,0.754346,0.750231,0.004115,4.9e-05,0.007326,0.049975,0.034583,0.012839,0.021743,0.010435,0.026177,0.001,1.0,False,0.025,True
algebra2005,2,classical,logit_mean,"bkt,pfa,pfa_recency,elorasch",bkt,valid,93595,114,0.752316,0.750231,0.002085,-0.001769,0.005031,0.313843,0.024978,0.012839,0.012139,0.000696,0.017141,0.034983,1.0,False,0.559728,False
algebra2005,2,classical,rank_mean,"bkt,pfa,pfa_recency,elorasch",bkt,valid,93595,114,0.752333,0.750231,0.002102,-0.001901,0.005276,0.34083,,,,,,,1.0,False,1.0,False
algebra2005,2,classical,median,"bkt,pfa,pfa_recency,elorasch",bkt,valid,93595,114,0.750192,0.750231,-3.9e-05,-0.003586,0.002737,0.857571,0.020316,0.012839,0.007477,-0.002226,0.013248,0.144928,1.0,False,1.0,False
algebra2005,2,deep,arithmetic_mean,"dkt,sakt,akt,simplekt",simplekt,valid,92945,114,0.825598,0.815247,0.010352,0.008377,0.012468,0.001,0.02127,0.06492,-0.04365,-0.045546,-0.040595,0.001,0.025,True,0.025,True
algebra2005,2,deep,geometric_mean,"dkt,sakt,akt,simplekt",simplekt,valid,92945,114,0.825584,0.815247,0.010338,0.008318,0.012528,0.001,0.020065,0.06492,-0.044855,-0.046584,-0.042226,0.001,0.025,True,0.025,True
algebra2005,2,deep,logit_mean,"dkt,sakt,akt,simplekt",simplekt,valid,92945,114,0.826679,0.815247,0.011432,0.009655,0.013321,0.001,0.03409,0.06492,-0.03083,-0.032986,-0.028469,0.001,0.025,True,0.025,True
algebra2005,2,deep,rank_mean,"dkt,sakt,akt,simplekt",simplekt,valid,92945,114,0.824869,0.815247,0.009623,0.00764,0.011739,0.001,,,,,,,0.025,True,0.101952,False
algebra2005,2,deep,median,"dkt,sakt,akt,simplekt",simplekt,valid,92945,114,0.820567,0.815247,0.005321,0.003118,0.007525,0.001,0.027314,0.06492,-0.037606,-0.039313,-0.034707,0.001,0.025,True,0.025,True
algebra2005,3,classical,arithmetic_mean,"bkt,pfa,pfa_recency,elorasch",bkt,valid,93595,114,0.753988,0.750609,0.003379,-0.000644,0.006579,0.111944,0.027804,0.014198,0.013606,0.003552,0.019665,0.010995,1.0,False,0.21989999999999998,False
algebra2005,3,classical,geometric_mean,"bkt,pfa,pfa_recency,elorasch",bkt,valid,93595,114,0.754477,0.750609,0.003868,-0.000208,0.007146,0.063968,0.034699,0.014198,0.020501,0.009903,0.025481,0.001,1.0,False,0.025,True
algebra2005,3,classical,logit_mean,"bkt,pfa,pfa_recency,elorasch",bkt,valid,93595,114,0.752391,0.750609,0.001783,-0.001981,0.004787,0.411794,0.02523,0.014198,0.011032,0.000764,0.016821,0.036982,1.0,False,0.559728,False
algebra2005,3,classical,rank_mean,"bkt,pfa,pfa_recency,elorasch",bkt,valid,93595,114,0.75262,0.750609,0.002011,-0.001892,0.005134,0.35982,,,,,,,1.0,False,1.0,False
algebra2005,3,classical,median,"bkt,pfa,pfa_recency,elorasch",bkt,valid,93595,114,0.749811,0.750609,-0.000797,-0.004316,0.002002,0.498751,0.020174,0.014198,0.005976,-0.002407,0.012417,0.17991,1.0,False,1.0,False
algebra2005,3,deep,arithmetic_mean,"dkt,sakt,akt,simplekt",simplekt,valid,92945,114,0.826563,0.816694,0.009869,0.00759,0.011887,0.001,0.020265,0.066559,-0.046295,-0.048785,-0.042629,0.001,0.025,True,0.025,True
algebra2005,3,deep,geometric_mean,"dkt,sakt,akt,simplekt",simplekt,valid,92945,114,0.826319,0.816694,0.009625,0.00728,0.011692,0.001,0.018326,0.066559,-0.048233,-0.05041,-0.043745,0.001,0.025,True,0.025,True
algebra2005,3,deep,logit_mean,"dkt,sakt,akt,simplekt",simplekt,valid,92945,114,0.827992,0.816694,0.011298,0.009355,0.013084,0.001,0.033506,0.066559,-0.033054,-0.035736,-0.03018,0.001,0.025,True,0.025,True
algebra2005,3,deep,rank_mean,"dkt,sakt,akt,simplekt",simplekt,valid,92945,114,0.826444,0.816694,0.00975,0.007487,0.011771,0.001,,,,,,,0.025,True,0.101952,False
algebra2005,3,deep,median,"dkt,sakt,akt,simplekt",simplekt,valid,92945,114,0.82221,0.816694,0.005517,0.003143,0.00769,0.001,0.027976,0.066559,-0.038584,-0.041188,-0.035874,0.001,0.025,True,0.025,True
algebra2005,4,classical,arithmetic_mean,"bkt,pfa,pfa_recency,elorasch",bkt,valid,93595,114,0.754031,0.750802,0.003229,-0.000852,0.006411,0.144928,0.02792,0.01546,0.01246,0.003192,0.019215,0.016992,1.0,False,0.305856,False
algebra2005,4,classical,geometric_mean,"bkt,pfa,pfa_recency,elorasch",bkt,valid,93595,114,0.754535,0.750802,0.003733,-0.000414,0.007087,0.086957,0.034952,0.01546,0.019492,0.009821,0.025166,0.001,1.0,False,0.025,True
algebra2005,4,classical,logit_mean,"bkt,pfa,pfa_recency,elorasch",bkt,valid,93595,114,0.752307,0.750802,0.001505,-0.002357,0.004542,0.501749,0.02526,0.01546,0.0098,0.000341,0.016204,0.044978,1.0,False,0.615692,False
algebra2005,4,classical,rank_mean,"bkt,pfa,pfa_recency,elorasch",bkt,valid,93595,114,0.752654,0.750802,0.001852,-0.002094,0.005059,0.423788,,,,,,,1.0,False,1.0,False
algebra2005,4,classical,median,"bkt,pfa,pfa_recency,elorasch",bkt,valid,93595,114,0.750232,0.750802,-0.00057,-0.004112,0.002303,0.602699,0.020567,0.01546,0.005107,-0.002587,0.012293,0.21989,1.0,False,1.0,False
algebra2005,4,deep,arithmetic_mean,"dkt,sakt,akt,simplekt",akt,valid,92945,114,0.826365,0.813399,0.012967,0.011406,0.01429,0.001,0.018225,0.027323,-0.009098,-0.011355,-0.005348,0.001,0.025,True,0.025,True
algebra2005,4,deep,geometric_mean,"dkt,sakt,akt,simplekt",akt,valid,92945,114,0.826385,0.813399,0.012987,0.011474,0.014279,0.001,0.017918,0.027323,-0.009405,-0.012098,-0.004295,0.001,0.025,True,0.025,True
algebra2005,4,deep,logit_mean,"dkt,sakt,akt,simplekt",akt,valid,92945,114,0.826058,0.813399,0.012659,0.011149,0.013962,0.001,0.025086,0.027323,-0.002237,-0.003901,-0.000448,0.016992,0.025,True,0.101952,False
algebra2005,4,deep,rank_mean,"dkt,sakt,akt,simplekt",akt,valid,92945,114,0.825398,0.813399,0.011999,0.010371,0.013395,0.001,,,,,,,0.025,True,0.101952,False
algebra2005,4,deep,median,"dkt,sakt,akt,simplekt",akt,valid,92945,114,0.822865,0.813399,0.009467,0.007931,0.010708,0.001,0.023152,0.027323,-0.004171,-0.005389,-0.001648,0.001,0.025,True,0.025,True
bridge2algebra2006,0,classical,arithmetic_mean,"bkt,pfa,pfa_recency,elorasch",pfa_recency,valid,354262,229,0.758094,0.74856,0.009534,0.007884,0.011057,0.001,0.032915,0.011658,0.021257,0.019484,0.02243,0.001,0.025,True,0.025,True
bridge2algebra2006,0,classical,geometric_mean,"bkt,pfa,pfa_recency,elorasch",pfa_recency,valid,354262,229,0.758206,0.74856,0.009645,0.007897,0.01125,0.001,0.032847,0.011658,0.021189,0.019452,0.022639,0.001,0.025,True,0.025,True
bridge2algebra2006,0,classical,logit_mean,"bkt,pfa,pfa_recency,elorasch",pfa_recency,valid,354262,229,0.757639,0.74856,0.009079,0.007672,0.010368,0.001,0.025999,0.011658,0.014341,0.012608,0.015351,0.001,0.025,True,0.025,True
bridge2algebra2006,0,classical,rank_mean,"bkt,pfa,pfa_recency,elorasch",pfa_recency,valid,354262,229,0.755061,0.74856,0.0065,0.004761,0.008156,0.001,,,,,,,0.025,True,0.025,True
bridge2algebra2006,0,classical,median,"bkt,pfa,pfa_recency,elorasch",pfa_recency,valid,354262,229,0.753758,0.74856,0.005198,0.004175,0.006211,0.001,0.019115,0.011658,0.007457,0.00581,0.008359,0.001,0.025,True,0.025,True
bridge2algebra2006,0,deep,arithmetic_mean,"dkt,sakt,akt,simplekt",simplekt,valid,352370,229,0.814689,0.807972,0.006716,0.005623,0.007743,0.001,0.012291,0.008721,0.00357,-0.001014,0.008021,0.150925,0.025,True,1.0,False
bridge2algebra2006,0,deep,geometric_mean,"dkt,sakt,akt,simplekt",simplekt,valid,352370,229,0.814908,0.807972,0.006936,0.005823,0.00797,0.001,0.010532,0.008721,0.001812,-0.001766,0.005897,0.348826,0.025,True,1.0,False
bridge2algebra2006,0,deep,logit_mean,"dkt,sakt,akt,simplekt",simplekt,valid,352370,229,0.815193,0.807972,0.007221,0.006228,0.008186,0.001,0.010472,0.008721,0.001752,-0.004184,0.00738,0.537731,0.025,True,1.0,False
bridge2algebra2006,0,deep,rank_mean,"dkt,sakt,akt,simplekt",simplekt,valid,352370,229,0.812655,0.807972,0.004682,0.003581,0.005737,0.001,,,,,,,0.025,True,1.0,False
bridge2algebra2006,0,deep,median,"dkt,sakt,akt,simplekt",simplekt,valid,352370,229,0.813154,0.807972,0.005181,0.004059,0.00627,0.001,0.008932,0.008721,0.000212,-0.00498,0.005442,0.912544,0.025,True,1.0,False
bridge2algebra2006,1,classical,arithmetic_mean,"bkt,pfa,pfa_recency,elorasch",bkt,valid,354262,229,0.7579,0.746771,0.01113,0.008781,0.013736,0.001,0.033924,0.010514,0.02341,0.019284,0.025839,0.001,0.025,True,0.025,True
bridge2algebra2006,1,classical,geometric_mean,"bkt,pfa,pfa_recency,elorasch",bkt,valid,354262,229,0.757997,0.746771,0.011226,0.008837,0.013858,0.001,0.03376,0.010514,0.023246,0.019283,0.025843,0.001,0.025,True,0.025,True
bridge2algebra2006,1,classical,logit_mean,"bkt,pfa,pfa_recency,elorasch",bkt,valid,354262,229,0.757554,0.746771,0.010783,0.008479,0.01335,0.001,0.027216,0.010514,0.016702,0.012485,0.019143,0.001,0.025,True,0.025,True
bridge2algebra2006,1,classical,rank_mean,"bkt,pfa,pfa_recency,elorasch",bkt,valid,354262,229,0.754922,0.746771,0.008152,0.005747,0.011049,0.001,,,,,,,0.025,True,0.025,True
bridge2algebra2006,1,classical,median,"bkt,pfa,pfa_recency,elorasch",bkt,valid,354262,229,0.753487,0.746771,0.006716,0.004458,0.009239,0.001,0.02102,0.010514,0.010506,0.006233,0.013064,0.001,0.025,True,0.025,True
bridge2algebra2006,1,deep,arithmetic_mean,"dkt,sakt,akt,simplekt",akt,valid,352370,229,0.816829,0.806718,0.010111,0.00824,0.011861,0.001,0.013602,0.006749,0.006854,0.003486,0.009575,0.001,0.025,True,0.025,True
bridge2algebra2006,1,deep,geometric_mean,"dkt,sakt,akt,simplekt",akt,valid,352370,229,0.817006,0.806718,0.010289,0.008404,0.012069,0.001,0.010916,0.006749,0.004167,0.001288,0.007338,0.002999,0.025,True,0.053982,False
bridge2algebra2006,1,deep,logit_mean,"dkt,sakt,akt,simplekt",akt,valid,352370,229,0.817452,0.806718,0.010735,0.009094,0.012324,0.001,0.013202,0.006749,0.006454,0.003116,0.009656,0.001999,0.025,True,0.037981,True
bridge2algebra2006,1,deep,rank_mean,"dkt,sakt,akt,simplekt",akt,valid,352370,229,0.81443,0.806718,0.007713,0.005941,0.009376,0.001,,,,,,,0.025,True,1.0,False
bridge2algebra2006,1,deep,median,"dkt,sakt,akt,simplekt",akt,valid,352370,229,0.815003,0.806718,0.008286,0.006745,0.00972,0.001,0.011027,0.006749,0.004278,0.001171,0.007159,0.009995,0.025,True,0.149925,False
bridge2algebra2006,2,classical,arithmetic_mean,"bkt,pfa,pfa_recency,elorasch",pfa_recency,valid,354262,229,0.757779,0.748654,0.009125,0.007468,0.010686,0.001,0.031696,0.011067,0.020629,0.018874,0.02203,0.001,0.025,True,0.025,True
bridge2algebra2006,2,classical,geometric_mean,"bkt,pfa,pfa_recency,elorasch",pfa_recency,valid,354262,229,0.757817,0.748654,0.009163,0.007436,0.010807,0.001,0.032237,0.011067,0.02117,0.018894,0.022574,0.001,0.025,True,0.025,True
bridge2algebra2006,2,classical,logit_mean,"bkt,pfa,pfa_recency,elorasch",pfa_recency,valid,354262,229,0.757532,0.748654,0.008878,0.007484,0.010207,0.001,0.024817,0.011067,0.01375,0.011923,0.014735,0.001,0.025,True,0.025,True
bridge2algebra2006,2,classical,rank_mean,"bkt,pfa,pfa_recency,elorasch",pfa_recency,valid,354262,229,0.754656,0.748654,0.006002,0.004232,0.007676,0.001,,,,,,,0.025,True,0.025,True
bridge2algebra2006,2,classical,median,"bkt,pfa,pfa_recency,elorasch",pfa_recency,valid,354262,229,0.75373,0.748654,0.005076,0.004082,0.006077,0.001,0.018203,0.011067,0.007136,0.005352,0.007924,0.001,0.025,True,0.025,True
bridge2algebra2006,2,deep,arithmetic_mean,"dkt,sakt,akt,simplekt",akt,valid,352370,229,0.817075,0.807446,0.009629,0.007882,0.011178,0.001,0.013361,0.007236,0.006125,0.002725,0.009564,0.001,0.025,True,0.025,True
bridge2algebra2006,2,deep,geometric_mean,"dkt,sakt,akt,simplekt",akt,valid,352370,229,0.817289,0.807446,0.009844,0.008062,0.011424,0.001,0.012801,0.007236,0.005566,0.00201,0.009005,0.001,0.025,True,0.025,True
bridge2algebra2006,2,deep,logit_mean,"dkt,sakt,akt,simplekt",akt,valid,352370,229,0.817716,0.807446,0.01027,0.008743,0.011654,0.001,0.009712,0.007236,0.002476,-0.000798,0.005579,0.131934,0.025,True,1.0,False
bridge2algebra2006,2,deep,rank_mean,"dkt,sakt,akt,simplekt",akt,valid,352370,229,0.814825,0.807446,0.007379,0.005685,0.0089,0.001,,,,,,,0.025,True,1.0,False
bridge2algebra2006,2,deep,median,"dkt,sakt,akt,simplekt",akt,valid,352370,229,0.81545,0.807446,0.008004,0.00649,0.009293,0.001,0.008263,0.007236,0.001027,-0.002043,0.004239,0.482759,0.025,True,1.0,False
bridge2algebra2006,3,classical,arithmetic_mean,"bkt,pfa,pfa_recency,elorasch",pfa_recency,valid,354262,229,0.758077,0.748474,0.009603,0.007908,0.011206,0.001,0.031557,0.011135,0.020422,0.018935,0.022173,0.001,0.025,True,0.025,True
bridge2algebra2006,3,classical,geometric_mean,"bkt,pfa,pfa_recency,elorasch",pfa_recency,valid,354262,229,0.758158,0.748474,0.009684,0.007868,0.011354,0.001,0.031814,0.011135,0.020679,0.019157,0.022369,0.001,0.025,True,0.025,True
bridge2algebra2006,3,classical,logit_mean,"bkt,pfa,pfa_recency,elorasch",pfa_recency,valid,354262,229,0.757659,0.748474,0.009184,0.00777,0.010516,0.001,0.024515,0.011135,0.01338,0.01185,0.014962,0.001,0.025,True,0.025,True
bridge2algebra2006,3,classical,rank_mean,"bkt,pfa,pfa_recency,elorasch",pfa_recency,valid,354262,229,0.754925,0.748474,0.00645,0.004644,0.008115,0.001,,,,,,,0.025,True,0.025,True
bridge2algebra2006,3,classical,median,"bkt,pfa,pfa_recency,elorasch",pfa_recency,valid,354262,229,0.753919,0.748474,0.005445,0.004442,0.006486,0.001,0.01731,0.011135,0.006174,0.004837,0.007653,0.001,0.025,True,0.025,True
bridge2algebra2006,3,deep,arithmetic_mean,"dkt,sakt,akt,simplekt",akt,valid,352370,229,0.813184,0.805745,0.007439,0.005752,0.008988,0.001,0.015552,0.006766,0.008786,0.004303,0.012468,0.001,0.025,True,0.025,True
bridge2algebra2006,3,deep,geometric_mean,"dkt,sakt,akt,simplekt",akt,valid,352370,229,0.813367,0.805745,0.007622,0.005938,0.009157,0.001,0.013014,0.006766,0.006248,0.002182,0.009942,0.002999,0.025,True,0.053982,False
bridge2algebra2006,3,deep,logit_mean,"dkt,sakt,akt,simplekt",akt,valid,352370,229,0.814129,0.805745,0.008384,0.006942,0.009753,0.001,0.015287,0.006766,0.00852,0.0032,0.013098,0.002999,0.025,True,0.053982,False
bridge2algebra2006,3,deep,rank_mean,"dkt,sakt,akt,simplekt",akt,valid,352370,229,0.811531,0.805745,0.005785,0.00415,0.007289,0.001,,,,,,,0.025,True,1.0,False
bridge2algebra2006,3,deep,median,"dkt,sakt,akt,simplekt",akt,valid,352370,229,0.810186,0.805745,0.004441,0.002741,0.00604,0.001,0.013389,0.006766,0.006622,0.002024,0.010854,0.010995,0.025,True,0.15392999999999998,False
bridge2algebra2006,4,classical,arithmetic_mean,"bkt,pfa,pfa_recency,elorasch",pfa_recency,valid,354262,229,0.757942,0.74841,0.009532,0.007871,0.011091,0.001,0.03226,0.011269,0.020991,0.019376,0.022619,0.001,0.025,True,0.025,True
bridge2algebra2006,4,classical,geometric_mean,"bkt,pfa,pfa_recency,elorasch",pfa_recency,valid,354262,229,0.75802,0.74841,0.00961,0.007841,0.01126,0.001,0.032772,0.011269,0.021503,0.019521,0.022996,0.001,0.025,True,0.025,True
bridge2algebra2006,4,classical,logit_mean,"bkt,pfa,pfa_recency,elorasch",pfa_recency,valid,354262,229,0.757579,0.74841,0.009169,0.007776,0.010526,0.001,0.025143,0.011269,0.013874,0.012149,0.015403,0.001,0.025,True,0.025,True
bridge2algebra2006,4,classical,rank_mean,"bkt,pfa,pfa_recency,elorasch",pfa_recency,valid,354262,229,0.754847,0.74841,0.006437,0.00468,0.008098,0.001,,,,,,,0.025,True,0.025,True
bridge2algebra2006,4,classical,median,"bkt,pfa,pfa_recency,elorasch",pfa_recency,valid,354262,229,0.753701,0.74841,0.005291,0.004308,0.006307,0.001,0.018409,0.011269,0.00714,0.0056,0.008475,0.001,0.025,True,0.025,True
bridge2algebra2006,4,deep,arithmetic_mean,"dkt,sakt,akt,simplekt",akt,valid,352370,229,0.812273,0.805861,0.006412,0.004558,0.008018,0.001,0.015749,0.009314,0.006435,0.00323,0.009675,0.001,0.025,True,0.025,True
bridge2algebra2006,4,deep,geometric_mean,"dkt,sakt,akt,simplekt",akt,valid,352370,229,0.812523,0.805861,0.006662,0.004847,0.008262,0.001,0.0161,0.009314,0.006786,0.003453,0.009764,0.001,0.025,True,0.025,True
bridge2algebra2006,4,deep,logit_mean,"dkt,sakt,akt,simplekt",akt,valid,352370,229,0.81293,0.805861,0.007069,0.005404,0.008539,0.001,0.009816,0.009314,0.000502,-0.002869,0.003905,0.84058,0.025,True,1.0,False
bridge2algebra2006,4,deep,rank_mean,"dkt,sakt,akt,simplekt",akt,valid,352370,229,0.810696,0.805861,0.004835,0.002966,0.006481,0.001,,,,,,,0.025,True,1.0,False
bridge2algebra2006,4,deep,median,"dkt,sakt,akt,simplekt",akt,valid,352370,229,0.810858,0.805861,0.004997,0.003296,0.006451,0.001,0.011196,0.009314,0.001882,-0.001388,0.005019,0.262869,0.025,True,1.0,False
assist2012,0,classical,arithmetic_mean,"bkt,pfa,pfa_recency,elorasch",bkt,valid,542817,5497,0.689243,0.680836,0.008406,0.007354,0.009389,0.001,0.030779,0.008537,0.022243,0.018245,0.025055,0.001,0.025,True,0.025,True
assist2012,0,classical,geometric_mean,"bkt,pfa,pfa_recency,elorasch",bkt,valid,542817,5497,0.689734,0.680836,0.008898,0.007819,0.009914,0.001,0.030943,0.008537,0.022407,0.018186,0.025234,0.001,0.025,True,0.025,True
assist2012,0,classical,logit_mean,"bkt,pfa,pfa_recency,elorasch",bkt,valid,542817,5497,0.688544,0.680836,0.007708,0.006666,0.008668,0.001,0.028279,0.008537,0.019743,0.015697,0.022519,0.001,0.025,True,0.025,True
assist2012,0,classical,rank_mean,"bkt,pfa,pfa_recency,elorasch",bkt,valid,542817,5497,0.688529,0.680836,0.007692,0.006541,0.008763,0.001,,,,,,,0.025,True,0.025,True
assist2012,0,classical,median,"bkt,pfa,pfa_recency,elorasch",bkt,valid,542817,5497,0.683004,0.680836,0.002168,0.001071,0.003169,0.001,0.021925,0.008537,0.013389,0.009341,0.016121,0.001,0.025,True,0.025,True
assist2012,0,deep,arithmetic_mean,"dkt,sakt,akt,simplekt",akt,valid,536087,5497,0.771622,0.772909,-0.001286,-0.001898,-0.000639,0.001,0.026273,0.014961,0.011312,0.008766,0.013778,0.001,0.025,True,0.025,True
assist2012,0,deep,geometric_mean,"dkt,sakt,akt,simplekt",akt,valid,536087,5497,0.771586,0.772909,-0.001323,-0.001962,-0.000675,0.001,0.023833,0.014961,0.008872,0.00637,0.011367,0.001,0.025,True,0.025,True
assist2012,0,deep,logit_mean,"dkt,sakt,akt,simplekt",akt,valid,536087,5497,0.772632,0.772909,-0.000277,-0.000867,0.000333,0.396802,0.02091,0.014961,0.005949,0.003804,0.008314,0.001,1.0,False,0.025,True
assist2012,0,deep,rank_mean,"dkt,sakt,akt,simplekt",akt,valid,536087,5497,0.767934,0.772909,-0.004974,-0.005682,-0.004231,0.001,,,,,,,0.025,True,0.025,True
assist2012,0,deep,median,"dkt,sakt,akt,simplekt",akt,valid,536087,5497,0.770659,0.772909,-0.002249,-0.002875,-0.001598,0.001,0.021211,0.014961,0.006251,0.003795,0.008664,0.001,0.025,True,0.025,True
assist2012,1,classical,arithmetic_mean,"bkt,pfa,pfa_recency,elorasch",bkt,valid,542817,5497,0.689175,0.680724,0.008451,0.007391,0.009427,0.001,0.031097,0.008243,0.022854,0.018646,0.025532,0.001,0.025,True,0.025,True
assist2012,1,classical,geometric_mean,"bkt,pfa,pfa_recency,elorasch",bkt,valid,542817,5497,0.68966,0.680724,0.008935,0.007861,0.009932,0.001,0.03126,0.008243,0.023017,0.018581,0.025657,0.001,0.025,True,0.025,True
assist2012,1,classical,logit_mean,"bkt,pfa,pfa_recency,elorasch",bkt,valid,542817,5497,0.688488,0.680724,0.007764,0.006701,0.008741,0.001,0.028369,0.008243,0.020126,0.016039,0.022879,0.001,0.025,True,0.025,True
assist2012,1,classical,rank_mean,"bkt,pfa,pfa_recency,elorasch",bkt,valid,542817,5497,0.688369,0.680724,0.007645,0.0065,0.008719,0.001,,,,,,,0.025,True,0.025,True
assist2012,1,classical,median,"bkt,pfa,pfa_recency,elorasch",bkt,valid,542817,5497,0.682932,0.680724,0.002208,0.001112,0.003223,0.001,0.022402,0.008243,0.014159,0.009978,0.016697,0.001,0.025,True,0.025,True
assist2012,1,deep,arithmetic_mean,"dkt,sakt,akt,simplekt",akt,valid,536087,5497,0.771671,0.772772,-0.001101,-0.00173,-0.000479,0.001,0.024466,0.014935,0.009532,0.007121,0.011926,0.001,0.025,True,0.025,True
assist2012,1,deep,geometric_mean,"dkt,sakt,akt,simplekt",akt,valid,536087,5497,0.771684,0.772772,-0.001088,-0.00173,-0.000452,0.001,0.021847,0.014935,0.006912,0.004514,0.0094,0.001,0.025,True,0.025,True
assist2012,1,deep,logit_mean,"dkt,sakt,akt,simplekt",akt,valid,536087,5497,0.772616,0.772772,-0.000157,-0.000742,0.000456,0.610695,0.01909,0.014935,0.004155,0.002036,0.006522,0.002999,1.0,False,0.025,True
assist2012,1,deep,rank_mean,"dkt,sakt,akt,simplekt",akt,valid,536087,5497,0.767964,0.772772,-0.004809,-0.005534,-0.004095,0.001,,,,,,,0.025,True,0.025,True
assist2012,1,deep,median,"dkt,sakt,akt,simplekt",akt,valid,536087,5497,0.770831,0.772772,-0.001941,-0.002548,-0.001335,0.001,0.019568,0.014935,0.004633,0.002231,0.006929,0.001,0.025,True,0.025,True
assist2012,2,classical,arithmetic_mean,"bkt,pfa,pfa_recency,elorasch",bkt,valid,542817,5497,0.689121,0.680908,0.008214,0.007161,0.009168,0.001,0.030731,0.00762,0.023111,0.018945,0.025252,0.001,0.025,True,0.025,True
assist2012,2,classical,geometric_mean,"bkt,pfa,pfa_recency,elorasch",bkt,valid,542817,5497,0.68961,0.680908,0.008702,0.00763,0.009676,0.001,0.030874,0.00762,0.023254,0.018893,0.02541,0.001,0.025,True,0.025,True
assist2012,2,classical,logit_mean,"bkt,pfa,pfa_recency,elorasch",bkt,valid,542817,5497,0.688439,0.680908,0.007531,0.006486,0.008461,0.001,0.028143,0.00762,0.020523,0.016493,0.022782,0.001,0.025,True,0.025,True
assist2012,2,classical,rank_mean,"bkt,pfa,pfa_recency,elorasch",bkt,valid,542817,5497,0.688238,0.680908,0.00733,0.006176,0.008375,0.001,,,,,,,0.025,True,0.025,True
assist2012,2,classical,median,"bkt,pfa,pfa_recency,elorasch",bkt,valid,542817,5497,0.682961,0.680908,0.002053,0.000955,0.003031,0.001,0.021856,0.00762,0.014235,0.010267,0.016337,0.001,0.025,True,0.025,True
assist2012,2,deep,arithmetic_mean,"dkt,sakt,akt,simplekt",akt,valid,536087,5497,0.770889,0.771735,-0.000846,-0.001449,-0.00021,0.011994,0.024337,0.014769,0.009568,0.007293,0.01198,0.001,0.107946,False,0.025,True
assist2012,2,deep,geometric_mean,"dkt,sakt,akt,simplekt",akt,valid,536087,5497,0.770803,0.771735,-0.000931,-0.001551,-0.000282,0.007996,0.021941,0.014769,0.007172,0.004741,0.009593,0.001,0.08795599999999999,False,0.025,True
assist2012,2,deep,logit_mean,"dkt,sakt,akt,simplekt",akt,valid,536087,5497,0.771976,0.771735,0.000241,-0.000333,0.00084,0.427786,0.020917,0.014769,0.006148,0.004122,0.008228,0.001,1.0,False,0.025,True
assist2012,2,deep,rank_mean,"dkt,sakt,akt,simplekt",akt,valid,536087,5497,0.767278,0.771735,-0.004456,-0.005165,-0.003728,0.001,,,,,,,0.025,True,0.025,True
assist2012,2,deep,median,"dkt,sakt,akt,simplekt",akt,valid,536087,5497,0.770264,0.771735,-0.001471,-0.002071,-0.000851,0.001,0.020396,0.014769,0.005627,0.003695,0.007816,0.001,0.025,True,0.025,True
assist2012,3,classical,arithmetic_mean,"bkt,pfa,pfa_recency,elorasch",bkt,valid,542817,5497,0.689154,0.680942,0.008213,0.007158,0.009177,0.001,0.030833,0.008015,0.022818,0.018717,0.025547,0.001,0.025,True,0.025,True
assist2012,3,classical,geometric_mean,"bkt,pfa,pfa_recency,elorasch",bkt,valid,542817,5497,0.689657,0.680942,0.008715,0.007644,0.009696,0.001,0.030977,0.008015,0.022962,0.018701,0.025629,0.001,0.025,True,0.025,True
assist2012,3,classical,logit_mean,"bkt,pfa,pfa_recency,elorasch",bkt,valid,542817,5497,0.688445,0.680942,0.007504,0.006455,0.008446,0.001,0.028266,0.008015,0.020251,0.016105,0.022944,0.001,0.025,True,0.025,True
assist2012,3,classical,rank_mean,"bkt,pfa,pfa_recency,elorasch",bkt,valid,542817,5497,0.688439,0.680942,0.007497,0.006341,0.008549,0.001,,,,,,,0.025,True,0.025,True
assist2012,3,classical,median,"bkt,pfa,pfa_recency,elorasch",bkt,valid,542817,5497,0.68292,0.680942,0.001978,0.000873,0.002994,0.001,0.021618,0.008015,0.013603,0.009703,0.016335,0.001,0.025,True,0.025,True
assist2012,3,deep,arithmetic_mean,"dkt,sakt,akt,simplekt",akt,valid,536087,5497,0.771283,0.771509,-0.000226,-0.00083,0.00039,0.490755,0.024788,0.014137,0.010652,0.008318,0.013049,0.001,1.0,False,0.025,True
assist2012,3,deep,geometric_mean,"dkt,sakt,akt,simplekt",akt,valid,536087,5497,0.771271,0.771509,-0.000238,-0.000857,0.000386,0.482759,0.022374,0.014137,0.008237,0.005667,0.010638,0.001,1.0,False,0.025,True
assist2012,3,deep,logit_mean,"dkt,sakt,akt,simplekt",akt,valid,536087,5497,0.772292,0.771509,0.000783,0.000213,0.001379,0.008996,0.019693,0.014137,0.005556,0.003518,0.007925,0.001,0.08996000000000001,False,0.025,True
assist2012,3,deep,rank_mean,"dkt,sakt,akt,simplekt",akt,valid,536087,5497,0.767625,0.771509,-0.003883,-0.004586,-0.00316,0.001,,,,,,,0.025,True,0.025,True
assist2012,3,deep,median,"dkt,sakt,akt,simplekt",akt,valid,536087,5497,0.770288,0.771509,-0.00122,-0.00181,-0.000613,0.001,0.019615,0.014137,0.005478,0.003311,0.007881,0.001,0.025,True,0.025,True
assist2012,4,classical,arithmetic_mean,"bkt,pfa,pfa_recency,elorasch",bkt,valid,542817,5497,0.689175,0.680866,0.008309,0.007255,0.009335,0.001,0.0307,0.008151,0.022549,0.018285,0.025293,0.001,0.025,True,0.025,True
assist2012,4,classical,geometric_mean,"bkt,pfa,pfa_recency,elorasch",bkt,valid,542817,5497,0.689668,0.680866,0.008803,0.007723,0.009838,0.001,0.030705,0.008151,0.022555,0.01828,0.025384,0.001,0.025,True,0.025,True
assist2012,4,classical,logit_mean,"bkt,pfa,pfa_recency,elorasch",bkt,valid,542817,5497,0.688469,0.680866,0.007604,0.006555,0.008621,0.001,0.028183,0.008151,0.020032,0.015783,0.022813,0.001,0.025,True,0.025,True
assist2012,4,classical,rank_mean,"bkt,pfa,pfa_recency,elorasch",bkt,valid,542817,5497,0.688392,0.680866,0.007526,0.006335,0.008634,0.001,,,,,,,0.025,True,0.025,True
assist2012,4,classical,median,"bkt,pfa,pfa_recency,elorasch",bkt,valid,542817,5497,0.682968,0.680866,0.002102,0.000967,0.003133,0.001,0.021937,0.008151,0.013786,0.00951,0.016354,0.001,0.025,True,0.025,True
assist2012,4,deep,arithmetic_mean,"dkt,sakt,akt,simplekt",akt,valid,536087,5497,0.771679,0.772492,-0.000814,-0.001447,-0.000188,0.015992,0.022791,0.01261,0.010181,0.00786,0.012441,0.001,0.127936,False,0.025,True
assist2012,4,deep,geometric_mean,"dkt,sakt,akt,simplekt",akt,valid,536087,5497,0.771811,0.772492,-0.000682,-0.001318,-6.4e-05,0.042979,0.018269,0.01261,0.005658,0.003503,0.008106,0.001,0.30085300000000004,False,0.025,True
assist2012,4,deep,logit_mean,"dkt,sakt,akt,simplekt",akt,valid,536087,5497,0.77241,0.772492,-8.3e-05,-0.0007,0.000532,0.792604,0.02079,0.01261,0.008179,0.00628,0.010283,0.001,1.0,False,0.025,True
assist2012,4,deep,rank_mean,"dkt,sakt,akt,simplekt",akt,valid,536087,5497,0.768074,0.772492,-0.004419,-0.005155,-0.003688,0.001,,,,,,,0.025,True,0.025,True
assist2012,4,deep,median,"dkt,sakt,akt,simplekt",akt,valid,536087,5497,0.771046,0.772492,-0.001447,-0.002053,-0.000833,0.001,0.019175,0.01261,0.006565,0.004588,0.008765,0.001,0.025,True,0.025,True
ednet,0,classical,arithmetic_mean,"bkt,pfa,pfa_recency,elorasch",elorasch,valid,133974,937,0.639786,0.641491,-0.001705,-0.005027,0.00245,0.457771,0.019254,0.047139,-0.027884,-0.034832,-0.017198,0.001999,1.0,False,0.037981,True
ednet,0,classical,geometric_mean,"bkt,pfa,pfa_recency,elorasch",elorasch,valid,133974,937,0.640502,0.641491,-0.000989,-0.004238,0.00305,0.674663,0.016163,0.047139,-0.030975,-0.036572,-0.020367,0.001,1.0,False,0.025,True
ednet,0,classical,logit_mean,"bkt,pfa,pfa_recency,elorasch",elorasch,valid,133974,937,0.638664,0.641491,-0.002827,-0.006207,0.00147,0.206897,0.028806,0.047139,-0.018333,-0.025449,-0.008966,0.002999,1.0,False,0.037981,True
ednet,0,classical,rank_mean,"bkt,pfa,pfa_recency,elorasch",elorasch,valid,133974,937,0.642718,0.641491,0.001227,-0.001893,0.005047,0.415792,,,,,,,1.0,False,1.0,False
ednet,0,classical,median,"bkt,pfa,pfa_recency,elorasch",elorasch,valid,133974,937,0.637815,0.641491,-0.003676,-0.007553,0.001209,0.143928,0.019979,0.047139,-0.027159,-0.034674,-0.016357,0.001999,1.0,False,0.037981,True
ednet,0,deep,arithmetic_mean,"dkt,sakt,akt,simplekt",simplekt,valid,132209,937,0.63232,0.658462,-0.026142,-0.02938,-0.02317,0.001,0.086524,0.148408,-0.061885,-0.064843,-0.056754,0.001,0.025,True,0.025,True
ednet,0,deep,geometric_mean,"dkt,sakt,akt,simplekt",simplekt,valid,132209,937,0.63243,0.658462,-0.026032,-0.029295,-0.023067,0.001,0.087686,0.148408,-0.060722,-0.062667,-0.056058,0.001,0.025,True,0.025,True
ednet,0,deep,logit_mean,"dkt,sakt,akt,simplekt",simplekt,valid,132209,937,0.637532,0.658462,-0.02093,-0.023435,-0.018619,0.001,0.097994,0.148408,-0.050414,-0.05531,-0.045076,0.001,0.025,True,0.025,True
ednet,0,deep,rank_mean,"dkt,sakt,akt,simplekt",simplekt,valid,132209,937,0.629516,0.658462,-0.028946,-0.032226,-0.026073,0.001,,,,,,,0.025,True,0.025,True
ednet,0,deep,median,"dkt,sakt,akt,simplekt",simplekt,valid,132209,937,0.623239,0.658462,-0.035223,-0.039094,-0.032008,0.001,0.091488,0.148408,-0.05692,-0.059474,-0.051547,0.001,0.025,True,0.025,True
ednet,1,classical,arithmetic_mean,"bkt,pfa,pfa_recency,elorasch",elorasch,valid,133974,937,0.639509,0.640902,-0.001393,-0.004893,0.002903,0.552724,0.021334,0.04591,-0.024576,-0.033385,-0.013463,0.001999,1.0,False,0.037981,True
ednet,1,classical,geometric_mean,"bkt,pfa,pfa_recency,elorasch",elorasch,valid,133974,937,0.640261,0.640902,-0.000641,-0.004059,0.003499,0.833583,0.017637,0.04591,-0.028273,-0.035958,-0.017294,0.001,1.0,False,0.025,True
ednet,1,classical,logit_mean,"bkt,pfa,pfa_recency,elorasch",elorasch,valid,133974,937,0.638048,0.640902,-0.002854,-0.006427,0.00166,0.232884,0.032859,0.04591,-0.013051,-0.021234,-0.003449,0.011994,1.0,False,0.107946,False
ednet,1,classical,rank_mean,"bkt,pfa,pfa_recency,elorasch",elorasch,valid,133974,937,0.642477,0.640902,0.001575,-0.001586,0.005443,0.32084,,,,,,,1.0,False,1.0,False
ednet,1,classical,median,"bkt,pfa,pfa_recency,elorasch",elorasch,valid,133974,937,0.638077,0.640902,-0.002825,-0.006888,0.002075,0.301849,0.019496,0.04591,-0.026414,-0.033806,-0.01392,0.001999,1.0,False,0.037981,True
ednet,1,deep,arithmetic_mean,"dkt,sakt,akt,simplekt",simplekt,valid,132209,937,0.63288,0.659407,-0.026527,-0.029572,-0.023724,0.001,0.085113,0.132468,-0.047355,-0.04982,-0.043106,0.001,0.025,True,0.025,True
ednet,1,deep,geometric_mean,"dkt,sakt,akt,simplekt",simplekt,valid,132209,937,0.632904,0.659407,-0.026502,-0.029467,-0.023788,0.001,0.089253,0.132468,-0.043215,-0.046782,-0.038295,0.001,0.025,True,0.025,True
ednet,1,deep,logit_mean,"dkt,sakt,akt,simplekt",simplekt,valid,132209,937,0.63664,0.659407,-0.022767,-0.025326,-0.020376,0.001,0.093414,0.132468,-0.039054,-0.042936,-0.033972,0.001,0.025,True,0.025,True
ednet,1,deep,rank_mean,"dkt,sakt,akt,simplekt",simplekt,valid,132209,937,0.631093,0.659407,-0.028313,-0.031475,-0.025433,0.001,,,,,,,0.025,True,0.025,True
ednet,1,deep,median,"dkt,sakt,akt,simplekt",simplekt,valid,132209,937,0.625361,0.659407,-0.034045,-0.037679,-0.030887,0.001,0.090286,0.132468,-0.042182,-0.043711,-0.037087,0.001,0.025,True,0.025,True
ednet,2,classical,arithmetic_mean,"bkt,pfa,pfa_recency,elorasch",elorasch,valid,133974,937,0.640529,0.641586,-0.001057,-0.004438,0.003347,0.677661,0.017416,0.04684,-0.029424,-0.036116,-0.018989,0.001,1.0,False,0.025,True
ednet,2,classical,geometric_mean,"bkt,pfa,pfa_recency,elorasch",elorasch,valid,133974,937,0.641206,0.641586,-0.00038,-0.003675,0.003957,0.933533,0.015006,0.04684,-0.031834,-0.037596,-0.021981,0.001,1.0,False,0.025,True
ednet,2,classical,logit_mean,"bkt,pfa,pfa_recency,elorasch",elorasch,valid,133974,937,0.639409,0.641586,-0.002177,-0.005576,0.00231,0.378811,0.02639,0.04684,-0.02045,-0.027404,-0.011028,0.001999,1.0,False,0.037981,True
ednet,2,classical,rank_mean,"bkt,pfa,pfa_recency,elorasch",elorasch,valid,133974,937,0.64306,0.641586,0.001473,-0.001652,0.005377,0.358821,,,,,,,1.0,False,1.0,False
ednet,2,classical,median,"bkt,pfa,pfa_recency,elorasch",elorasch,valid,133974,937,0.639009,0.641586,-0.002577,-0.00647,0.002426,0.337831,0.017229,0.04684,-0.029611,-0.036697,-0.018407,0.001,1.0,False,0.025,True
ednet,2,deep,arithmetic_mean,"dkt,sakt,akt,simplekt",simplekt,valid,132209,937,0.632649,0.657867,-0.025218,-0.0284,-0.022249,0.001,0.087569,0.146561,-0.058992,-0.062353,-0.054504,0.001,0.025,True,0.025,True
ednet,2,deep,geometric_mean,"dkt,sakt,akt,simplekt",simplekt,valid,132209,937,0.632559,0.657867,-0.025308,-0.028495,-0.022391,0.001,0.089438,0.146561,-0.057123,-0.060279,-0.053282,0.001,0.025,True,0.025,True
ednet,2,deep,logit_mean,"dkt,sakt,akt,simplekt",simplekt,valid,132209,937,0.638461,0.657867,-0.019405,-0.021854,-0.017138,0.001,0.098878,0.146561,-0.047683,-0.05462,-0.042933,0.001,0.025,True,0.025,True
ednet,2,deep,rank_mean,"dkt,sakt,akt,simplekt",simplekt,valid,132209,937,0.630077,0.657867,-0.027789,-0.031032,-0.024854,0.001,,,,,,,0.025,True,0.025,True
ednet,2,deep,median,"dkt,sakt,akt,simplekt",simplekt,valid,132209,937,0.622842,0.657867,-0.035025,-0.038742,-0.031833,0.001,0.091661,0.146561,-0.054901,-0.058236,-0.050347,0.001,0.025,True,0.025,True
ednet,3,classical,arithmetic_mean,"bkt,pfa,pfa_recency,elorasch",bkt,valid,133974,937,0.640366,0.628835,0.011531,0.004894,0.018745,0.001,0.020375,0.018296,0.002079,-0.00561,0.008639,0.76062,0.025,True,1.0,False
ednet,3,classical,geometric_mean,"bkt,pfa,pfa_recency,elorasch",bkt,valid,133974,937,0.641025,0.628835,0.01219,0.005554,0.019416,0.001,0.016488,0.018296,-0.001808,-0.008549,0.00575,0.63968,0.025,True,1.0,False
ednet,3,classical,logit_mean,"bkt,pfa,pfa_recency,elorasch",bkt,valid,133974,937,0.639323,0.628835,0.010489,0.00375,0.017741,0.001,0.030914,0.018296,0.012618,0.004697,0.018245,0.002999,0.025,True,0.037981,True
ednet,3,classical,rank_mean,"bkt,pfa,pfa_recency,elorasch",bkt,valid,133974,937,0.64317,0.628835,0.014336,0.007767,0.021685,0.001,,,,,,,0.025,True,1.0,False
ednet,3,classical,median,"bkt,pfa,pfa_recency,elorasch",bkt,valid,133974,937,0.638023,0.628835,0.009188,0.003326,0.015329,0.001,0.02151,0.018296,0.003214,-0.004035,0.00971,0.45977,0.025,True,1.0,False
ednet,3,deep,arithmetic_mean,"dkt,sakt,akt,simplekt",simplekt,valid,132209,937,0.632972,0.65679,-0.023818,-0.026868,-0.021049,0.001,0.085275,0.145087,-0.059812,-0.061995,-0.054644,0.001,0.025,True,0.025,True
ednet,3,deep,geometric_mean,"dkt,sakt,akt,simplekt",simplekt,valid,132209,937,0.633077,0.65679,-0.023713,-0.026749,-0.020933,0.001,0.088511,0.145087,-0.056576,-0.059094,-0.05239,0.001,0.025,True,0.025,True
ednet,3,deep,logit_mean,"dkt,sakt,akt,simplekt",simplekt,valid,132209,937,0.638054,0.65679,-0.018736,-0.021086,-0.016559,0.001,0.095657,0.145087,-0.04943,-0.054008,-0.043853,0.001,0.025,True,0.025,True
ednet,3,deep,rank_mean,"dkt,sakt,akt,simplekt",simplekt,valid,132209,937,0.630464,0.65679,-0.026326,-0.029492,-0.023548,0.001,,,,,,,0.025,True,0.025,True
ednet,3,deep,median,"dkt,sakt,akt,simplekt",simplekt,valid,132209,937,0.623249,0.65679,-0.033541,-0.037116,-0.030373,0.001,0.090494,0.145087,-0.054593,-0.056477,-0.04897,0.001,0.025,True,0.025,True
ednet,4,classical,arithmetic_mean,"bkt,pfa,pfa_recency,elorasch",elorasch,valid,133974,937,0.639831,0.641109,-0.001278,-0.004735,0.002941,0.603698,0.017592,0.045742,-0.02815,-0.034307,-0.016428,0.001999,1.0,False,0.037981,True
ednet,4,classical,geometric_mean,"bkt,pfa,pfa_recency,elorasch",elorasch,valid,133974,937,0.640476,0.641109,-0.000633,-0.004015,0.003464,0.842579,0.015002,0.045742,-0.03074,-0.036401,-0.019902,0.001,1.0,False,0.025,True
ednet,4,classical,logit_mean,"bkt,pfa,pfa_recency,elorasch",elorasch,valid,133974,937,0.638698,0.641109,-0.002411,-0.005886,0.002046,0.322839,0.02821,0.045742,-0.017532,-0.024163,-0.007475,0.004998,1.0,False,0.04998,True
ednet,4,classical,rank_mean,"bkt,pfa,pfa_recency,elorasch",elorasch,valid,133974,937,0.642692,0.641109,0.001583,-0.001528,0.00543,0.329835,,,,,,,1.0,False,1.0,False
ednet,4,classical,median,"bkt,pfa,pfa_recency,elorasch",elorasch,valid,133974,937,0.638099,0.641109,-0.00301,-0.007072,0.001835,0.264868,0.018595,0.045742,-0.027147,-0.034639,-0.015852,0.001999,1.0,False,0.037981,True
ednet,4,deep,arithmetic_mean,"dkt,sakt,akt,simplekt",simplekt,valid,132209,937,0.630837,0.653691,-0.022854,-0.025754,-0.020224,0.001,0.08795,0.142891,-0.054941,-0.056733,-0.050576,0.001,0.025,True,0.025,True
ednet,4,deep,geometric_mean,"dkt,sakt,akt,simplekt",simplekt,valid,132209,937,0.631455,0.653691,-0.022236,-0.025115,-0.019643,0.001,0.093952,0.142891,-0.048939,-0.052088,-0.044615,0.001,0.025,True,0.025,True
ednet,4,deep,logit_mean,"dkt,sakt,akt,simplekt",simplekt,valid,132209,937,0.632989,0.653691,-0.020702,-0.023338,-0.018288,0.001,0.0911,0.142891,-0.051791,-0.053471,-0.046926,0.001,0.025,True,0.025,True
ednet,4,deep,rank_mean,"dkt,sakt,akt,simplekt",simplekt,valid,132209,937,0.628005,0.653691,-0.025686,-0.028782,-0.022944,0.001,,,,,,,0.025,True,0.025,True
ednet,4,deep,median,"dkt,sakt,akt,simplekt",simplekt,valid,132209,937,0.62211,0.653691,-0.03158,-0.035236,-0.028478,0.001,0.092324,0.142891,-0.050567,-0.052693,-0.046625,0.001,0.025,True,0.025,True
