dataset,fold,scheme,best_single_model,best_single_selected_on,n_test,n_students,bootstrap_method,fit_sec,scheme_auc,scheme_ece,best_single_auc,delta_auc_vs_best,auc_ci_low_vs_best,auc_ci_high_vs_best,auc_p_vs_best,best_single_ece,delta_ece_vs_best,ece_p_vs_best,static_auc,delta_auc_vs_static,auc_ci_low_vs_static,auc_ci_high_vs_static,auc_p_vs_static,stacked_auc,delta_auc_vs_stack,auc_ci_low_vs_stack,auc_ci_high_vs_stack,auc_p_vs_stack,auc_p_vs_best_holm,auc_p_vs_best_reject_holm,ece_p_vs_best_holm,ece_p_vs_best_reject_holm,auc_p_vs_static_holm,auc_p_vs_static_reject_holm,auc_p_vs_stack_holm,auc_p_vs_stack_reject_holm
assist2009,0,attention,akt,valid,61904,770,cluster,0.7,0.846285,0.01992,0.831487,0.014798,0.012706,0.016815,0.0,0.010324,0.009596,0.004,0.846219,6.6e-05,-0.001026,0.001118,0.93,0.846248,3.7e-05,-0.000556,0.00069,0.875,0.0,True,0.032,True,1.0,False,1.0,False
assist2009,0,moe,akt,valid,61904,770,cluster,0.1,0.840309,0.013842,0.831487,0.008822,0.007038,0.010638,0.0,0.010324,0.003517,0.287,0.846219,-0.00591,-0.007829,-0.004104,0.0,0.846248,-0.005939,-0.007314,-0.004496,0.0,0.0,True,1.0,False,0.0,True,0.0,True
assist2009,1,attention,akt,valid,61904,770,cluster,0.7,0.844919,0.010243,0.829269,0.01565,0.013431,0.017829,0.0,0.007153,0.00309,0.26,0.846245,-0.001325,-0.002367,-0.000298,0.013,0.845235,-0.000315,-0.000986,0.000419,0.395,0.0,True,1.0,False,0.052,False,1.0,False
assist2009,1,moe,akt,valid,61904,770,cluster,0.1,0.834916,0.006983,0.829269,0.005647,0.003866,0.007489,0.0,0.007153,-0.00017,0.482,0.846245,-0.011329,-0.013627,-0.008924,0.0,0.845235,-0.010319,-0.012545,-0.008008,0.0,0.0,True,1.0,False,0.0,True,0.0,True
assist2009,2,attention,simplekt,valid,61904,770,cluster,0.8,0.843925,0.019709,0.829041,0.014884,0.012722,0.017026,0.0,0.011985,0.007725,0.043,0.844068,-0.000142,-0.00145,0.001328,0.8,0.843305,0.00062,1e-06,0.001276,0.05,0.0,True,0.258,False,1.0,False,0.25,False
assist2009,2,moe,simplekt,valid,61904,770,cluster,0.1,0.839095,0.013897,0.829041,0.010054,0.007401,0.012581,0.0,0.011985,0.001913,0.636,0.844068,-0.004973,-0.006832,-0.00289,0.0,0.843305,-0.004211,-0.005333,-0.002947,0.0,0.0,True,1.0,False,0.0,True,0.0,True
assist2009,3,attention,akt,valid,61904,770,cluster,0.8,0.846592,0.014712,0.829384,0.017208,0.015299,0.019259,0.0,0.007244,0.007468,0.019,0.845658,0.000934,-0.000389,0.002351,0.188,0.846494,9.8e-05,-0.000471,0.000705,0.667,0.0,True,0.133,False,0.5640000000000001,False,1.0,False
assist2009,3,moe,akt,valid,61904,770,cluster,0.1,0.839464,0.009582,0.829384,0.01008,0.008526,0.01175,0.0,0.007244,0.002338,0.492,0.845658,-0.006194,-0.008316,-0.004,0.0,0.846494,-0.00703,-0.008555,-0.005429,0.0,0.0,True,1.0,False,0.0,True,0.0,True
assist2009,4,attention,simplekt,valid,61904,770,cluster,0.7,0.846632,0.028539,0.83191,0.014722,0.01164,0.017688,0.0,0.086021,-0.057482,0.0,0.849372,-0.00274,-0.00401,-0.001442,0.0,0.847161,-0.000529,-0.001372,0.000383,0.244,0.0,True,0.0,True,0.0,True,0.976,False
assist2009,4,moe,simplekt,valid,61904,770,cluster,0.1,0.837492,0.022203,0.83191,0.005582,0.001552,0.009529,0.007,0.086021,-0.063818,0.0,0.849372,-0.01188,-0.014419,-0.009343,0.0,0.847161,-0.009669,-0.011893,-0.007488,0.0,0.007,True,0.0,True,0.0,True,0.0,True
assist2015,0,attention,dkt,valid,134592,3818,cluster,0.8,0.730065,0.00546,0.726964,0.003101,0.002139,0.004009,0.0,0.010352,-0.004892,0.032,0.728832,0.001233,0.00045,0.001996,0.001,0.730553,-0.000488,-0.000816,-0.00018,0.002,0.0,True,0.09,False,0.005,True,0.002,True
assist2015,0,moe,dkt,valid,134592,3818,cluster,0.3,0.726339,0.003351,0.726964,-0.000625,-0.001783,0.000547,0.297,0.010352,-0.007002,0.002,0.728832,-0.002493,-0.003412,-0.00153,0.0,0.730553,-0.004214,-0.00504,-0.003475,0.0,0.891,False,0.018000000000000002,True,0.0,True,0.0,True
assist2015,1,attention,dkt,valid,134592,3818,cluster,0.4,0.729734,0.006255,0.726292,0.003442,0.002479,0.004357,0.0,0.008552,-0.002297,0.185,0.729401,0.000334,-0.000413,0.00107,0.35,0.730322,-0.000588,-0.000864,-0.000313,0.0,0.0,True,0.185,False,0.35,False,0.0,True
assist2015,1,moe,dkt,valid,134592,3818,cluster,0.3,0.7268,0.004927,0.726292,0.000508,-0.000706,0.001618,0.402,0.008552,-0.003625,0.03,0.729401,-0.002601,-0.00348,-0.001687,0.0,0.730322,-0.003522,-0.004229,-0.002797,0.0,0.891,False,0.09,False,0.0,True,0.0,True
assist2015,2,attention,dkt,valid,134592,3818,cluster,0.3,0.730031,0.004333,0.727098,0.002933,0.002017,0.003881,0.0,0.010102,-0.005769,0.004,0.729328,0.000704,3e-06,0.001412,0.05,0.730918,-0.000887,-0.001188,-0.000603,0.0,0.0,True,0.024,True,0.15000000000000002,False,0.0,True
assist2015,2,moe,dkt,valid,134592,3818,cluster,0.2,0.725799,0.00481,0.727098,-0.0013,-0.002453,-0.000188,0.027,0.010102,-0.005292,0.002,0.729328,-0.003529,-0.00447,-0.00257,0.0,0.730918,-0.00512,-0.005894,-0.004388,0.0,0.108,False,0.018000000000000002,True,0.0,True,0.0,True
assist2015,3,attention,dkt,valid,134592,3818,cluster,0.4,0.729409,0.004902,0.726627,0.002782,0.001856,0.003703,0.0,0.010432,-0.00553,0.014,0.728826,0.000583,-0.000117,0.001344,0.099,0.730201,-0.000792,-0.001123,-0.000474,0.0,0.0,True,0.07,False,0.198,False,0.0,True
assist2015,3,moe,dkt,valid,134592,3818,cluster,0.5,0.726101,0.005586,0.726627,-0.000526,-0.001747,0.000624,0.371,0.010432,-0.004846,0.02,0.728826,-0.002725,-0.00361,-0.00177,0.0,0.730201,-0.0041,-0.004873,-0.003379,0.0,0.891,False,0.08,False,0.0,True,0.0,True
assist2015,4,attention,dkt,valid,134592,3818,cluster,0.4,0.730054,0.012941,0.727083,0.002971,0.002048,0.003883,0.0,0.006999,0.005942,0.002,0.728809,0.001245,0.000539,0.001973,0.002,0.730614,-0.00056,-0.000817,-0.000303,0.0,0.0,True,0.018000000000000002,True,0.008,True,0.0,True
assist2015,4,moe,dkt,valid,134592,3818,cluster,0.1,0.725146,0.013566,0.727083,-0.001937,-0.003155,-0.000703,0.001,0.006999,0.006567,0.001,0.728809,-0.003663,-0.00467,-0.002575,0.0,0.730614,-0.005468,-0.006221,-0.004683,0.0,0.005,True,0.01,True,0.0,True,0.0,True
assist2017,0,attention,akt,valid,177767,341,cluster,0.6,0.769132,0.015784,0.758263,0.010868,0.009985,0.011755,0.0,0.015664,0.00012,0.76,0.770687,-0.001556,-0.002165,-0.000921,0.0,0.769958,-0.000827,-0.001239,-0.000419,0.0,0.0,True,1.0,False,0.0,True,0.0,True
assist2017,0,moe,akt,valid,177767,341,cluster,0.2,0.763566,0.010798,0.758263,0.005303,0.004282,0.006279,0.0,0.015664,-0.004866,0.001,0.770687,-0.007122,-0.008162,-0.006125,0.0,0.769958,-0.006392,-0.007229,-0.005592,0.0,0.0,True,0.007,True,0.0,True,0.0,True
assist2017,1,attention,akt,valid,177767,341,cluster,0.5,0.76998,0.014627,0.758171,0.011809,0.010766,0.012871,0.0,0.015759,-0.001132,0.744,0.771435,-0.001455,-0.001921,-0.000973,0.0,0.770683,-0.000702,-0.001054,-0.000369,0.0,0.0,True,1.0,False,0.0,True,0.0,True
assist2017,1,moe,akt,valid,177767,341,cluster,0.3,0.764511,0.006735,0.758171,0.00634,0.005213,0.007408,0.0,0.015759,-0.009024,0.0,0.771435,-0.006924,-0.007635,-0.006199,0.0,0.770683,-0.006171,-0.006853,-0.005503,0.0,0.0,True,0.0,True,0.0,True,0.0,True
assist2017,2,attention,akt,valid,177767,341,cluster,0.5,0.768095,0.019637,0.757625,0.010469,0.009621,0.011341,0.0,0.017903,0.001735,0.43,0.769396,-0.001301,-0.00195,-0.000665,0.0,0.768838,-0.000744,-0.001133,-0.000372,0.0,0.0,True,1.0,False,0.0,True,0.0,True
assist2017,2,moe,akt,valid,177767,341,cluster,0.5,0.763285,0.01067,0.757625,0.00566,0.004709,0.006583,0.0,0.017903,-0.007233,0.003,0.769396,-0.00611,-0.006896,-0.005307,0.0,0.768838,-0.005553,-0.006298,-0.004873,0.0,0.0,True,0.015,True,0.0,True,0.0,True
assist2017,3,attention,akt,valid,177767,341,cluster,0.5,0.768816,0.024043,0.758611,0.010206,0.009354,0.011046,0.0,0.017114,0.00693,0.001,0.769895,-0.001078,-0.001668,-0.000482,0.0,0.769464,-0.000647,-0.00104,-0.000281,0.001,0.0,True,0.007,True,0.0,True,0.001,True
assist2017,3,moe,akt,valid,177767,341,cluster,0.3,0.763226,0.016536,0.758611,0.004616,0.003563,0.0057,0.0,0.017114,-0.000578,0.649,0.769895,-0.006668,-0.00762,-0.005724,0.0,0.769464,-0.006237,-0.007054,-0.005441,0.0,0.0,True,1.0,False,0.0,True,0.0,True
assist2017,4,attention,simplekt,valid,177767,341,cluster,0.5,0.771342,0.0211,0.757588,0.013754,0.012552,0.014968,0.0,0.030158,-0.009058,0.0,0.772146,-0.000804,-0.001384,-0.000198,0.007,0.772106,-0.000764,-0.001159,-0.000408,0.0,0.0,True,0.0,True,0.007,True,0.0,True
assist2017,4,moe,simplekt,valid,177767,341,cluster,0.2,0.766719,0.018272,0.757588,0.009131,0.007931,0.010374,0.0,0.030158,-0.011886,0.0,0.772146,-0.005427,-0.006328,-0.004551,0.0,0.772106,-0.005387,-0.006116,-0.004637,0.0,0.0,True,0.0,True,0.0,True,0.0,True
algebra2005,0,attention,simplekt,valid,134674,114,cluster,0.5,0.93139,0.006527,0.92167,0.00972,0.008689,0.01074,0.0,0.023673,-0.017146,0.0,0.931894,-0.000503,-0.000868,-0.000132,0.01,0.930244,0.001146,0.000852,0.001446,0.0,0.0,True,0.0,True,0.02,True,0.0,True
algebra2005,0,moe,simplekt,valid,134674,114,cluster,0.3,0.928609,0.004263,0.92167,0.006939,0.005765,0.008063,0.0,0.023673,-0.01941,0.0,0.931894,-0.003285,-0.003772,-0.002784,0.0,0.930244,-0.001636,-0.002159,-0.001143,0.0,0.0,True,0.0,True,0.0,True,0.0,True
algebra2005,1,attention,dkt,valid,134674,114,cluster,0.5,0.929845,0.010752,0.919094,0.010751,0.009968,0.011638,0.0,0.006517,0.004235,0.158,0.930502,-0.000657,-0.000948,-0.000358,0.0,0.928356,0.001489,0.001221,0.001766,0.0,0.0,True,0.632,False,0.0,True,0.0,True
algebra2005,1,moe,dkt,valid,134674,114,cluster,0.6,0.928543,0.008819,0.919094,0.009449,0.008574,0.010399,0.0,0.006517,0.002302,0.381,0.930502,-0.001959,-0.002357,-0.001532,0.0,0.928356,0.000187,-0.000226,0.000602,0.365,0.0,True,0.762,False,0.0,True,0.365,False
algebra2005,2,attention,simplekt,valid,134674,114,cluster,0.4,0.931086,0.014665,0.922659,0.008427,0.007494,0.009326,0.0,0.029509,-0.014844,0.0,0.931982,-0.000896,-0.001212,-0.000507,0.0,0.930254,0.000832,0.00058,0.001111,0.0,0.0,True,0.0,True,0.0,True,0.0,True
algebra2005,2,moe,simplekt,valid,134674,114,cluster,0.5,0.928178,0.012386,0.922659,0.005518,0.004385,0.00656,0.0,0.029509,-0.017123,0.0,0.931982,-0.003804,-0.004277,-0.003297,0.0,0.930254,-0.002076,-0.002512,-0.001675,0.0,0.0,True,0.0,True,0.0,True,0.0,True
algebra2005,3,attention,simplekt,valid,134674,114,cluster,0.4,0.931077,0.013239,0.923337,0.00774,0.006711,0.008655,0.0,0.029115,-0.015876,0.0,0.932104,-0.001027,-0.001455,-0.0006,0.001,0.930304,0.000773,0.000425,0.0011,0.0,0.0,True,0.0,True,0.003,True,0.0,True
algebra2005,3,moe,simplekt,valid,134674,114,cluster,0.5,0.928324,0.013158,0.923337,0.004987,0.003989,0.005952,0.0,0.029115,-0.015956,0.0,0.932104,-0.00378,-0.004387,-0.003108,0.0,0.930304,-0.00198,-0.002504,-0.001409,0.0,0.0,True,0.0,True,0.0,True,0.0,True
algebra2005,4,attention,dkt,valid,134674,114,cluster,0.4,0.931096,0.006642,0.920485,0.01061,0.009771,0.011509,0.0,0.006696,-5.5e-05,0.832,0.931189,-9.4e-05,-0.000528,0.000571,0.684,0.929469,0.001626,0.001333,0.001915,0.0,0.0,True,0.832,False,0.684,False,0.0,True
algebra2005,4,moe,dkt,valid,134674,114,cluster,0.3,0.928474,0.00344,0.920485,0.007989,0.007188,0.008952,0.0,0.006696,-0.003256,0.25,0.931189,-0.002715,-0.003357,-0.001933,0.0,0.929469,-0.000995,-0.001389,-0.000598,0.0,0.0,True,0.75,False,0.0,True,0.0,True
bridge2algebra2006,0,attention,simplekt,valid,353631,229,cluster,0.9,0.821314,0.007462,0.808154,0.01316,0.012217,0.014014,0.0,0.008748,-0.001287,0.619,0.821111,0.000203,-0.000381,0.000787,0.501,0.820759,0.000554,0.000115,0.001003,0.013,0.0,True,1.0,False,1.0,False,0.013,True
bridge2algebra2006,0,moe,simplekt,valid,353631,229,cluster,0.7,0.817565,0.004365,0.808154,0.009411,0.008417,0.010402,0.0,0.008748,-0.004383,0.02,0.821111,-0.003546,-0.004331,-0.002773,0.0,0.820759,-0.003195,-0.003971,-0.002417,0.0,0.0,True,0.2,False,0.0,True,0.0,True
bridge2algebra2006,1,attention,akt,valid,353631,229,cluster,0.9,0.823446,0.008148,0.807108,0.016338,0.014697,0.017928,0.0,0.006646,0.001502,0.306,0.822941,0.000505,-0.000106,0.001132,0.112,0.822468,0.000977,0.000535,0.001462,0.0,0.0,True,1.0,False,0.336,False,0.0,True
bridge2algebra2006,1,moe,akt,valid,353631,229,cluster,0.8,0.818311,0.004679,0.807108,0.011203,0.009795,0.012661,0.0,0.006646,-0.001967,0.281,0.822941,-0.00463,-0.005335,-0.003856,0.0,0.822468,-0.004158,-0.004921,-0.003301,0.0,0.0,True,1.0,False,0.0,True,0.0,True
bridge2algebra2006,2,attention,akt,valid,353631,229,cluster,1.0,0.823445,0.008222,0.807853,0.015591,0.014021,0.017061,0.0,0.007181,0.001041,0.553,0.822379,0.001065,0.000432,0.001691,0.0,0.822513,0.000932,0.000495,0.001365,0.0,0.0,True,1.0,False,0.0,True,0.0,True
bridge2algebra2006,2,moe,akt,valid,353631,229,cluster,1.0,0.818047,0.004793,0.807853,0.010194,0.008864,0.011476,0.0,0.007181,-0.002388,0.24,0.822379,-0.004332,-0.005066,-0.00362,0.0,0.822513,-0.004465,-0.005195,-0.003717,0.0,0.0,True,1.0,False,0.0,True,0.0,True
bridge2algebra2006,3,attention,akt,valid,353631,229,cluster,1.0,0.820254,0.009418,0.806142,0.014112,0.012748,0.015411,0.0,0.006656,0.002762,0.222,0.820311,-5.7e-05,-0.000683,0.000577,0.88,0.819399,0.000855,0.000385,0.001297,0.0,0.0,True,1.0,False,1.0,False,0.0,True
bridge2algebra2006,3,moe,akt,valid,353631,229,cluster,1.0,0.816534,0.005193,0.806142,0.010392,0.00902,0.011771,0.0,0.006656,-0.001463,0.562,0.820311,-0.003777,-0.004495,-0.002976,0.0,0.819399,-0.002865,-0.003591,-0.00212,0.0,0.0,True,1.0,False,0.0,True,0.0,True
bridge2algebra2006,4,attention,akt,valid,353631,229,cluster,0.9,0.819882,0.011852,0.806228,0.013654,0.012232,0.014995,0.0,0.009248,0.002604,0.104,0.821331,-0.001449,-0.002215,-0.000703,0.0,0.819331,0.000551,0.000117,0.000971,0.006,0.0,True,0.9359999999999999,False,0.0,True,0.012,True
bridge2algebra2006,4,moe,akt,valid,353631,229,cluster,0.7,0.815474,0.009597,0.806228,0.009246,0.008075,0.010353,0.0,0.009248,0.000349,0.903,0.821331,-0.005857,-0.006481,-0.005232,0.0,0.819331,-0.003858,-0.004597,-0.003087,0.0,0.0,True,1.0,False,0.0,True,0.0,True
assist2012,0,attention,akt,valid,536087,5497,cluster,1.4,0.777775,0.012871,0.772909,0.004866,0.004472,0.005274,0.0,0.014972,-0.002101,0.112,0.778567,-0.000792,-0.001068,-0.000517,0.0,0.777844,-6.9e-05,-0.000238,8.7e-05,0.361,0.0,True,0.136,False,0.0,True,1.0,False
assist2012,0,moe,akt,valid,536087,5497,cluster,0.9,0.773444,0.004828,0.772909,0.000535,0.000101,0.000979,0.011,0.014972,-0.010144,0.0,0.778567,-0.005123,-0.005526,-0.004724,0.0,0.777844,-0.0044,-0.004738,-0.004046,0.0,0.022,True,0.0,True,0.0,True,0.0,True
assist2012,1,attention,akt,valid,536087,5497,cluster,1.2,0.777973,0.011876,0.772772,0.005201,0.004792,0.0056,0.0,0.014931,-0.003055,0.011,0.778928,-0.000955,-0.001228,-0.000697,0.0,0.778036,-6.2e-05,-0.000212,8.3e-05,0.413,0.0,True,0.05499999999999999,False,0.0,True,1.0,False
assist2012,1,moe,akt,valid,536087,5497,cluster,1.4,0.773159,0.004418,0.772772,0.000387,-0.000101,0.000877,0.13,0.014931,-0.010513,0.0,0.778928,-0.005769,-0.00619,-0.005366,0.0,0.778036,-0.004877,-0.005262,-0.004481,0.0,0.13,False,0.0,True,0.0,True,0.0,True
assist2012,2,attention,akt,valid,536087,5497,cluster,1.2,0.777751,0.011727,0.771734,0.006016,0.005594,0.006449,0.0,0.014765,-0.003039,0.013,0.778502,-0.000751,-0.001042,-0.000465,0.0,0.777755,-4e-06,-0.000179,0.000164,0.929,0.0,True,0.05499999999999999,False,0.0,True,1.0,False
assist2012,2,moe,akt,valid,536087,5497,cluster,0.5,0.774341,0.005351,0.771734,0.002607,0.002131,0.003089,0.0,0.014765,-0.009414,0.0,0.778502,-0.004161,-0.004555,-0.003798,0.0,0.777755,-0.003413,-0.003731,-0.003085,0.0,0.0,True,0.0,True,0.0,True,0.0,True
assist2012,3,attention,akt,valid,536087,5497,cluster,1.2,0.777707,0.011344,0.771509,0.006198,0.005803,0.006606,0.0,0.01414,-0.002797,0.028,0.778609,-0.000902,-0.001172,-0.000646,0.0,0.777817,-0.00011,-0.000279,4.3e-05,0.151,0.0,True,0.084,False,0.0,True,0.755,False
assist2012,3,moe,akt,valid,536087,5497,cluster,1.2,0.773618,0.002718,0.771509,0.002109,0.001619,0.002604,0.0,0.01414,-0.011422,0.0,0.778609,-0.004991,-0.005378,-0.004599,0.0,0.777817,-0.004199,-0.004568,-0.003815,0.0,0.0,True,0.0,True,0.0,True,0.0,True
assist2012,4,attention,akt,valid,536087,5497,cluster,1.2,0.77811,0.010466,0.772492,0.005618,0.00519,0.006044,0.0,0.012622,-0.002156,0.068,0.778707,-0.000596,-0.000866,-0.000343,0.0,0.778014,9.6e-05,-8.7e-05,0.00028,0.285,0.0,True,0.136,False,0.0,True,1.0,False
assist2012,4,moe,akt,valid,536087,5497,cluster,0.9,0.773847,0.004218,0.772492,0.001355,0.000831,0.00188,0.0,0.012622,-0.008403,0.0,0.778707,-0.004859,-0.005272,-0.004454,0.0,0.778014,-0.004167,-0.004564,-0.003749,0.0,0.0,True,0.0,True,0.0,True,0.0,True
ednet,0,attention,simplekt,valid,301372,937,cluster,0.5,0.940732,0.007154,0.940611,0.000122,-0.000213,0.000411,0.523,0.02186,-0.014707,0.0,0.940415,0.000317,7e-05,0.000553,0.014,0.94067,6.2e-05,-7e-05,0.000172,0.378,1.0,False,0.0,True,0.056,False,0.378,False
ednet,0,moe,simplekt,valid,301372,937,cluster,0.6,0.9393,0.005588,0.940611,-0.001311,-0.001709,-0.000982,0.0,0.02186,-0.016273,0.0,0.940415,-0.001116,-0.001393,-0.000836,0.0,0.94067,-0.00137,-0.001625,-0.001144,0.0,0.0,True,0.0,True,0.0,True,0.0,True
ednet,1,attention,simplekt,valid,301372,937,cluster,0.7,0.941421,0.006195,0.941215,0.000206,-0.000173,0.000564,0.337,0.013728,-0.007534,0.0,0.941373,4.8e-05,-0.000222,0.000308,0.725,0.941491,-7.1e-05,-0.000182,2.8e-05,0.162,1.0,False,0.0,True,0.725,False,0.324,False
ednet,1,moe,simplekt,valid,301372,937,cluster,0.8,0.940093,0.003027,0.941215,-0.001122,-0.001513,-0.000776,0.0,0.013728,-0.010702,0.0,0.941373,-0.00128,-0.001554,-0.000996,0.0,0.941491,-0.001399,-0.001661,-0.001114,0.0,0.0,True,0.0,True,0.0,True,0.0,True
ednet,2,attention,simplekt,valid,301372,937,cluster,0.5,0.940624,0.008457,0.940673,-4.9e-05,-0.000435,0.000297,0.699,0.020558,-0.012101,0.0,0.93995,0.000674,0.000382,0.000986,0.0,0.940307,0.000316,0.000176,0.000473,0.0,1.0,False,0.0,True,0.0,True,0.0,True
ednet,2,moe,simplekt,valid,301372,937,cluster,0.4,0.937377,0.006719,0.940673,-0.003296,-0.003881,-0.002823,0.0,0.020558,-0.013839,0.0,0.93995,-0.002572,-0.002952,-0.002197,0.0,0.940307,-0.00293,-0.003377,-0.002552,0.0,0.0,True,0.0,True,0.0,True,0.0,True
ednet,3,attention,simplekt,valid,301372,937,cluster,0.6,0.940345,0.007323,0.940562,-0.000216,-0.000636,0.00013,0.225,0.019548,-0.012225,0.0,0.940029,0.000316,-1.4e-05,0.000656,0.06,0.940179,0.000166,2.4e-05,0.000304,0.025,1.0,False,0.0,True,0.12,False,0.1,False
ednet,3,moe,simplekt,valid,301372,937,cluster,0.4,0.938676,0.005617,0.940562,-0.001885,-0.002334,-0.001515,0.0,0.019548,-0.013931,0.0,0.940029,-0.001353,-0.001652,-0.001057,0.0,0.940179,-0.001502,-0.001745,-0.001267,0.0,0.0,True,0.0,True,0.0,True,0.0,True
ednet,4,attention,simplekt,valid,301372,937,cluster,0.6,0.940569,0.012333,0.940598,-2.9e-05,-0.000317,0.000222,0.741,0.021363,-0.00903,0.0,0.940855,-0.000287,-0.000539,-4.7e-05,0.016,0.940694,-0.000126,-0.000258,-1.8e-05,0.026,1.0,False,0.0,True,0.056,False,0.1,False
ednet,4,moe,simplekt,valid,301372,937,cluster,0.5,0.938791,0.010997,0.940598,-0.001807,-0.002164,-0.001497,0.0,0.021363,-0.010366,0.0,0.940855,-0.002064,-0.002365,-0.001769,0.0,0.940694,-0.001903,-0.002163,-0.001653,0.0,0.0,True,0.0,True,0.0,True,0.0,True
