dataset,fold,granularity,meta_learner,best_single_model,best_single_selected_on,n_test,n_students,bootstrap_method,gated_auc,gated_ece,best_single_auc,delta_auc_vs_best,auc_ci_low_vs_best,auc_ci_high_vs_best,auc_p_vs_best,best_single_ece,delta_ece_vs_best,ece_p_vs_best,stacked_auc,delta_auc_vs_stack,auc_ci_low_vs_stack,auc_ci_high_vs_stack,auc_p_vs_stack,stacked_ece,delta_ece_vs_stack,ece_p_vs_stack,auc_p_vs_best_holm,auc_p_vs_best_reject_holm,ece_p_vs_best_holm,ece_p_vs_best_reject_holm,auc_p_vs_stack_holm,auc_p_vs_stack_reject_holm,ece_p_vs_stack_holm,ece_p_vs_stack_reject_holm
assist2009,0,question,static_concept_weights,simplekt,valid,52254,770,cluster,0.783043,0.010994,0.763575,0.019469,0.016369,0.022814,0.001,0.078771,-0.067777,0.001,0.780687,0.002356,0.000331,0.004343,0.01999,0.013298,-0.002303,0.551724,0.015,True,0.015,True,0.07996,False,1.0,False
assist2009,0,question,global_stack_concept_intercept,simplekt,valid,52254,770,cluster,0.782748,0.012245,0.763575,0.019174,0.016333,0.022222,0.001,0.078771,-0.066526,0.001,0.780687,0.002061,0.001088,0.003035,0.001,0.013298,-0.001052,0.757621,0.015,True,0.015,True,0.015,True,1.0,False
assist2009,0,question,linear_gating,simplekt,valid,52254,770,cluster,0.778046,0.05247,0.763575,0.014471,0.012203,0.016851,0.001,0.078771,-0.026302,0.001,0.780687,-0.002641,-0.003566,-0.001709,0.001,0.013298,0.039172,0.001,0.015,True,0.015,True,0.015,True,0.015,True
assist2009,1,question,static_concept_weights,simplekt,valid,52254,770,cluster,0.783052,0.013756,0.760676,0.022376,0.019266,0.025654,0.001,0.126034,-0.112278,0.001,0.779916,0.003136,0.001583,0.004795,0.001,0.014077,-0.000322,0.882559,0.015,True,0.015,True,0.015,True,1.0,False
assist2009,1,question,global_stack_concept_intercept,simplekt,valid,52254,770,cluster,0.780275,0.013987,0.760676,0.019599,0.016595,0.022712,0.001,0.126034,-0.112047,0.001,0.779916,0.000359,-0.000266,0.001023,0.267866,0.014077,-9e-05,0.911544,0.015,True,0.015,True,0.803598,False,1.0,False
assist2009,1,question,linear_gating,simplekt,valid,52254,770,cluster,0.774435,0.051254,0.760676,0.013759,0.011758,0.015922,0.001,0.126034,-0.07478,0.001,0.779916,-0.005481,-0.006882,-0.003966,0.001,0.014077,0.037177,0.001,0.015,True,0.015,True,0.015,True,0.015,True
assist2009,2,question,static_concept_weights,simplekt,valid,52254,770,cluster,0.779565,0.017013,0.759104,0.020461,0.017217,0.023652,0.001,0.025647,-0.008634,0.021989,0.775593,0.003973,0.001511,0.006537,0.003998,0.012698,0.004315,0.035982,0.015,True,0.043978,True,0.023988,True,0.35982000000000003,False
assist2009,2,question,global_stack_concept_intercept,simplekt,valid,52254,770,cluster,0.777162,0.013158,0.759104,0.018058,0.015386,0.020778,0.001,0.025647,-0.012489,0.008996,0.775593,0.001569,0.000609,0.002571,0.004998,0.012698,0.00046,0.485757,0.015,True,0.031984,True,0.02499,True,1.0,False
assist2009,2,question,linear_gating,simplekt,valid,52254,770,cluster,0.77184,0.042106,0.759104,0.012736,0.009446,0.015993,0.001,0.025647,0.016459,0.007996,0.775593,-0.003753,-0.005248,-0.002313,0.001,0.012698,0.029408,0.001,0.015,True,0.031984,True,0.015,True,0.015,True
assist2009,3,question,static_concept_weights,simplekt,valid,52254,770,cluster,0.782362,0.015456,0.767424,0.014938,0.011735,0.018497,0.001,0.057253,-0.041797,0.001,0.781343,0.001019,-0.001504,0.003209,0.385807,0.013,0.002456,0.14093,0.015,True,0.015,True,0.803598,False,1.0,False
assist2009,3,question,global_stack_concept_intercept,simplekt,valid,52254,770,cluster,0.781743,0.01309,0.767424,0.014319,0.011631,0.017038,0.001,0.057253,-0.044163,0.001,0.781343,0.0004,-0.00067,0.001385,0.456772,0.013,9e-05,0.830585,0.015,True,0.015,True,0.803598,False,1.0,False
assist2009,3,question,linear_gating,simplekt,valid,52254,770,cluster,0.777654,0.048275,0.767424,0.01023,0.007528,0.01294,0.001,0.057253,-0.008978,0.031984,0.781343,-0.003689,-0.004835,-0.002525,0.001,0.013,0.035276,0.001,0.015,True,0.043978,True,0.015,True,0.015,True
assist2009,4,question,static_concept_weights,simplekt,valid,52254,770,cluster,0.786151,0.011105,0.766135,0.020016,0.016762,0.02336,0.001,0.111292,-0.100188,0.001,0.782027,0.004124,0.002176,0.006124,0.001,0.010668,0.000436,0.544728,0.015,True,0.015,True,0.015,True,1.0,False
assist2009,4,question,global_stack_concept_intercept,simplekt,valid,52254,770,cluster,0.783594,0.012054,0.766135,0.017459,0.014529,0.020624,0.001,0.111292,-0.099238,0.001,0.782027,0.001567,0.00077,0.002378,0.001,0.010668,0.001386,0.349825,0.015,True,0.015,True,0.015,True,1.0,False
assist2009,4,question,linear_gating,simplekt,valid,52254,770,cluster,0.779015,0.066687,0.766135,0.01288,0.011191,0.014618,0.001,0.111292,-0.044605,0.001,0.782027,-0.003012,-0.004294,-0.001732,0.001,0.010668,0.056018,0.001,0.015,True,0.015,True,0.015,True,0.015,True
assist2017,0,question,static_concept_weights,akt,valid,177767,341,cluster,0.770687,0.004779,0.758263,0.012424,0.011287,0.01357,0.001,0.015686,-0.010907,0.001,0.769958,0.000729,0.000239,0.00118,0.004998,0.004197,0.000583,0.405797,0.015,True,0.015,True,0.029988,True,1.0,False
assist2017,0,question,global_stack_concept_intercept,akt,valid,177767,341,cluster,0.770839,0.005117,0.758263,0.012575,0.011511,0.01365,0.001,0.015686,-0.010569,0.001,0.769958,0.000881,0.00057,0.001188,0.001,0.004197,0.00092,0.301849,0.015,True,0.015,True,0.015,True,1.0,False
assist2017,0,question,linear_gating,akt,valid,177767,341,cluster,0.76452,0.032617,0.758263,0.006257,0.005099,0.007408,0.001,0.015686,0.016931,0.001,0.769958,-0.005438,-0.006179,-0.004752,0.001,0.004197,0.028421,0.001,0.015,True,0.015,True,0.015,True,0.015,True
assist2017,1,question,static_concept_weights,akt,valid,177767,341,cluster,0.771435,0.005054,0.758171,0.013264,0.012079,0.014456,0.001,0.01577,-0.010716,0.001,0.770683,0.000753,0.000332,0.001172,0.002999,0.004285,0.000768,0.536732,0.015,True,0.015,True,0.020992999999999998,True,1.0,False
assist2017,1,question,global_stack_concept_intercept,akt,valid,177767,341,cluster,0.771339,0.004133,0.758171,0.013168,0.01199,0.014357,0.001,0.01577,-0.011637,0.001,0.770683,0.000656,0.00036,0.000953,0.001,0.004285,-0.000153,0.733633,0.015,True,0.015,True,0.015,True,1.0,False
assist2017,1,question,linear_gating,akt,valid,177767,341,cluster,0.764966,0.034089,0.758171,0.006795,0.005523,0.008129,0.001,0.01577,0.018319,0.001,0.770683,-0.005717,-0.006423,-0.00506,0.001,0.004285,0.029804,0.001,0.015,True,0.015,True,0.015,True,0.015,True
assist2017,2,question,static_concept_weights,akt,valid,177767,341,cluster,0.769395,0.005821,0.757625,0.01177,0.010575,0.01301,0.001,0.017892,-0.01207,0.001,0.768838,0.000557,1.9e-05,0.001106,0.04098,0.006615,-0.000793,0.909545,0.015,True,0.015,True,0.12294000000000001,False,1.0,False
assist2017,2,question,global_stack_concept_intercept,akt,valid,177767,341,cluster,0.769299,0.007187,0.757625,0.011674,0.010609,0.012818,0.001,0.017892,-0.010705,0.001,0.768838,0.000461,0.0001,0.000831,0.018991,0.006615,0.000572,0.615692,0.015,True,0.015,True,0.09495500000000001,False,1.0,False
assist2017,2,question,linear_gating,akt,valid,177767,341,cluster,0.764089,0.039423,0.757625,0.006464,0.005369,0.007639,0.001,0.017892,0.021532,0.001,0.768838,-0.004749,-0.005399,-0.004143,0.001,0.006615,0.032809,0.001,0.015,True,0.015,True,0.015,True,0.015,True
assist2017,3,question,static_concept_weights,akt,valid,177767,341,cluster,0.769895,0.004348,0.758611,0.011284,0.010157,0.012424,0.001,0.017125,-0.012777,0.001,0.769464,0.000431,-1.8e-05,0.000917,0.064968,0.004106,0.000242,0.717641,0.015,True,0.015,True,0.129936,False,1.0,False
assist2017,3,question,global_stack_concept_intercept,akt,valid,177767,341,cluster,0.770005,0.003387,0.758611,0.011394,0.010313,0.012488,0.001,0.017125,-0.013738,0.001,0.769464,0.000541,0.000196,0.000891,0.001999,0.004106,-0.00072,0.612694,0.015,True,0.015,True,0.015992,True,1.0,False
assist2017,3,question,linear_gating,akt,valid,177767,341,cluster,0.763321,0.040386,0.758611,0.00471,0.003651,0.005802,0.001,0.017125,0.023261,0.001,0.769464,-0.006143,-0.006999,-0.005372,0.001,0.004106,0.03628,0.001,0.015,True,0.015,True,0.015,True,0.015,True
assist2017,4,question,static_concept_weights,simplekt,valid,177767,341,cluster,0.772146,0.006403,0.757588,0.014558,0.013159,0.015968,0.001,0.030158,-0.023756,0.001,0.772106,4e-05,-0.000447,0.000536,0.853573,0.007574,-0.001171,0.374813,0.015,True,0.015,True,0.853573,False,1.0,False
assist2017,4,question,global_stack_concept_intercept,simplekt,valid,177767,341,cluster,0.772488,0.006354,0.757588,0.0149,0.013523,0.016324,0.001,0.030158,-0.023804,0.001,0.772106,0.000382,4.2e-05,0.000733,0.024988,0.007574,-0.001219,0.534733,0.015,True,0.015,True,0.099952,False,1.0,False
assist2017,4,question,linear_gating,simplekt,valid,177767,341,cluster,0.766051,0.036905,0.757588,0.008463,0.007003,0.009925,0.001,0.030158,0.006747,0.017991,0.772106,-0.006055,-0.006718,-0.005409,0.001,0.007574,0.029331,0.001,0.015,True,0.017991,True,0.015,True,0.015,True
algebra2005,0,question,static_concept_weights,simplekt,valid,92945,114,cluster,0.839452,0.008327,0.813394,0.026058,0.023701,0.02863,0.001,0.053947,-0.04562,0.001,0.831646,0.007806,0.006491,0.009261,0.001,0.009994,-0.001666,0.452774,0.015,True,0.015,True,0.015,True,1.0,False
algebra2005,0,question,global_stack_concept_intercept,simplekt,valid,92945,114,cluster,0.832274,0.010123,0.813394,0.01888,0.016927,0.021002,0.001,0.053947,-0.043825,0.001,0.831646,0.000628,-0.000214,0.001488,0.137931,0.009994,0.000129,0.957521,0.015,True,0.015,True,0.275862,False,1.0,False
algebra2005,0,question,linear_gating,simplekt,valid,92945,114,cluster,0.821981,0.035066,0.813394,0.008587,0.006387,0.010421,0.001,0.053947,-0.018882,0.001,0.831646,-0.009665,-0.011588,-0.008057,0.001,0.009994,0.025072,0.001,0.015,True,0.015,True,0.015,True,0.015,True
algebra2005,1,question,static_concept_weights,simplekt,valid,92945,114,cluster,0.836504,0.009083,0.814078,0.022426,0.020322,0.024411,0.001,0.048824,-0.039741,0.001,0.827877,0.008627,0.007372,0.009905,0.001,0.013655,-0.004572,0.018991,0.015,True,0.015,True,0.015,True,0.151928,False
algebra2005,1,question,global_stack_concept_intercept,simplekt,valid,92945,114,cluster,0.828434,0.010568,0.814078,0.014355,0.012375,0.016094,0.001,0.048824,-0.038256,0.001,0.827877,0.000557,-0.000282,0.00137,0.217891,0.013655,-0.003087,0.007996,0.015,True,0.015,True,0.275862,False,0.07996,False
algebra2005,1,question,linear_gating,simplekt,valid,92945,114,cluster,0.818253,0.040697,0.814078,0.004175,0.002298,0.005834,0.001,0.048824,-0.008127,0.001,0.827877,-0.009624,-0.010951,-0.008343,0.001,0.013655,0.027042,0.001,0.015,True,0.015,True,0.015,True,0.015,True
algebra2005,2,question,static_concept_weights,simplekt,valid,92945,114,cluster,0.838781,0.006005,0.815247,0.023535,0.021305,0.026,0.001,0.06492,-0.058915,0.001,0.831876,0.006905,0.005757,0.008015,0.001,0.010298,-0.004294,0.304848,0.015,True,0.015,True,0.015,True,1.0,False
algebra2005,2,question,global_stack_concept_intercept,simplekt,valid,92945,114,cluster,0.832697,0.010522,0.815247,0.01745,0.015455,0.019573,0.001,0.06492,-0.054398,0.001,0.831876,0.000821,0.00029,0.001408,0.002999,0.010298,0.000223,0.466767,0.015,True,0.015,True,0.015,True,1.0,False
algebra2005,2,question,linear_gating,simplekt,valid,92945,114,cluster,0.825795,0.046901,0.815247,0.010548,0.009257,0.01198,0.001,0.06492,-0.018019,0.001,0.831876,-0.006081,-0.007278,-0.005034,0.001,0.010298,0.036602,0.001,0.015,True,0.015,True,0.015,True,0.015,True
algebra2005,3,question,static_concept_weights,simplekt,valid,92945,114,cluster,0.839617,0.004824,0.816694,0.022923,0.020723,0.02505,0.001,0.066559,-0.061735,0.001,0.832396,0.00722,0.005697,0.008697,0.001,0.011969,-0.007145,0.027986,0.015,True,0.015,True,0.015,True,0.195902,False
algebra2005,3,question,global_stack_concept_intercept,simplekt,valid,92945,114,cluster,0.83359,0.011395,0.816694,0.016897,0.015354,0.018509,0.001,0.066559,-0.055164,0.001,0.832396,0.001194,0.000593,0.00186,0.001,0.011969,-0.000574,0.786607,0.015,True,0.015,True,0.015,True,1.0,False
algebra2005,3,question,linear_gating,simplekt,valid,92945,114,cluster,0.826902,0.045055,0.816694,0.010209,0.00886,0.011458,0.001,0.066559,-0.021504,0.001,0.832396,-0.005494,-0.006338,-0.004584,0.001,0.011969,0.033086,0.001,0.015,True,0.015,True,0.015,True,0.015,True
algebra2005,4,question,static_concept_weights,akt,valid,92945,114,cluster,0.837544,0.00504,0.813399,0.024145,0.021563,0.026649,0.001,0.027323,-0.022284,0.001,0.830624,0.00692,0.005075,0.008672,0.001,0.014112,-0.009073,0.007996,0.015,True,0.015,True,0.015,True,0.07996,False
algebra2005,4,question,global_stack_concept_intercept,akt,valid,92945,114,cluster,0.831552,0.013507,0.813399,0.018153,0.016583,0.019666,0.001,0.027323,-0.013817,0.001,0.830624,0.000927,0.000394,0.00154,0.001999,0.014112,-0.000606,0.363818,0.015,True,0.015,True,0.015,True,1.0,False
algebra2005,4,question,linear_gating,akt,valid,92945,114,cluster,0.819774,0.039104,0.813399,0.006376,0.00404,0.008348,0.001,0.027323,0.01178,0.001,0.830624,-0.01085,-0.012829,-0.009151,0.001,0.014112,0.024991,0.001,0.015,True,0.015,True,0.015,True,0.015,True
bridge2algebra2006,0,question,static_concept_weights,simplekt,valid,352370,229,cluster,0.81998,0.003223,0.807972,0.012007,0.010929,0.013096,0.001,0.008721,-0.005498,0.012994,0.819735,0.000244,-0.000436,0.000898,0.472764,0.003304,-8.1e-05,0.901549,0.015,True,0.077964,False,0.7886070000000001,False,1.0,False
bridge2algebra2006,0,question,global_stack_concept_intercept,simplekt,valid,352370,229,cluster,0.820563,0.003061,0.807972,0.012591,0.011579,0.013579,0.001,0.008721,-0.00566,0.001,0.819735,0.000828,0.000452,0.001232,0.001,0.003304,-0.000243,0.668666,0.015,True,0.015,True,0.015,True,1.0,False
bridge2algebra2006,0,question,linear_gating,simplekt,valid,352370,229,cluster,0.803808,0.036906,0.807972,-0.004165,-0.005374,-0.002917,0.001,0.008721,0.028185,0.001,0.819735,-0.015928,-0.01694,-0.014981,0.001,0.003304,0.033602,0.001,0.015,True,0.015,True,0.015,True,0.015,True
bridge2algebra2006,1,question,static_concept_weights,akt,valid,352370,229,cluster,0.821856,0.004136,0.806718,0.015138,0.013443,0.01681,0.001,0.006749,-0.002613,0.117941,0.821489,0.000367,-0.000281,0.001037,0.262869,0.00363,0.000506,0.470765,0.015,True,0.25987,False,0.7886070000000001,False,1.0,False
bridge2algebra2006,1,question,global_stack_concept_intercept,akt,valid,352370,229,cluster,0.821937,0.002895,0.806718,0.015219,0.013501,0.016867,0.001,0.006749,-0.003854,0.057971,0.821489,0.000448,0.000114,0.000802,0.011994,0.00363,-0.000736,0.191904,0.015,True,0.25987,False,0.059969999999999996,False,1.0,False
bridge2algebra2006,1,question,linear_gating,akt,valid,352370,229,cluster,0.806031,0.04278,0.806718,-0.000687,-0.002769,0.001205,0.48076,0.006749,0.036031,0.001,0.821489,-0.015458,-0.016398,-0.014574,0.001,0.00363,0.03915,0.001,0.48076,False,0.015,True,0.015,True,0.015,True
bridge2algebra2006,2,question,static_concept_weights,akt,valid,352370,229,cluster,0.821136,0.005448,0.807446,0.01369,0.012341,0.014942,0.001,0.007236,-0.001788,0.322839,0.821535,-0.000399,-0.001088,0.000307,0.289855,0.003645,0.001802,0.062969,0.015,True,0.322839,False,0.7886070000000001,False,0.62969,False
bridge2algebra2006,2,question,global_stack_concept_intercept,akt,valid,352370,229,cluster,0.821963,0.00376,0.807446,0.014517,0.012914,0.016003,0.001,0.007236,-0.003476,0.074963,0.821535,0.000428,0.000116,0.000744,0.007996,0.003645,0.000115,0.875562,0.015,True,0.25987,False,0.047976,True,1.0,False
bridge2algebra2006,2,question,linear_gating,akt,valid,352370,229,cluster,0.806118,0.037011,0.807446,-0.001328,-0.003232,0.000443,0.146927,0.007236,0.029775,0.001,0.821535,-0.015417,-0.016395,-0.014496,0.001,0.003645,0.033365,0.001,0.36282000000000003,False,0.015,True,0.015,True,0.015,True
bridge2algebra2006,3,question,static_concept_weights,akt,valid,352370,229,cluster,0.819319,0.005199,0.805745,0.013574,0.012192,0.014907,0.001,0.006766,-0.001568,0.051974,0.818379,0.00094,0.00025,0.001656,0.013993,0.004311,0.000888,0.257871,0.015,True,0.25987,False,0.059969999999999996,False,1.0,False
bridge2algebra2006,3,question,global_stack_concept_intercept,akt,valid,352370,229,cluster,0.819734,0.003735,0.805745,0.013989,0.0125,0.015359,0.001,0.006766,-0.003031,0.005997,0.818379,0.001356,0.000843,0.001857,0.001,0.004311,-0.000576,0.597701,0.015,True,0.041978999999999995,True,0.015,True,1.0,False
bridge2algebra2006,3,question,linear_gating,akt,valid,352370,229,cluster,0.804403,0.040908,0.805745,-0.001342,-0.003052,0.000316,0.12094,0.006766,0.034142,0.001,0.818379,-0.013975,-0.014988,-0.01305,0.001,0.004311,0.036597,0.001,0.36282000000000003,False,0.015,True,0.015,True,0.015,True
bridge2algebra2006,4,question,static_concept_weights,akt,valid,352370,229,cluster,0.820222,0.0037,0.805861,0.014361,0.013102,0.015608,0.001,0.009314,-0.005613,0.001,0.818336,0.001886,0.001026,0.002751,0.001,0.002115,0.001586,0.228886,0.015,True,0.015,True,0.015,True,1.0,False
bridge2algebra2006,4,question,global_stack_concept_intercept,akt,valid,352370,229,cluster,0.820026,0.002789,0.805861,0.014165,0.012745,0.015516,0.001,0.009314,-0.006524,0.001,0.818336,0.001691,0.001258,0.002119,0.001,0.002115,0.000675,0.806597,0.015,True,0.015,True,0.015,True,1.0,False
bridge2algebra2006,4,question,linear_gating,akt,valid,352370,229,cluster,0.799937,0.030456,0.805861,-0.005924,-0.007937,-0.004104,0.001,0.009314,0.021142,0.001,0.818336,-0.018399,-0.019643,-0.017247,0.001,0.002115,0.028341,0.001,0.015,True,0.015,True,0.015,True,0.015,True
assist2012,0,question,static_concept_weights,akt,valid,536087,5497,cluster,0.778567,0.001781,0.772909,0.005659,0.005228,0.006091,0.001,0.014961,-0.013179,0.001,0.777844,0.000724,0.000452,0.000983,0.001,0.002019,-0.000238,0.572714,0.015,True,0.015,True,0.015,True,1.0,False
assist2012,0,question,global_stack_concept_intercept,akt,valid,536087,5497,cluster,0.778572,0.002149,0.772909,0.005664,0.00528,0.006056,0.001,0.014961,-0.012812,0.001,0.777844,0.000729,0.000572,0.000889,0.001,0.002019,0.00013,0.948526,0.015,True,0.015,True,0.015,True,1.0,False
assist2012,0,question,linear_gating,akt,valid,536087,5497,cluster,0.771663,0.030543,0.772909,-0.001245,-0.00178,-0.000683,0.001,0.014961,0.015582,0.001,0.777844,-0.00618,-0.006565,-0.005807,0.001,0.002019,0.028524,0.001,0.015,True,0.015,True,0.015,True,0.015,True
assist2012,1,question,static_concept_weights,akt,valid,536087,5497,cluster,0.778928,0.003226,0.772772,0.006156,0.005692,0.006593,0.001,0.014935,-0.011708,0.001,0.778036,0.000893,0.00063,0.001174,0.001,0.002064,0.001163,0.09995,0.015,True,0.015,True,0.015,True,0.9994999999999999,False
assist2012,1,question,global_stack_concept_intercept,akt,valid,536087,5497,cluster,0.778757,0.002213,0.772772,0.005985,0.005572,0.006398,0.001,0.014935,-0.012722,0.001,0.778036,0.000722,0.000554,0.000892,0.001,0.002064,0.000149,0.721639,0.015,True,0.015,True,0.015,True,1.0,False
assist2012,1,question,linear_gating,akt,valid,536087,5497,cluster,0.771395,0.029257,0.772772,-0.001377,-0.001909,-0.000834,0.001,0.014935,0.014322,0.001,0.778036,-0.00664,-0.007017,-0.006264,0.001,0.002064,0.027193,0.001,0.015,True,0.015,True,0.015,True,0.015,True
assist2012,2,question,static_concept_weights,akt,valid,536087,5497,cluster,0.778502,0.002746,0.771735,0.006767,0.006301,0.00727,0.001,0.014769,-0.012024,0.001,0.777755,0.000747,0.00047,0.001019,0.001,0.001825,0.000921,0.546727,0.015,True,0.015,True,0.015,True,1.0,False
assist2012,2,question,global_stack_concept_intercept,akt,valid,536087,5497,cluster,0.778388,0.001736,0.771735,0.006653,0.006202,0.007092,0.001,0.014769,-0.013033,0.001,0.777755,0.000633,0.000468,0.000806,0.001,0.001825,-8.9e-05,0.655672,0.015,True,0.015,True,0.015,True,1.0,False
assist2012,2,question,linear_gating,akt,valid,536087,5497,cluster,0.770879,0.034378,0.771735,-0.000855,-0.001389,-0.000291,0.001999,0.014769,0.019608,0.001,0.777755,-0.006876,-0.007264,-0.006501,0.001,0.001825,0.032553,0.001,0.015,True,0.015,True,0.015,True,0.015,True
assist2012,3,question,static_concept_weights,akt,valid,536087,5497,cluster,0.778609,0.002641,0.771509,0.007101,0.006619,0.007572,0.001,0.014137,-0.011495,0.001,0.777817,0.000792,0.000532,0.001056,0.001,0.001666,0.000975,0.145927,0.015,True,0.015,True,0.015,True,1.0,False
assist2012,3,question,global_stack_concept_intercept,akt,valid,536087,5497,cluster,0.778362,0.001863,0.771509,0.006853,0.006403,0.007282,0.001,0.014137,-0.012274,0.001,0.777817,0.000545,0.000379,0.000723,0.001,0.001666,0.000197,0.803598,0.015,True,0.015,True,0.015,True,1.0,False
assist2012,3,question,linear_gating,akt,valid,536087,5497,cluster,0.771371,0.031247,0.771509,-0.000138,-0.000643,0.000397,0.631684,0.014137,0.017111,0.001,0.777817,-0.006446,-0.006829,-0.006081,0.001,0.001666,0.029582,0.001,0.631684,False,0.015,True,0.015,True,0.015,True
assist2012,4,question,static_concept_weights,akt,valid,536087,5497,cluster,0.778707,0.00244,0.772492,0.006214,0.005743,0.00669,0.001,0.01261,-0.010171,0.001,0.778014,0.000693,0.000415,0.000974,0.001,0.002003,0.000437,0.592704,0.015,True,0.015,True,0.015,True,1.0,False
assist2012,4,question,global_stack_concept_intercept,akt,valid,536087,5497,cluster,0.778611,0.002326,0.772492,0.006119,0.005654,0.00656,0.001,0.01261,-0.010285,0.001,0.778014,0.000597,0.000426,0.000767,0.001,0.002003,0.000323,0.817591,0.015,True,0.015,True,0.015,True,1.0,False
assist2012,4,question,linear_gating,akt,valid,536087,5497,cluster,0.769629,0.039323,0.772492,-0.002864,-0.003526,-0.002244,0.001,0.01261,0.026712,0.001,0.778014,-0.008385,-0.008856,-0.007915,0.001,0.002003,0.03732,0.001,0.015,True,0.015,True,0.015,True,0.015,True
ednet,0,question,static_concept_weights,simplekt,valid,132209,937,cluster,0.679223,0.015646,0.658462,0.020761,0.018311,0.02316,0.001,0.148408,-0.132762,0.001,0.665357,0.013866,0.011411,0.016071,0.001,0.015092,0.000554,0.943528,0.015,True,0.015,True,0.015,True,1.0,False
ednet,0,question,global_stack_concept_intercept,simplekt,valid,132209,937,cluster,0.668941,0.020378,0.658462,0.010479,0.008638,0.012259,0.001,0.148408,-0.12803,0.001,0.665357,0.003584,0.002402,0.004753,0.001,0.015092,0.005286,0.024988,0.015,True,0.015,True,0.015,True,0.224892,False
ednet,0,question,linear_gating,simplekt,valid,132209,937,cluster,0.644863,0.11161,0.658462,-0.013599,-0.01549,-0.011796,0.001,0.148408,-0.036798,0.001,0.665357,-0.020494,-0.024016,-0.017458,0.001,0.015092,0.096518,0.001,0.015,True,0.015,True,0.015,True,0.015,True
ednet,1,question,static_concept_weights,simplekt,valid,132209,937,cluster,0.682024,0.026042,0.659407,0.022617,0.019828,0.02521,0.001,0.132468,-0.106426,0.001,0.664904,0.017119,0.014378,0.019541,0.001,0.028481,-0.002439,0.209895,0.015,True,0.015,True,0.015,True,1.0,False
ednet,1,question,global_stack_concept_intercept,simplekt,valid,132209,937,cluster,0.667811,0.029704,0.659407,0.008405,0.005838,0.010884,0.001,0.132468,-0.102764,0.001,0.664904,0.002907,0.001393,0.004592,0.001999,0.028481,0.001223,0.271864,0.015,True,0.015,True,0.015,True,1.0,False
ednet,1,question,linear_gating,simplekt,valid,132209,937,cluster,0.644277,0.10408,0.659407,-0.01513,-0.017184,-0.013284,0.001,0.132468,-0.028388,0.001,0.664904,-0.020628,-0.024407,-0.017296,0.001,0.028481,0.075599,0.001,0.015,True,0.015,True,0.015,True,0.015,True
ednet,2,question,static_concept_weights,simplekt,valid,132209,937,cluster,0.676976,0.0176,0.657867,0.019109,0.016442,0.021518,0.001,0.146561,-0.128961,0.001,0.662051,0.014925,0.012345,0.017262,0.001,0.013229,0.004372,0.334833,0.015,True,0.015,True,0.015,True,1.0,False
ednet,2,question,global_stack_concept_intercept,simplekt,valid,132209,937,cluster,0.665003,0.016501,0.657867,0.007136,0.005652,0.008866,0.001,0.146561,-0.130061,0.001,0.662051,0.002952,0.001764,0.004339,0.001,0.013229,0.003272,0.393803,0.015,True,0.015,True,0.015,True,1.0,False
ednet,2,question,linear_gating,simplekt,valid,132209,937,cluster,0.646997,0.111396,0.657867,-0.01087,-0.012588,-0.009224,0.001,0.146561,-0.035165,0.001,0.662051,-0.015054,-0.01783,-0.012673,0.001,0.013229,0.098167,0.001,0.015,True,0.015,True,0.015,True,0.015,True
ednet,3,question,static_concept_weights,simplekt,valid,132209,937,cluster,0.676326,0.027809,0.65679,0.019536,0.01713,0.021825,0.001,0.145087,-0.117278,0.001,0.659729,0.016597,0.014126,0.018975,0.001,0.022827,0.004982,0.161919,0.015,True,0.015,True,0.015,True,1.0,False
ednet,3,question,global_stack_concept_intercept,simplekt,valid,132209,937,cluster,0.663323,0.027735,0.65679,0.006533,0.004867,0.008236,0.001,0.145087,-0.117352,0.001,0.659729,0.003594,0.002116,0.005189,0.001,0.022827,0.004908,0.008996,0.015,True,0.015,True,0.015,True,0.08996000000000001,False
ednet,3,question,linear_gating,simplekt,valid,132209,937,cluster,0.646213,0.104147,0.65679,-0.010577,-0.012298,-0.00885,0.001,0.145087,-0.04094,0.001,0.659729,-0.013516,-0.01602,-0.011401,0.001,0.022827,0.08132,0.001,0.015,True,0.015,True,0.015,True,0.015,True
ednet,4,question,static_concept_weights,simplekt,valid,132209,937,cluster,0.676922,0.014804,0.653691,0.023232,0.020691,0.025784,0.001,0.142891,-0.128087,0.001,0.660204,0.016718,0.014131,0.019026,0.001,0.017402,-0.002598,0.22089,0.015,True,0.015,True,0.015,True,1.0,False
ednet,4,question,global_stack_concept_intercept,simplekt,valid,132209,937,cluster,0.664307,0.01976,0.653691,0.010617,0.007871,0.013252,0.001,0.142891,-0.123131,0.001,0.660204,0.004104,0.0022,0.006171,0.001,0.017402,0.002358,0.51974,0.015,True,0.015,True,0.015,True,1.0,False
ednet,4,question,linear_gating,simplekt,valid,132209,937,cluster,0.640651,0.097774,0.653691,-0.01304,-0.014869,-0.011329,0.001,0.142891,-0.045117,0.001,0.660204,-0.019553,-0.023146,-0.016464,0.001,0.017402,0.080372,0.001,0.015,True,0.015,True,0.015,True,0.015,True
