dataset,fold,granularity,variant,best_single_model,best_single_selected_on,n_test,n_students,ccce_auc,ccce_ece,best_auc,delta_auc_vs_best,auc_p_vs_best,best_ece,delta_ece_vs_best,ece_p_vs_best,stack_auc,delta_auc_vs_stack,auc_p_vs_stack,stack_ece,delta_ece_vs_stack,ece_p_vs_stack,static_auc,delta_auc_vs_static,auc_p_vs_static,static_ece,delta_ece_vs_static,ece_p_vs_static,auc_p_vs_best_holm,auc_p_vs_best_reject_holm,ece_p_vs_best_holm,ece_p_vs_best_reject_holm,auc_p_vs_stack_holm,auc_p_vs_stack_reject_holm,ece_p_vs_stack_holm,ece_p_vs_stack_reject_holm,auc_p_vs_static_holm,auc_p_vs_static_reject_holm,ece_p_vs_static_holm,ece_p_vs_static_reject_holm
assist2009,0,question,full,simplekt,valid,52254,770,0.779223,0.022663,0.763575,0.015649,0.001,0.078771,-0.056109,0.001,0.780687,-0.001464,0.238881,0.013298,0.009365,0.001,0.783043,-0.00382,0.001,0.010994,0.011668,0.001,0.02,True,0.02,True,1.0,False,0.02,True,0.02,True,0.02,True
assist2009,0,question,no_s1,simplekt,valid,52254,770,0.782851,0.010548,0.763575,0.019276,0.001,0.078771,-0.068224,0.001,0.780687,0.002164,0.042979,0.013298,-0.00275,0.463768,0.783043,-0.000192,0.010995,0.010994,-0.000446,0.815592,0.02,True,0.02,True,0.47276900000000005,False,1.0,False,0.08796,False,1.0,False
assist2009,0,question,global_s1,simplekt,valid,52254,770,0.782926,0.010251,0.763575,0.019352,0.001,0.078771,-0.068521,0.001,0.780687,0.002239,0.033983,0.013298,-0.003047,0.458771,0.783043,-0.000117,0.565717,0.010994,-0.000744,0.802599,0.02,True,0.02,True,0.407796,False,1.0,False,1.0,False,1.0,False
assist2009,0,question,no_s3,simplekt,valid,52254,770,0.779641,0.022585,0.763575,0.016067,0.001,0.078771,-0.056186,0.001,0.780687,-0.001046,0.384808,0.013298,0.009288,0.001,0.783043,-0.003402,0.001,0.010994,0.011591,0.001,0.02,True,0.02,True,1.0,False,0.02,True,0.02,True,0.02,True
assist2009,1,question,full,simplekt,valid,52254,770,0.779668,0.023511,0.760676,0.018992,0.001,0.126034,-0.102523,0.001,0.779916,-0.000249,0.765617,0.014077,0.009433,0.001,0.783052,-0.003385,0.001,0.013756,0.009755,0.001,0.02,True,0.02,True,1.0,False,0.02,True,0.02,True,0.02,True
assist2009,1,question,no_s1,simplekt,valid,52254,770,0.782855,0.014128,0.760676,0.022179,0.001,0.126034,-0.111906,0.001,0.779916,0.002939,0.001,0.014077,5.1e-05,0.827586,0.783052,-0.000198,0.001,0.013756,0.000373,0.722639,0.02,True,0.02,True,0.02,True,1.0,False,0.02,True,1.0,False
assist2009,1,question,global_s1,simplekt,valid,52254,770,0.782711,0.013645,0.760676,0.022036,0.001,0.126034,-0.112389,0.001,0.779916,0.002795,0.001,0.014077,-0.000433,0.825587,0.783052,-0.000341,0.145927,0.013756,-0.000111,0.812594,0.02,True,0.02,True,0.02,True,1.0,False,0.875562,False,1.0,False
assist2009,1,question,no_s3,simplekt,valid,52254,770,0.779973,0.025196,0.760676,0.019297,0.001,0.126034,-0.100838,0.001,0.779916,5.7e-05,0.970515,0.014077,0.011118,0.001,0.783052,-0.003079,0.001,0.013756,0.01144,0.001,0.02,True,0.02,True,1.0,False,0.02,True,0.02,True,0.02,True
assist2009,2,question,full,simplekt,valid,52254,770,0.780535,0.026717,0.759104,0.021431,0.001,0.025647,0.00107,0.6007,0.775593,0.004942,0.001,0.012698,0.014019,0.001,0.779565,0.00097,0.270865,0.017013,0.009704,0.001,0.02,True,0.94153,False,0.02,True,0.02,True,1.0,False,0.02,True
assist2009,2,question,no_s1,simplekt,valid,52254,770,0.779357,0.016703,0.759104,0.020253,0.001,0.025647,-0.008945,0.043978,0.775593,0.003764,0.004998,0.012698,0.004004,0.02099,0.779565,-0.000209,0.001,0.017013,-0.000311,0.603698,0.02,True,0.143928,False,0.06997199999999999,False,0.20990000000000003,False,0.02,True,1.0,False
assist2009,2,question,global_s1,simplekt,valid,52254,770,0.779426,0.016821,0.759104,0.020322,0.001,0.025647,-0.008826,0.035982,0.775593,0.003833,0.004998,0.012698,0.004123,0.026987,0.779565,-0.00014,0.529735,0.017013,-0.000192,0.729635,0.02,True,0.143928,False,0.06997199999999999,False,0.24288300000000002,False,1.0,False,1.0,False
assist2009,2,question,no_s3,simplekt,valid,52254,770,0.780927,0.028474,0.759104,0.021823,0.001,0.025647,0.002826,0.470765,0.775593,0.005334,0.001,0.012698,0.015775,0.001,0.779565,0.001361,0.121939,0.017013,0.01146,0.001,0.02,True,0.94153,False,0.02,True,0.02,True,0.853573,False,0.02,True
assist2009,3,question,full,simplekt,valid,52254,770,0.781556,0.023815,0.767424,0.014132,0.001,0.057253,-0.033438,0.001,0.781343,0.000213,0.862569,0.013,0.010815,0.001,0.782362,-0.000806,0.38081,0.015456,0.008359,0.001,0.02,True,0.02,True,1.0,False,0.02,True,1.0,False,0.02,True
assist2009,3,question,no_s1,simplekt,valid,52254,770,0.782159,0.015236,0.767424,0.014735,0.001,0.057253,-0.042017,0.001,0.781343,0.000816,0.490755,0.013,0.002236,0.229885,0.782362,-0.000203,0.001,0.015456,-0.000219,0.71964,0.02,True,0.02,True,1.0,False,1.0,False,0.02,True,1.0,False
assist2009,3,question,global_s1,simplekt,valid,52254,770,0.781845,0.015542,0.767424,0.014422,0.001,0.057253,-0.041711,0.001,0.781343,0.000503,0.65967,0.013,0.002542,0.231884,0.782362,-0.000516,0.003998,0.015456,8.6e-05,0.78061,0.02,True,0.02,True,1.0,False,1.0,False,0.047976,True,1.0,False
assist2009,3,question,no_s3,simplekt,valid,52254,770,0.781863,0.025752,0.767424,0.014439,0.001,0.057253,-0.031501,0.001,0.781343,0.00052,0.643678,0.013,0.012752,0.001,0.782362,-0.000499,0.574713,0.015456,0.010296,0.001,0.02,True,0.02,True,1.0,False,0.02,True,1.0,False,0.02,True
assist2009,4,question,full,simplekt,valid,52254,770,0.782554,0.022394,0.766135,0.016418,0.001,0.111292,-0.088899,0.001,0.782027,0.000527,0.602699,0.010668,0.011725,0.001,0.786151,-0.003597,0.002999,0.011105,0.011289,0.001,0.02,True,0.02,True,1.0,False,0.02,True,0.038987,True,0.02,True
assist2009,4,question,no_s1,simplekt,valid,52254,770,0.785979,0.010291,0.766135,0.019844,0.001,0.111292,-0.101002,0.001,0.782027,0.003952,0.001,0.010668,-0.000378,0.688656,0.786151,-0.000172,0.004998,0.011105,-0.000814,0.824588,0.02,True,0.02,True,0.02,True,1.0,False,0.04998,True,1.0,False
assist2009,4,question,global_s1,simplekt,valid,52254,770,0.785662,0.011538,0.766135,0.019527,0.001,0.111292,-0.099754,0.001,0.782027,0.003635,0.001,0.010668,0.000869,0.64068,0.786151,-0.000489,0.004998,0.011105,0.000433,0.892554,0.02,True,0.02,True,0.02,True,1.0,False,0.04998,True,1.0,False
assist2009,4,question,no_s3,simplekt,valid,52254,770,0.782925,0.023718,0.766135,0.01679,0.001,0.111292,-0.087574,0.001,0.782027,0.000899,0.368816,0.010668,0.01305,0.001,0.786151,-0.003226,0.003998,0.011105,0.012614,0.001,0.02,True,0.02,True,1.0,False,0.02,True,0.047976,True,0.02,True
assist2017,0,question,full,akt,valid,177767,341,0.768595,0.012731,0.758263,0.010332,0.001,0.015686,-0.002955,0.008996,0.769958,-0.001363,0.001,0.004197,0.008535,0.001,0.770687,-0.002092,0.001,0.004779,0.007952,0.001,0.02,True,0.02,True,0.02,True,0.02,True,0.02,True,0.02,True
assist2017,0,question,no_s1,akt,valid,177767,341,0.770539,0.005174,0.758263,0.012276,0.001,0.015686,-0.010513,0.001,0.769958,0.000581,0.021989,0.004197,0.000977,0.287856,0.770687,-0.000149,0.001,0.004779,0.000394,0.721639,0.02,True,0.02,True,0.175912,False,1.0,False,0.02,True,1.0,False
assist2017,0,question,global_s1,akt,valid,177767,341,0.770406,0.005353,0.758263,0.012142,0.001,0.015686,-0.010333,0.001,0.769958,0.000448,0.082959,0.004197,0.001157,0.230885,0.770687,-0.000282,0.001,0.004779,0.000574,0.595702,0.02,True,0.02,True,0.580713,False,1.0,False,0.02,True,1.0,False
assist2017,0,question,no_s3,akt,valid,177767,341,0.768698,0.011042,0.758263,0.010435,0.001,0.015686,-0.004644,0.009995,0.769958,-0.00126,0.001,0.004197,0.006846,0.001,0.770687,-0.001989,0.001,0.004779,0.006263,0.001,0.02,True,0.02,True,0.02,True,0.02,True,0.02,True,0.02,True
assist2017,1,question,full,akt,valid,177767,341,0.769157,0.011496,0.758171,0.010986,0.001,0.01577,-0.004274,0.001,0.770683,-0.001525,0.001,0.004285,0.00721,0.001,0.771435,-0.002278,0.001,0.005054,0.006442,0.001,0.02,True,0.02,True,0.02,True,0.02,True,0.02,True,0.02,True
assist2017,1,question,no_s1,akt,valid,177767,341,0.771325,0.005058,0.758171,0.013154,0.001,0.01577,-0.010712,0.001,0.770683,0.000643,0.001,0.004285,0.000773,0.264868,0.771435,-0.00011,0.001,0.005054,4e-06,0.422789,0.02,True,0.02,True,0.02,True,1.0,False,0.02,True,1.0,False
assist2017,1,question,global_s1,akt,valid,177767,341,0.771314,0.005373,0.758171,0.013143,0.001,0.01577,-0.010397,0.001,0.770683,0.000631,0.001,0.004285,0.001088,0.204898,0.771435,-0.000121,0.023988,0.005054,0.000319,0.323838,0.02,True,0.02,True,0.02,True,1.0,False,0.05997,False,1.0,False
assist2017,1,question,no_s3,akt,valid,177767,341,0.769359,0.010067,0.758171,0.011187,0.001,0.01577,-0.005703,0.002999,0.770683,-0.001324,0.001,0.004285,0.005782,0.001,0.771435,-0.002077,0.001,0.005054,0.005013,0.001,0.02,True,0.02,True,0.02,True,0.02,True,0.02,True,0.02,True
assist2017,2,question,full,akt,valid,177767,341,0.767232,0.011895,0.757625,0.009607,0.001,0.017892,-0.005997,0.001,0.768838,-0.001606,0.001,0.006615,0.00528,0.001,0.769395,-0.002163,0.001,0.005821,0.006074,0.001,0.02,True,0.02,True,0.02,True,0.02,True,0.02,True,0.02,True
assist2017,2,question,no_s1,akt,valid,177767,341,0.769295,0.006111,0.757625,0.01167,0.001,0.017892,-0.01178,0.001,0.768838,0.000457,0.101949,0.006615,-0.000503,0.987506,0.769395,-0.0001,0.001,0.005821,0.00029,0.762619,0.02,True,0.02,True,0.611694,False,1.0,False,0.02,True,1.0,False
assist2017,2,question,global_s1,akt,valid,177767,341,0.769161,0.006379,0.757625,0.011536,0.001,0.017892,-0.011512,0.001,0.768838,0.000323,0.261869,0.006615,-0.000235,0.735632,0.769395,-0.000234,0.001,0.005821,0.000558,0.509745,0.02,True,0.02,True,1.0,False,1.0,False,0.02,True,1.0,False
assist2017,2,question,no_s3,akt,valid,177767,341,0.767355,0.010352,0.757625,0.00973,0.001,0.017892,-0.00754,0.001,0.768838,-0.001483,0.001,0.006615,0.003737,0.001,0.769395,-0.00204,0.001,0.005821,0.004531,0.001,0.02,True,0.02,True,0.02,True,0.02,True,0.02,True,0.02,True
assist2017,3,question,full,akt,valid,177767,341,0.768186,0.013488,0.758611,0.009576,0.001,0.017125,-0.003637,0.001999,0.769464,-0.001277,0.001999,0.004106,0.009382,0.001,0.769895,-0.001708,0.001,0.004348,0.00914,0.001,0.02,True,0.02,True,0.02,True,0.02,True,0.02,True,0.02,True
assist2017,3,question,no_s1,akt,valid,177767,341,0.76974,0.005705,0.758611,0.011129,0.001,0.017125,-0.01142,0.001,0.769464,0.000276,0.276862,0.004106,0.001598,0.210895,0.769895,-0.000155,0.001,0.004348,0.001356,0.102949,0.02,True,0.02,True,1.0,False,1.0,False,0.02,True,0.926541,False
assist2017,3,question,global_s1,akt,valid,177767,341,0.769773,0.0064,0.758611,0.011162,0.001,0.017125,-0.010725,0.001,0.769464,0.000309,0.228886,0.004106,0.002294,0.102949,0.769895,-0.000121,0.01999,0.004348,0.002052,0.028986,0.02,True,0.02,True,1.0,False,1.0,False,0.05997,False,0.28986,False
assist2017,3,question,no_s3,akt,valid,177767,341,0.768367,0.011491,0.758611,0.009756,0.001,0.017125,-0.005634,0.002999,0.769464,-0.001097,0.003998,0.004106,0.007384,0.001,0.769895,-0.001528,0.001,0.004348,0.007142,0.001,0.02,True,0.02,True,0.035982,True,0.02,True,0.02,True,0.02,True
assist2017,4,question,full,simplekt,valid,177767,341,0.77006,0.011554,0.757588,0.012472,0.001,0.030158,-0.018604,0.001,0.772106,-0.002046,0.001,0.007574,0.003981,0.027986,0.772146,-0.002086,0.001,0.006403,0.005152,0.001,0.02,True,0.02,True,0.02,True,0.307846,False,0.02,True,0.02,True
assist2017,4,question,no_s1,simplekt,valid,177767,341,0.772037,0.004671,0.757588,0.014449,0.001,0.030158,-0.025488,0.001,0.772106,-6.9e-05,0.768616,0.007574,-0.002903,0.104948,0.772146,-0.000109,0.001,0.006403,-0.001732,0.137931,0.02,True,0.02,True,1.0,False,1.0,False,0.02,True,1.0,False
assist2017,4,question,global_s1,simplekt,valid,177767,341,0.772108,0.004191,0.757588,0.01452,0.001,0.030158,-0.025968,0.001,0.772106,2e-06,0.992504,0.007574,-0.003383,0.117941,0.772146,-3.8e-05,0.610695,0.006403,-0.002212,0.182909,0.02,True,0.02,True,1.0,False,1.0,False,0.610695,False,1.0,False
assist2017,4,question,no_s3,simplekt,valid,177767,341,0.770186,0.010815,0.757588,0.012599,0.001,0.030158,-0.019343,0.001,0.772106,-0.001919,0.001,0.007574,0.003242,0.002999,0.772146,-0.00196,0.001,0.006403,0.004413,0.001,0.02,True,0.02,True,0.02,True,0.035988,True,0.02,True,0.02,True
algebra2005,0,question,full,simplekt,valid,92945,114,0.837776,0.011667,0.813394,0.024382,0.001,0.053947,-0.04228,0.001,0.831646,0.00613,0.001,0.009994,0.001673,0.392804,0.839452,-0.001676,0.013993,0.008327,0.00334,0.003998,0.02,True,0.02,True,0.02,True,1.0,False,0.098955,False,0.047976,True
algebra2005,0,question,no_s1,simplekt,valid,92945,114,0.83928,0.007733,0.813394,0.025886,0.001,0.053947,-0.046215,0.001,0.831646,0.007634,0.001,0.009994,-0.002261,0.21989,0.839452,-0.000171,0.001,0.008327,-0.000595,0.537731,0.02,True,0.02,True,0.02,True,1.0,False,0.02,True,1.0,False
algebra2005,0,question,global_s1,simplekt,valid,92945,114,0.83939,0.007582,0.813394,0.025996,0.001,0.053947,-0.046366,0.001,0.831646,0.007745,0.001,0.009994,-0.002412,0.327836,0.839452,-6.1e-05,0.563718,0.008327,-0.000746,0.623688,0.02,True,0.02,True,0.02,True,1.0,False,1.0,False,1.0,False
algebra2005,0,question,no_s3,simplekt,valid,92945,114,0.838033,0.011122,0.813394,0.024639,0.001,0.053947,-0.042825,0.001,0.831646,0.006388,0.001,0.009994,0.001129,0.624688,0.839452,-0.001418,0.045977,0.008327,0.002795,0.013993,0.02,True,0.02,True,0.02,True,1.0,False,0.14493,False,0.153923,False
algebra2005,1,question,full,simplekt,valid,92945,114,0.834632,0.014228,0.814078,0.020554,0.001,0.048824,-0.034596,0.001,0.827877,0.006755,0.001,0.013655,0.000573,0.642679,0.836504,-0.001872,0.001,0.009083,0.005145,0.001,0.02,True,0.02,True,0.02,True,1.0,False,0.02,True,0.02,True
algebra2005,1,question,no_s1,simplekt,valid,92945,114,0.836322,0.011278,0.814078,0.022244,0.001,0.048824,-0.037546,0.001,0.827877,0.008445,0.001,0.013655,-0.002377,0.093953,0.836504,-0.000182,0.001,0.009083,0.002195,0.207896,0.02,True,0.02,True,0.02,True,1.0,False,0.02,True,1.0,False
algebra2005,1,question,global_s1,simplekt,valid,92945,114,0.836113,0.009985,0.814078,0.022035,0.001,0.048824,-0.038839,0.001,0.827877,0.008236,0.001,0.013655,-0.00367,0.038981,0.836504,-0.000391,0.002999,0.009083,0.000902,0.505747,0.02,True,0.02,True,0.02,True,0.6626770000000001,False,0.035988,True,1.0,False
algebra2005,1,question,no_s3,simplekt,valid,92945,114,0.834905,0.014251,0.814078,0.020827,0.001,0.048824,-0.034573,0.001,0.827877,0.007028,0.001,0.013655,0.000596,0.746627,0.836504,-0.001599,0.001999,0.009083,0.005168,0.001,0.02,True,0.02,True,0.02,True,1.0,False,0.025987,True,0.02,True
algebra2005,2,question,full,simplekt,valid,92945,114,0.837395,0.011828,0.815247,0.022148,0.001,0.06492,-0.053092,0.001,0.831876,0.005519,0.001,0.010298,0.001529,0.287856,0.838781,-0.001386,0.010995,0.006005,0.005823,0.001,0.02,True,0.02,True,0.02,True,1.0,False,0.098955,False,0.02,True
algebra2005,2,question,no_s1,simplekt,valid,92945,114,0.838661,0.006466,0.815247,0.023414,0.001,0.06492,-0.058454,0.001,0.831876,0.006784,0.001,0.010298,-0.003832,0.347826,0.838781,-0.000121,0.001,0.006005,0.000462,0.627686,0.02,True,0.02,True,0.02,True,1.0,False,0.02,True,1.0,False
algebra2005,2,question,global_s1,simplekt,valid,92945,114,0.838556,0.006689,0.815247,0.023309,0.001,0.06492,-0.058231,0.001,0.831876,0.00668,0.001,0.010298,-0.003609,0.43978,0.838781,-0.000225,0.028986,0.006005,0.000684,0.369815,0.02,True,0.02,True,0.02,True,1.0,False,0.14493,False,1.0,False
algebra2005,2,question,no_s3,simplekt,valid,92945,114,0.837683,0.011487,0.815247,0.022437,0.001,0.06492,-0.053433,0.001,0.831876,0.005807,0.001,0.010298,0.001189,0.408796,0.838781,-0.001098,0.031984,0.006005,0.005483,0.001,0.02,True,0.02,True,0.02,True,1.0,False,0.14493,False,0.02,True
algebra2005,3,question,full,simplekt,valid,92945,114,0.836794,0.009993,0.816694,0.0201,0.001,0.066559,-0.056566,0.001,0.832396,0.004397,0.004998,0.011969,-0.001976,0.655672,0.839617,-0.002823,0.001,0.004824,0.005169,0.001,0.02,True,0.02,True,0.02,True,1.0,False,0.02,True,0.02,True
algebra2005,3,question,no_s1,simplekt,valid,92945,114,0.839451,0.005747,0.816694,0.022757,0.001,0.066559,-0.060813,0.001,0.832396,0.007055,0.001,0.011969,-0.006223,0.048976,0.839617,-0.000165,0.001,0.004824,0.000922,0.264868,0.02,True,0.02,True,0.02,True,0.783616,False,0.02,True,1.0,False
algebra2005,3,question,global_s1,simplekt,valid,92945,114,0.839529,0.006143,0.816694,0.022835,0.001,0.066559,-0.060417,0.001,0.832396,0.007132,0.001,0.011969,-0.005827,0.032984,0.839617,-8.8e-05,0.525737,0.004824,0.001319,0.448776,0.02,True,0.02,True,0.02,True,0.593712,False,1.0,False,1.0,False
algebra2005,3,question,no_s3,simplekt,valid,92945,114,0.83712,0.00925,0.816694,0.020426,0.001,0.066559,-0.057309,0.001,0.832396,0.004724,0.002999,0.011969,-0.002719,0.564718,0.839617,-0.002496,0.001,0.004824,0.004426,0.001999,0.02,True,0.02,True,0.02,True,1.0,False,0.02,True,0.025987,True
algebra2005,4,question,full,akt,valid,92945,114,0.835428,0.011765,0.813399,0.022029,0.001,0.027323,-0.015558,0.001,0.830624,0.004804,0.001,0.014112,-0.002347,0.396802,0.837544,-0.002116,0.004998,0.00504,0.006726,0.001,0.02,True,0.02,True,0.02,True,1.0,False,0.04998,True,0.02,True
algebra2005,4,question,no_s1,akt,valid,92945,114,0.837408,0.005909,0.813399,0.02401,0.001,0.027323,-0.021414,0.001,0.830624,0.006784,0.001,0.014112,-0.008203,0.009995,0.837544,-0.000136,0.011994,0.00504,0.000869,0.647676,0.02,True,0.02,True,0.02,True,0.19990000000000002,False,0.098955,False,1.0,False
algebra2005,4,question,global_s1,akt,valid,92945,114,0.837089,0.006523,0.813399,0.02369,0.001,0.027323,-0.020801,0.001,0.830624,0.006464,0.001,0.014112,-0.00759,0.015992,0.837544,-0.000455,0.003998,0.00504,0.001483,0.66067,0.02,True,0.02,True,0.02,True,0.303848,False,0.043977999999999996,True,1.0,False
algebra2005,4,question,no_s3,akt,valid,92945,114,0.835868,0.010543,0.813399,0.022469,0.001,0.027323,-0.016781,0.001,0.830624,0.005243,0.001,0.014112,-0.00357,0.227886,0.837544,-0.001677,0.018991,0.00504,0.005503,0.001,0.02,True,0.02,True,0.02,True,1.0,False,0.113946,False,0.02,True
bridge2algebra2006,0,question,full,simplekt,valid,352370,229,0.813082,0.010905,0.807972,0.00511,0.001,0.008721,0.002184,0.076962,0.819735,-0.006653,0.001,0.003304,0.007601,0.001,0.81998,-0.006897,0.001,0.003223,0.007682,0.001,0.02,True,0.76962,False,0.02,True,0.02,True,0.02,True,0.02,True
bridge2algebra2006,0,question,no_s1,simplekt,valid,352370,229,0.819897,0.003833,0.807972,0.011925,0.001,0.008721,-0.004887,0.031984,0.819735,0.000162,0.622689,0.003304,0.000529,0.464768,0.81998,-8.2e-05,0.001,0.003223,0.00061,0.187906,0.02,True,0.383808,False,1.0,False,0.929536,False,0.02,True,0.93953,False
bridge2algebra2006,0,question,global_s1,simplekt,valid,352370,229,0.819853,0.003934,0.807972,0.011881,0.001,0.008721,-0.004786,0.034983,0.819735,0.000118,0.723638,0.003304,0.00063,0.524738,0.81998,-0.000126,0.053973,0.003223,0.000712,0.217891,0.02,True,0.384813,False,1.0,False,0.929536,False,0.269865,False,0.93953,False
bridge2algebra2006,0,question,no_s3,simplekt,valid,352370,229,0.813219,0.010866,0.807972,0.005246,0.001,0.008721,0.002146,0.156922,0.819735,-0.006517,0.001,0.003304,0.007562,0.001,0.81998,-0.006761,0.001,0.003223,0.007643,0.001,0.02,True,0.951524,False,0.02,True,0.02,True,0.02,True,0.02,True
bridge2algebra2006,1,question,full,akt,valid,352370,229,0.81549,0.01147,0.806718,0.008773,0.001,0.006749,0.004721,0.001,0.821489,-0.005998,0.001,0.00363,0.00784,0.001,0.821856,-0.006365,0.001,0.004136,0.007334,0.001,0.02,True,0.02,True,0.02,True,0.02,True,0.02,True,0.02,True
bridge2algebra2006,1,question,no_s1,akt,valid,352370,229,0.821746,0.004981,0.806718,0.015029,0.001,0.006749,-0.001768,0.176912,0.821489,0.000258,0.447776,0.00363,0.00135,0.097951,0.821856,-0.000109,0.001,0.004136,0.000845,0.022989,0.02,True,0.951524,False,1.0,False,0.587706,False,0.02,True,0.22988999999999998,False
bridge2algebra2006,1,question,global_s1,akt,valid,352370,229,0.821822,0.005114,0.806718,0.015105,0.001,0.006749,-0.001635,0.162919,0.821489,0.000334,0.337831,0.00363,0.001484,0.10095,0.821856,-3.3e-05,0.650675,0.004136,0.000978,0.033983,0.02,True,0.951524,False,1.0,False,0.587706,False,1.0,False,0.278865,False
bridge2algebra2006,1,question,no_s3,akt,valid,352370,229,0.815618,0.011487,0.806718,0.008901,0.001,0.006749,0.004738,0.001,0.821489,-0.00587,0.001,0.00363,0.007856,0.001,0.821856,-0.006237,0.001,0.004136,0.007351,0.001,0.02,True,0.02,True,0.02,True,0.02,True,0.02,True,0.02,True
bridge2algebra2006,2,question,full,akt,valid,352370,229,0.815633,0.011558,0.807446,0.008187,0.001,0.007236,0.004322,0.001,0.821535,-0.005902,0.001,0.003645,0.007913,0.001,0.821136,-0.005503,0.001,0.005448,0.006111,0.001,0.02,True,0.02,True,0.02,True,0.02,True,0.02,True,0.02,True
bridge2algebra2006,2,question,no_s1,akt,valid,352370,229,0.821033,0.005491,0.807446,0.013587,0.001,0.007236,-0.001745,0.225887,0.821535,-0.000502,0.161919,0.003645,0.001845,0.038981,0.821136,-0.000103,0.001,0.005448,4.3e-05,0.741629,0.02,True,0.951524,False,0.971514,False,0.350829,False,0.02,True,1.0,False
bridge2algebra2006,2,question,global_s1,akt,valid,352370,229,0.821187,0.005359,0.807446,0.013741,0.001,0.007236,-0.001877,0.186907,0.821535,-0.000348,0.365817,0.003645,0.001714,0.07996,0.821136,5.1e-05,0.465767,0.005448,-8.9e-05,0.974513,0.02,True,0.951524,False,1.0,False,0.55972,False,1.0,False,1.0,False
bridge2algebra2006,2,question,no_s3,akt,valid,352370,229,0.815733,0.010796,0.807446,0.008287,0.001,0.007236,0.00356,0.001,0.821535,-0.005802,0.001,0.003645,0.00715,0.001,0.821136,-0.005403,0.001,0.005448,0.005348,0.001,0.02,True,0.02,True,0.02,True,0.02,True,0.02,True,0.02,True
bridge2algebra2006,3,question,full,akt,valid,352370,229,0.812965,0.012392,0.805745,0.00722,0.001,0.006766,0.005626,0.001,0.818379,-0.005414,0.001,0.004311,0.008081,0.001,0.819319,-0.006354,0.001,0.005199,0.007193,0.001,0.02,True,0.02,True,0.02,True,0.02,True,0.02,True,0.02,True
bridge2algebra2006,3,question,no_s1,akt,valid,352370,229,0.819222,0.005702,0.805745,0.013477,0.001,0.006766,-0.001064,0.135932,0.818379,0.000843,0.012994,0.004311,0.001391,0.104948,0.819319,-9.7e-05,0.001,0.005199,0.000504,0.153923,0.02,True,0.951524,False,0.090958,False,0.587706,False,0.02,True,0.923538,False
bridge2algebra2006,3,question,global_s1,akt,valid,352370,229,0.819266,0.005835,0.805745,0.01352,0.001,0.006766,-0.000931,0.116942,0.818379,0.000887,0.008996,0.004311,0.001524,0.110945,0.819319,-5.3e-05,0.452774,0.005199,0.000637,0.1999,0.02,True,0.935536,False,0.071968,False,0.587706,False,1.0,False,0.93953,False
bridge2algebra2006,3,question,no_s3,akt,valid,352370,229,0.813083,0.01127,0.805745,0.007338,0.001,0.006766,0.004503,0.001,0.818379,-0.005296,0.001,0.004311,0.006959,0.001,0.819319,-0.006236,0.001,0.005199,0.006071,0.001,0.02,True,0.02,True,0.02,True,0.02,True,0.02,True,0.02,True
bridge2algebra2006,4,question,full,akt,valid,352370,229,0.813923,0.010572,0.805861,0.008062,0.001,0.009314,0.001259,0.082959,0.818336,-0.004413,0.001,0.002115,0.008458,0.001,0.820222,-0.006299,0.001,0.0037,0.006872,0.001,0.02,True,0.76962,False,0.02,True,0.02,True,0.02,True,0.02,True
bridge2algebra2006,4,question,no_s1,akt,valid,352370,229,0.82015,0.004054,0.805861,0.014289,0.001,0.009314,-0.005259,0.001,0.818336,0.001814,0.001,0.002115,0.00194,0.048976,0.820222,-7.2e-05,0.001,0.0037,0.000354,0.074963,0.02,True,0.02,True,0.02,True,0.391808,False,0.02,True,0.524741,False
bridge2algebra2006,4,question,global_s1,akt,valid,352370,229,0.820212,0.004184,0.805861,0.014351,0.001,0.009314,-0.005129,0.001,0.818336,0.001876,0.001,0.002115,0.00207,0.016992,0.820222,-1e-05,0.876562,0.0037,0.000484,0.030985,0.02,True,0.02,True,0.02,True,0.16992000000000002,False,1.0,False,0.278865,False
bridge2algebra2006,4,question,no_s3,akt,valid,352370,229,0.814086,0.010358,0.805861,0.008225,0.001,0.009314,0.001044,0.13993,0.818336,-0.00425,0.001,0.002115,0.008243,0.001,0.820222,-0.006135,0.001,0.0037,0.006658,0.001,0.02,True,0.951524,False,0.02,True,0.02,True,0.02,True,0.02,True
assist2012,0,question,full,akt,valid,536087,5497,0.777308,0.006081,0.772909,0.0044,0.001,0.014961,-0.00888,0.001,0.777844,-0.000535,0.001999,0.002019,0.004062,0.001,0.778567,-0.001259,0.001,0.001781,0.004299,0.001,0.02,True,0.02,True,0.02,True,0.02,True,0.02,True,0.02,True
assist2012,0,question,no_s1,akt,valid,536087,5497,0.778512,0.002217,0.772909,0.005603,0.001,0.014961,-0.012744,0.001,0.777844,0.000668,0.001,0.002019,0.000198,0.870565,0.778567,-5.5e-05,0.001,0.001781,0.000435,0.641679,0.02,True,0.02,True,0.02,True,1.0,False,0.02,True,1.0,False
assist2012,0,question,global_s1,akt,valid,536087,5497,0.778451,0.001859,0.772909,0.005543,0.001,0.014961,-0.013101,0.001,0.777844,0.000608,0.001,0.002019,-0.00016,0.648676,0.778567,-0.000116,0.001,0.001781,7.8e-05,0.924538,0.02,True,0.02,True,0.02,True,1.0,False,0.02,True,1.0,False
assist2012,0,question,no_s3,akt,valid,536087,5497,0.777385,0.006114,0.772909,0.004477,0.001,0.014961,-0.008846,0.001,0.777844,-0.000458,0.008996,0.002019,0.004095,0.001,0.778567,-0.001182,0.001,0.001781,0.004333,0.001,0.02,True,0.02,True,0.02,True,0.02,True,0.02,True,0.02,True
assist2012,1,question,full,akt,valid,536087,5497,0.777452,0.007065,0.772772,0.004679,0.001,0.014935,-0.00787,0.001,0.778036,-0.000584,0.001,0.002064,0.005001,0.001,0.778928,-0.001477,0.001,0.003226,0.003838,0.001,0.02,True,0.02,True,0.02,True,0.02,True,0.02,True,0.02,True
assist2012,1,question,no_s1,akt,valid,536087,5497,0.778838,0.003848,0.772772,0.006066,0.001,0.014935,-0.011087,0.001,0.778036,0.000803,0.001,0.002064,0.001784,0.043978,0.778928,-9e-05,0.001,0.003226,0.000622,0.368816,0.02,True,0.02,True,0.02,True,0.39580200000000004,False,0.02,True,1.0,False
assist2012,1,question,global_s1,akt,valid,536087,5497,0.77884,0.004006,0.772772,0.006067,0.001,0.014935,-0.010929,0.001,0.778036,0.000804,0.001,0.002064,0.001942,0.01999,0.778928,-8.9e-05,0.001,0.003226,0.000779,0.206897,0.02,True,0.02,True,0.02,True,0.19990000000000002,False,0.02,True,1.0,False
assist2012,1,question,no_s3,akt,valid,536087,5497,0.777545,0.007766,0.772772,0.004773,0.001,0.014935,-0.007169,0.001,0.778036,-0.00049,0.002999,0.002064,0.005702,0.001,0.778928,-0.001383,0.001,0.003226,0.00454,0.001,0.02,True,0.02,True,0.02,True,0.02,True,0.02,True,0.02,True
assist2012,2,question,full,akt,valid,536087,5497,0.777015,0.006592,0.771735,0.005281,0.001,0.014769,-0.008178,0.001,0.777755,-0.00074,0.001,0.001825,0.004767,0.001,0.778502,-0.001487,0.001,0.002746,0.003846,0.001,0.02,True,0.02,True,0.02,True,0.02,True,0.02,True,0.02,True
assist2012,2,question,no_s1,akt,valid,536087,5497,0.778439,0.002354,0.771735,0.006704,0.001,0.014769,-0.012415,0.001,0.777755,0.000684,0.001,0.001825,0.000529,0.77961,0.778502,-6.3e-05,0.001,0.002746,-0.000392,0.762619,0.02,True,0.02,True,0.02,True,1.0,False,0.02,True,1.0,False
assist2012,2,question,global_s1,akt,valid,536087,5497,0.778444,0.002523,0.771735,0.006709,0.001,0.014769,-0.012246,0.001,0.777755,0.000689,0.001,0.001825,0.000698,0.61969,0.778502,-5.9e-05,0.016992,0.002746,-0.000223,0.993503,0.02,True,0.02,True,0.02,True,1.0,False,0.033984,True,1.0,False
assist2012,2,question,no_s3,akt,valid,536087,5497,0.777074,0.007111,0.771735,0.00534,0.001,0.014769,-0.007659,0.001,0.777755,-0.000681,0.001,0.001825,0.005286,0.001,0.778502,-0.001428,0.001,0.002746,0.004365,0.001,0.02,True,0.02,True,0.02,True,0.02,True,0.02,True,0.02,True
assist2012,3,question,full,akt,valid,536087,5497,0.777274,0.008087,0.771509,0.005765,0.001,0.014137,-0.00605,0.001,0.777817,-0.000543,0.001999,0.001666,0.006421,0.001,0.778609,-0.001336,0.001,0.002641,0.005446,0.001,0.02,True,0.02,True,0.02,True,0.02,True,0.02,True,0.02,True
assist2012,3,question,no_s1,akt,valid,536087,5497,0.778538,0.003007,0.771509,0.007029,0.001,0.014137,-0.011129,0.001,0.777817,0.00072,0.001,0.001666,0.001342,0.094953,0.778609,-7.2e-05,0.001,0.002641,0.000366,0.526737,0.02,True,0.02,True,0.02,True,0.671664,False,0.02,True,1.0,False
assist2012,3,question,global_s1,akt,valid,536087,5497,0.778509,0.003128,0.771509,0.007,0.001,0.014137,-0.011009,0.001,0.777817,0.000692,0.001,0.001666,0.001462,0.083958,0.778609,-0.0001,0.001,0.002641,0.000487,0.391804,0.02,True,0.02,True,0.02,True,0.671664,False,0.02,True,1.0,False
assist2012,3,question,no_s3,akt,valid,536087,5497,0.777332,0.008318,0.771509,0.005824,0.001,0.014137,-0.005819,0.001,0.777817,-0.000485,0.001999,0.001666,0.006652,0.001,0.778609,-0.001277,0.001,0.002641,0.005676,0.001,0.02,True,0.02,True,0.02,True,0.02,True,0.02,True,0.02,True
assist2012,4,question,full,akt,valid,536087,5497,0.777269,0.006959,0.772492,0.004776,0.001,0.01261,-0.005652,0.001,0.778014,-0.000745,0.001,0.002003,0.004956,0.001,0.778707,-0.001438,0.001,0.00244,0.004519,0.001,0.02,True,0.02,True,0.02,True,0.02,True,0.02,True,0.02,True
assist2012,4,question,no_s1,akt,valid,536087,5497,0.778634,0.002643,0.772492,0.006141,0.001,0.01261,-0.009967,0.001,0.778014,0.00062,0.001,0.002003,0.00064,0.372814,0.778707,-7.3e-05,0.001,0.00244,0.000203,0.484758,0.02,True,0.02,True,0.02,True,1.0,False,0.02,True,1.0,False
assist2012,4,question,global_s1,akt,valid,536087,5497,0.778728,0.002772,0.772492,0.006235,0.001,0.01261,-0.009838,0.001,0.778014,0.000714,0.001,0.002003,0.000769,0.375812,0.778707,2.1e-05,0.416792,0.00244,0.000332,0.542729,0.02,True,0.02,True,0.02,True,1.0,False,0.416792,False,1.0,False
assist2012,4,question,no_s3,akt,valid,536087,5497,0.777369,0.007002,0.772492,0.004877,0.001,0.01261,-0.005608,0.001,0.778014,-0.000645,0.001,0.002003,0.004999,0.001,0.778707,-0.001337,0.001,0.00244,0.004562,0.001,0.02,True,0.02,True,0.02,True,0.02,True,0.02,True,0.02,True
ednet,0,question,full,simplekt,valid,132209,937,0.685011,0.022655,0.658462,0.026549,0.001,0.148408,-0.125754,0.001,0.665357,0.019654,0.001,0.015092,0.007563,0.073963,0.679223,0.005788,0.001,0.015646,0.007009,0.055972,0.02,True,0.02,True,0.02,True,0.7196400000000001,False,0.02,True,0.7276360000000001,False
ednet,0,question,no_s1,simplekt,valid,132209,937,0.67905,0.010129,0.658462,0.020588,0.001,0.148408,-0.138279,0.001,0.665357,0.013693,0.001,0.015092,-0.004963,0.050975,0.679223,-0.000174,0.006997,0.015646,-0.005517,0.022989,0.02,True,0.02,True,0.02,True,0.662675,False,0.062973,False,0.367824,False
ednet,0,question,global_s1,simplekt,valid,132209,937,0.679211,0.013822,0.658462,0.020749,0.001,0.148408,-0.134587,0.001,0.665357,0.013854,0.001,0.015092,-0.00127,0.283858,0.679223,-1.2e-05,0.941529,0.015646,-0.001824,0.267866,0.02,True,0.02,True,0.02,True,1.0,False,0.941529,False,1.0,False
ednet,0,question,no_s3,simplekt,valid,132209,937,0.684799,0.023453,0.658462,0.026337,0.001,0.148408,-0.124955,0.001,0.665357,0.019442,0.001,0.015092,0.008361,0.071964,0.679223,0.005576,0.001,0.015646,0.007807,0.071964,0.02,True,0.02,True,0.02,True,0.7196400000000001,False,0.02,True,0.863568,False
ednet,1,question,full,simplekt,valid,132209,937,0.687563,0.02428,0.659407,0.028156,0.001,0.132468,-0.108188,0.001,0.664904,0.022658,0.001,0.028481,-0.004201,0.118941,0.682024,0.005539,0.001,0.026042,-0.001762,0.212894,0.02,True,0.02,True,0.02,True,0.8325870000000001,False,0.02,True,1.0,False
ednet,1,question,no_s1,simplekt,valid,132209,937,0.681887,0.021682,0.659407,0.02248,0.001,0.132468,-0.110786,0.001,0.664904,0.016982,0.001,0.028481,-0.006799,0.001,0.682024,-0.000137,0.012994,0.026042,-0.004361,0.006997,0.02,True,0.02,True,0.02,True,0.02,True,0.103952,False,0.118949,False
ednet,1,question,global_s1,simplekt,valid,132209,937,0.683055,0.020974,0.659407,0.023648,0.001,0.132468,-0.111494,0.001,0.664904,0.01815,0.001,0.028481,-0.007507,0.001,0.682024,0.001031,0.135932,0.026042,-0.005068,0.001,0.02,True,0.02,True,0.02,True,0.02,True,0.543728,False,0.02,True
ednet,1,question,no_s3,simplekt,valid,132209,937,0.687046,0.025354,0.659407,0.02764,0.001,0.132468,-0.107114,0.001,0.664904,0.022142,0.001,0.028481,-0.003127,0.268866,0.682024,0.005023,0.001,0.026042,-0.000688,0.5997,0.02,True,0.02,True,0.02,True,1.0,False,0.02,True,1.0,False
ednet,2,question,full,simplekt,valid,132209,937,0.682993,0.023006,0.657867,0.025126,0.001,0.146561,-0.123555,0.001,0.662051,0.020942,0.001,0.013229,0.009778,0.056972,0.676976,0.006017,0.001,0.0176,0.005406,0.210895,0.02,True,0.02,True,0.02,True,0.683664,False,0.02,True,1.0,False
ednet,2,question,no_s1,simplekt,valid,132209,937,0.676902,0.007751,0.657867,0.019035,0.001,0.146561,-0.138811,0.001,0.662051,0.014851,0.001,0.013229,-0.005478,0.04098,0.676976,-7.5e-05,0.187906,0.0176,-0.00985,0.048976,0.02,True,0.02,True,0.02,True,0.57372,False,0.543728,False,0.7046549999999999,False
ednet,2,question,global_s1,simplekt,valid,132209,937,0.679598,0.009868,0.657867,0.021732,0.001,0.146561,-0.136693,0.001,0.662051,0.017547,0.001,0.013229,-0.00336,0.076962,0.676976,0.002622,0.001,0.0176,-0.007732,0.046977,0.02,True,0.02,True,0.02,True,0.7196400000000001,False,0.02,True,0.7046549999999999,False
ednet,2,question,no_s3,simplekt,valid,132209,937,0.682975,0.02258,0.657867,0.025108,0.001,0.146561,-0.123982,0.001,0.662051,0.020924,0.001,0.013229,0.009351,0.063968,0.676976,0.005999,0.001,0.0176,0.004979,0.268866,0.02,True,0.02,True,0.02,True,0.7036479999999999,False,0.02,True,1.0,False
ednet,3,question,full,simplekt,valid,132209,937,0.683214,0.024853,0.65679,0.026424,0.001,0.145087,-0.120234,0.001,0.659729,0.023485,0.001,0.022827,0.002026,0.687656,0.676326,0.006888,0.001,0.027809,-0.002957,0.237881,0.02,True,0.02,True,0.02,True,1.0,False,0.02,True,1.0,False
ednet,3,question,no_s1,simplekt,valid,132209,937,0.676641,0.018321,0.65679,0.019851,0.001,0.145087,-0.126766,0.001,0.659729,0.016911,0.001,0.022827,-0.004506,0.003998,0.676326,0.000314,0.026987,0.027809,-0.009488,0.001,0.02,True,0.02,True,0.02,True,0.067966,False,0.188909,False,0.02,True
ednet,3,question,global_s1,simplekt,valid,132209,937,0.677218,0.019651,0.65679,0.020428,0.001,0.145087,-0.125436,0.001,0.659729,0.017489,0.001,0.022827,-0.003176,0.024988,0.676326,0.000892,0.153923,0.027809,-0.008158,0.001,0.02,True,0.02,True,0.02,True,0.37482,False,0.543728,False,0.02,True
ednet,3,question,no_s3,simplekt,valid,132209,937,0.682862,0.023686,0.65679,0.026072,0.001,0.145087,-0.121401,0.001,0.659729,0.023133,0.001,0.022827,0.000859,0.84058,0.676326,0.006536,0.001,0.027809,-0.004123,0.262869,0.02,True,0.02,True,0.02,True,1.0,False,0.02,True,1.0,False
ednet,4,question,full,simplekt,valid,132209,937,0.685137,0.01798,0.653691,0.031447,0.001,0.142891,-0.124911,0.001,0.660204,0.024933,0.001,0.017402,0.000578,0.983508,0.676922,0.008215,0.001,0.014804,0.003177,0.451774,0.02,True,0.02,True,0.02,True,1.0,False,0.02,True,1.0,False
ednet,4,question,no_s1,simplekt,valid,132209,937,0.67673,0.007611,0.653691,0.02304,0.001,0.142891,-0.135281,0.001,0.660204,0.016526,0.001,0.017402,-0.009792,0.001,0.676922,-0.000192,0.043978,0.014804,-0.007193,0.084958,0.02,True,0.02,True,0.02,True,0.02,True,0.263868,False,0.9345380000000001,False
ednet,4,question,global_s1,simplekt,valid,132209,937,0.678133,0.008306,0.653691,0.024442,0.001,0.142891,-0.134585,0.001,0.660204,0.017929,0.001,0.017402,-0.009096,0.008996,0.676922,0.001211,0.044978,0.014804,-0.006498,0.215892,0.02,True,0.02,True,0.02,True,0.143936,False,0.263868,False,1.0,False
ednet,4,question,no_s3,simplekt,valid,132209,937,0.685137,0.017923,0.653691,0.031447,0.001,0.142891,-0.124968,0.001,0.660204,0.024933,0.001,0.017402,0.000521,0.994503,0.676922,0.008215,0.001,0.014804,0.00312,0.488756,0.02,True,0.02,True,0.02,True,1.0,False,0.02,True,1.0,False
