dataset,subset,model,fold,n_rows,auc,ece,brier
algebra2005,classical,bkt,0,93595,0.7508093079215428,0.013982997365685253,0.15224870764126386
algebra2005,classical,bkt,1,93595,0.7500792905869462,0.015669630026707654,0.1523099142899317
algebra2005,classical,bkt,2,93595,0.7502309896508729,0.012839190982796941,0.1523871235817845
algebra2005,classical,bkt,3,93595,0.7506087018561548,0.014198174004746532,0.15231906146903568
algebra2005,classical,bkt,4,93595,0.7508022236883471,0.015460337495323205,0.15233131447157947
algebra2005,classical,pfa,0,93595,0.7377811166303277,0.03590994063235611,0.1591504623888417
algebra2005,classical,pfa,1,93595,0.7380676988494875,0.038378401880197095,0.15869262851470972
algebra2005,classical,pfa,2,93595,0.7369923505670134,0.03781477374142451,0.15940056939262215
algebra2005,classical,pfa,3,93595,0.7372404134306909,0.036096597140198285,0.15853557244446906
algebra2005,classical,pfa,4,93595,0.7368568796423884,0.038696419736489636,0.15875153088828176
algebra2005,classical,pfa_recency,0,93595,0.7414687926439325,0.03950338640543605,0.1601478340836634
algebra2005,classical,pfa_recency,1,93595,0.7413928383302951,0.041903291363125546,0.1606816388051494
algebra2005,classical,pfa_recency,2,93595,0.7402407886222458,0.037869694677719994,0.15991433911680694
algebra2005,classical,pfa_recency,3,93595,0.7399167218441383,0.04150767392623846,0.16031913392872582
algebra2005,classical,pfa_recency,4,93595,0.7406623469981248,0.040897036290194484,0.1603322343914672
algebra2005,classical,elorasch,0,93595,0.7299027468456384,0.05723664469920601,0.16105290944498868
algebra2005,classical,elorasch,1,93595,0.7358159353996401,0.06331282819209957,0.16120333632579628
algebra2005,classical,elorasch,2,93595,0.7332601814024737,0.06068090580094879,0.1611479831006007
algebra2005,classical,elorasch,3,93595,0.7349201376461177,0.062446640845711,0.16107774561416743
algebra2005,classical,elorasch,4,93595,0.7342519914101298,0.06152637452600974,0.16107109040737522
algebra2005,deep,dkt,0,92945,0.8097696245775141,0.019174693636021287,0.1375088210975308
algebra2005,deep,dkt,1,92945,0.8080357389963512,0.009147137554467699,0.13753451821948465
algebra2005,deep,dkt,2,92945,0.8086644417095498,0.01015723384797457,0.1371566536290279
algebra2005,deep,dkt,3,92945,0.8091499201553364,0.010041322287374237,0.13718292630082304
algebra2005,deep,dkt,4,92945,0.8114028527928571,0.012944988971972705,0.1364634413922212
algebra2005,deep,sakt,0,92945,0.7840793202349562,0.059084378933778034,0.14895412892549356
algebra2005,deep,sakt,1,92945,0.7836372571586054,0.05747131959761148,0.14927360612168486
algebra2005,deep,sakt,2,92945,0.7847419805447255,0.05305650008069289,0.1485918501302921
algebra2005,deep,sakt,3,92945,0.7860259427628653,0.05051148528699768,0.1494267168469525
algebra2005,deep,sakt,4,92945,0.7852366001615037,0.051184896444133605,0.14849856477615794
algebra2005,deep,akt,0,92945,0.8078821272921234,0.02349098929474417,0.1410699217993437
algebra2005,deep,akt,1,92945,0.8079369925714613,0.025558463607509792,0.14090493186615743
algebra2005,deep,akt,2,92945,0.806222830405819,0.02708004411210929,0.14156936741546075
algebra2005,deep,akt,3,92945,0.8110029377343073,0.035307666899779454,0.14048102401301846
algebra2005,deep,akt,4,92945,0.8133985898386386,0.027323259992468655,0.13930110977416754
algebra2005,deep,simplekt,0,92945,0.8133940954138321,0.053947345204153,0.14202230032513852
algebra2005,deep,simplekt,1,92945,0.8140781603391303,0.04882404432729031,0.14107683414255742
algebra2005,deep,simplekt,2,92945,0.8152466188924636,0.06492002904943783,0.14169980482209907
algebra2005,deep,simplekt,3,92945,0.8166938538926767,0.06655949109688522,0.14171179299854753
algebra2005,deep,simplekt,4,92945,0.8128162478993828,0.04308662219592232,0.1425251564866319
assist2009,classical,bkt,0,53148,0.7252393093831357,0.02023614294012706,0.1958847891533285
assist2009,classical,bkt,1,53148,0.7252759760572407,0.019419792537373914,0.1957878333599961
assist2009,classical,bkt,2,53148,0.7258104414310979,0.01853391847344216,0.19574063066988476
assist2009,classical,bkt,3,53148,0.7266318861235169,0.019524903980596406,0.19560436505940176
assist2009,classical,bkt,4,53148,0.7259941083790202,0.020950579732691862,0.19589858814183778
assist2009,classical,pfa,0,53148,0.7083194616898207,0.0275388467105214,0.20302909926275833
assist2009,classical,pfa,1,53148,0.7086361961121914,0.026005892533463717,0.2031299798322901
assist2009,classical,pfa,2,53148,0.7100830094699403,0.029076996014329184,0.2028549403856862
assist2009,classical,pfa,3,53148,0.7086862219859115,0.027895126093028272,0.20305758001766328
assist2009,classical,pfa,4,53148,0.7090013475683308,0.02842977047163385,0.20334833646608436
assist2009,classical,pfa_recency,0,53148,0.7187566544377192,0.02406257174878953,0.19923843321325718
assist2009,classical,pfa_recency,1,53148,0.7182416891549595,0.023502977879638925,0.19947732801059873
assist2009,classical,pfa_recency,2,53148,0.7190953083458711,0.024494414748333346,0.19923236027022115
assist2009,classical,pfa_recency,3,53148,0.7185381374705273,0.021429234291952693,0.19925567188213492
assist2009,classical,pfa_recency,4,53148,0.7183525258047231,0.023214058546290016,0.1995103195419773
assist2009,classical,elorasch,0,53148,0.7102614035944567,0.06222450470359907,0.20544418114398094
assist2009,classical,elorasch,1,53148,0.7101210871380922,0.06411391405818052,0.20561328310183208
assist2009,classical,elorasch,2,53148,0.7110591727269819,0.06428302331874831,0.20561499065350175
assist2009,classical,elorasch,3,53148,0.7108119665699623,0.06459642432199399,0.20571640591144147
assist2009,classical,elorasch,4,53148,0.710534213925516,0.06405971801928281,0.20572448766206236
assist2009,deep,dkt,0,52254,0.7499495411890569,0.01063464997894899,0.18743605985608755
assist2009,deep,dkt,1,52254,0.748007439669236,0.009876315688751103,0.18795765774754086
assist2009,deep,dkt,2,52254,0.7513523232255738,0.012104116431277992,0.18686171692597697
assist2009,deep,dkt,3,52254,0.7517081158210368,0.013774796187851658,0.18689575902782563
assist2009,deep,dkt,4,52254,0.7524662576579104,0.01917847054770927,0.18659200311593374
assist2009,deep,sakt,0,52254,0.72862278456082,0.04496216557584107,0.19563632691851338
assist2009,deep,sakt,1,52254,0.7315115521824953,0.045290337581811925,0.19501284954051362
assist2009,deep,sakt,2,52254,0.7297053944162906,0.041373734068205326,0.19511285773892906
assist2009,deep,sakt,3,52254,0.7291433563321421,0.04857061660351359,0.19576501528342327
assist2009,deep,sakt,4,52254,0.7285756066193361,0.03639966318367973,0.1949157566069583
assist2009,deep,akt,0,52254,0.7615317357545422,0.02226779576683127,0.18429261528189228
assist2009,deep,akt,1,52254,0.7586001773959243,0.017385021242392926,0.18492639968174682
assist2009,deep,akt,2,52254,0.7605576484325606,0.01855521682550621,0.18441682235522638
assist2009,deep,akt,3,52254,0.7583367623894581,0.019604041795843397,0.18521600834462434
assist2009,deep,akt,4,52254,0.7590837336186076,0.028589840012247864,0.1852722336290045
assist2009,deep,simplekt,0,52254,0.7635746643237543,0.07877130171852877,0.19180597539288857
assist2009,deep,simplekt,1,52254,0.7606758677844898,0.12603395146783022,0.20473721489015198
assist2009,deep,simplekt,2,52254,0.7591040528428283,0.02564730546943774,0.1869883113838175
assist2009,deep,simplekt,3,52254,0.7674237109343925,0.05725298350365522,0.18646609040532783
assist2009,deep,simplekt,4,52254,0.7661351328691908,0.11129210778122252,0.1973732527316569
assist2012,classical,bkt,0,542817,0.6808363859594394,0.008536563160085905,0.1923492355962982
assist2012,classical,bkt,1,542817,0.6807241956577799,0.008243176782800439,0.19233874318888533
assist2012,classical,bkt,2,542817,0.6809079331611717,0.0076202449043309296,0.19233117402487854
assist2012,classical,bkt,3,542817,0.6809415981480832,0.008014927010489937,0.1923350800258537
assist2012,classical,bkt,4,542817,0.680865875835851,0.008150847221521764,0.1923250603524659
assist2012,classical,pfa,0,542817,0.6669473589353799,0.014811424629837745,0.19647752532941687
assist2012,classical,pfa,1,542817,0.6667345790109995,0.015607495987293505,0.19652312873742195
assist2012,classical,pfa,2,542817,0.666602459020299,0.015694923488452906,0.19651790076641662
assist2012,classical,pfa,3,542817,0.6668799213210571,0.015802696264136943,0.19648641381901694
assist2012,classical,pfa,4,542817,0.6668057460666647,0.015319826342387282,0.19648968734814357
assist2012,classical,pfa_recency,0,542817,0.6731031060126925,0.008840804448770282,0.19482902704530813
assist2012,classical,pfa_recency,1,542817,0.673234374275308,0.009645277482831055,0.1948374968434796
assist2012,classical,pfa_recency,2,542817,0.6731637349288362,0.00914822419796961,0.19482692527318748
assist2012,classical,pfa_recency,3,542817,0.6732784388099915,0.009576538629917676,0.19481495658345016
assist2012,classical,pfa_recency,4,542817,0.6732953084265233,0.009431026886425112,0.19480898149141804
assist2012,classical,elorasch,0,542817,0.6708819213298646,0.04845923868434437,0.19787746177881235
assist2012,classical,elorasch,1,542817,0.6710282547687829,0.04787121496283795,0.19782510634565584
assist2012,classical,elorasch,2,542817,0.6707272377660682,0.04699138749603562,0.19775144213717552
assist2012,classical,elorasch,3,542817,0.6710809722283281,0.048730925283519015,0.19790667064469497
assist2012,classical,elorasch,4,542817,0.6710572884506895,0.04743259742073232,0.19773484972549157
assist2012,deep,dkt,0,536087,0.7292508551806404,0.007334638034498106,0.18047298977264883
assist2012,deep,dkt,1,536087,0.7293053046556213,0.003981467560302718,0.18041239797943248
assist2012,deep,dkt,2,536087,0.7289270221954223,0.003392374372070199,0.18048580244035015
assist2012,deep,dkt,3,536087,0.7301083797028411,0.0030036551902956157,0.18019345309293083
assist2012,deep,dkt,4,536087,0.7302730727440112,0.0101096245572081,0.1802662631496567
assist2012,deep,sakt,0,536087,0.7073374782148303,0.007245143791959115,0.18620975403801995
assist2012,deep,sakt,1,536087,0.7068585781570108,0.011795351687319404,0.18632941011430978
assist2012,deep,sakt,2,536087,0.7066779231939835,0.009477514284062086,0.18635847294047422
assist2012,deep,sakt,3,536087,0.7064940496751866,0.008326338821870305,0.18642900124744677
assist2012,deep,sakt,4,536087,0.7078597504381243,0.025529975545014138,0.18674401953149397
assist2012,deep,akt,0,536087,0.7729085308037571,0.014960614415197531,0.16826058423571175
assist2012,deep,akt,1,536087,0.7727722884734549,0.014934749770093318,0.16831592400655118
assist2012,deep,akt,2,536087,0.7717345451946434,0.01476925499032806,0.16871821258903874
assist2012,deep,akt,3,536087,0.7715087229614617,0.014136657855907713,0.16869858302922847
assist2012,deep,akt,4,536087,0.7724924247200833,0.01261043505998091,0.1683146925310444
assist2012,deep,simplekt,0,536087,0.7691879900433138,0.017697506934508764,0.1694627725308019
assist2012,deep,simplekt,1,536087,0.7702729383928955,0.019192492449919513,0.1693454693651777
assist2012,deep,simplekt,2,536087,0.7709999003537864,0.008496374469069406,0.16852769252664213
assist2012,deep,simplekt,3,536087,0.7702069133898382,0.015382536603200601,0.16908951669637579
assist2012,deep,simplekt,4,536087,0.7706972329997912,0.01560763234325773,0.16881238434739138
assist2015,classical,bkt,0,138458,0.6988396554410856,0.007777161533661969,0.17705468862960927
assist2015,classical,bkt,1,138458,0.6989960568302095,0.00726007088331237,0.1770333785979978
assist2015,classical,bkt,2,138458,0.699135785826616,0.0069974131118037105,0.17700441032354688
assist2015,classical,bkt,3,138458,0.6989866501582369,0.008391032432953464,0.1770249023305922
assist2015,classical,bkt,4,138458,0.6992027110875997,0.007014679720815538,0.17700230441203552
assist2015,classical,pfa,0,138458,0.6826752389081978,0.00752674022747633,0.1808669292873758
assist2015,classical,pfa,1,138458,0.6829409216816499,0.007068336353236797,0.18084908971201363
assist2015,classical,pfa,2,138458,0.6826723054340587,0.00772490085028915,0.18083804201301976
assist2015,classical,pfa,3,138458,0.682794645163546,0.008205737459315365,0.1808294090056976
assist2015,classical,pfa,4,138458,0.6837069670144611,0.007777108307803169,0.1806981950656111
assist2015,classical,pfa_recency,0,138458,0.6876852073347711,0.006562793178295999,0.1796501298838034
assist2015,classical,pfa_recency,1,138458,0.6875119980211781,0.0064858089183282164,0.1796699744929651
assist2015,classical,pfa_recency,2,138458,0.6874669461010773,0.004865434316707059,0.17963970350151903
assist2015,classical,pfa_recency,3,138458,0.6874118902684012,0.005887884465971754,0.17965947201693766
assist2015,classical,pfa_recency,4,138458,0.6883185036226266,0.006846346335316381,0.1795277538543245
assist2015,classical,elorasch,0,138458,0.6748208534219244,0.06412859174859763,0.187877431402413
assist2015,classical,elorasch,1,138458,0.6747859508824957,0.06479755389161024,0.18793008670719816
assist2015,classical,elorasch,2,138458,0.675029254621325,0.06420171862502527,0.18779772421032762
assist2015,classical,elorasch,3,138458,0.6747598333972697,0.06546359861383086,0.1879815865189636
assist2015,classical,elorasch,4,138458,0.6748071343760367,0.06458775396859792,0.18788349062578286
assist2015,deep,dkt,0,134592,0.7269637354031173,0.010352402346514697,0.1705679778796238
assist2015,deep,dkt,1,134592,0.7262923978182605,0.008552483968632464,0.1706377280338248
assist2015,deep,dkt,2,134592,0.727098492027944,0.01010177396333063,0.1705619044499649
assist2015,deep,dkt,3,134592,0.7266269317816553,0.010431647588907633,0.1705927731575225
assist2015,deep,dkt,4,134592,0.7270830043183134,0.006998703502941397,0.17046756962049445
assist2015,deep,sakt,0,134592,0.7043429047615994,0.018219617245802105,0.17539439160066506
assist2015,deep,sakt,1,134592,0.7051278610425392,0.016674301729422834,0.1750558360651797
assist2015,deep,sakt,2,134592,0.7049351992704562,0.0230053055457305,0.17557362763675963
assist2015,deep,sakt,3,134592,0.704971672883099,0.02418661988830779,0.17556161298818118
assist2015,deep,sakt,4,134592,0.7046093122822397,0.018418895068949972,0.17530982103738707
assist2015,deep,akt,0,134592,0.7234014959855963,0.010453431085646642,0.1711102969383773
assist2015,deep,akt,1,134592,0.7226243506088893,0.00925182495893947,0.17125555233446454
assist2015,deep,akt,2,134592,0.7232843493609062,0.00943572291644017,0.17109380516174175
assist2015,deep,akt,3,134592,0.7223318412441126,0.009709882870401972,0.17132515028450804
assist2015,deep,akt,4,134592,0.7231790174081845,0.009268633546044165,0.17114068021646173
assist2015,deep,simplekt,0,134592,0.7178206478935458,0.0272427695923247,0.1732676411002443
assist2015,deep,simplekt,1,134592,0.7191666569014484,0.014348498503765005,0.17227010126733538
assist2015,deep,simplekt,2,134592,0.7177778606254495,0.016261414394798522,0.17272455255924596
assist2015,deep,simplekt,3,134592,0.7177779197700934,0.014107674133533862,0.17255057821650566
assist2015,deep,simplekt,4,134592,0.7157326720091484,0.031170920218377356,0.1736829256554382
assist2017,classical,bkt,0,178823,0.6364653199157344,0.01854000424101901,0.21975857930373818
assist2017,classical,bkt,1,178823,0.6363737467968266,0.0167007301112333,0.21974509470511075
assist2017,classical,bkt,2,178823,0.636227511781253,0.017237648100943682,0.21979380122913708
assist2017,classical,bkt,3,178823,0.6367196331467042,0.01829890963296504,0.21975080391618954
assist2017,classical,bkt,4,178823,0.6364865043853709,0.016367284479407954,0.21973846671479197
assist2017,classical,pfa,0,178823,0.6257765258491389,0.01414503359075221,0.22254663511901615
assist2017,classical,pfa,1,178823,0.6256276973362914,0.014287585010107256,0.22255701048255233
assist2017,classical,pfa,2,178823,0.6255958406273819,0.0145976913101834,0.22258088607633766
assist2017,classical,pfa,3,178823,0.6257928870782612,0.014254595987836278,0.22249805189122865
assist2017,classical,pfa,4,178823,0.6255796828754746,0.013992541484670808,0.2225527604052347
assist2017,classical,pfa_recency,0,178823,0.6303156793522469,0.0116116543327926,0.22160078280176645
assist2017,classical,pfa_recency,1,178823,0.6302348792065591,0.011779744032741278,0.22163283723072985
assist2017,classical,pfa_recency,2,178823,0.6301205042487628,0.011699881184631937,0.22163866984540337
assist2017,classical,pfa_recency,3,178823,0.6306549782110115,0.012635021877892278,0.22155392528809564
assist2017,classical,pfa_recency,4,178823,0.6302854562211102,0.01180963362440025,0.22160421864690988
assist2017,classical,elorasch,0,178823,0.6398857298376579,0.028824328729953077,0.22046505530550203
assist2017,classical,elorasch,1,178823,0.6400836609254875,0.027391008536600255,0.2203388082912965
assist2017,classical,elorasch,2,178823,0.6398738477863594,0.027428329040767457,0.22036563189217617
assist2017,classical,elorasch,3,178823,0.6401063950502666,0.028214573993785776,0.2203704756545154
assist2017,classical,elorasch,4,178823,0.6406972820322174,0.028382447104796503,0.22027232309798914
assist2017,deep,dkt,0,177767,0.716836392826679,0.013442861723491979,0.20131766421855574
assist2017,deep,dkt,1,177767,0.7163176244474316,0.022240656027271658,0.20197655861757244
assist2017,deep,dkt,2,177767,0.7131190836407219,0.011020922893450441,0.20218353183391743
assist2017,deep,dkt,3,177767,0.7165852622760434,0.01531263057822881,0.20148376295094142
assist2017,deep,dkt,4,177767,0.7132885993742691,0.023377948663137704,0.20274494901382145
assist2017,deep,sakt,0,177767,0.653685124424933,0.010869340203749848,0.2158301417866083
assist2017,deep,sakt,1,177767,0.6532769004026737,0.011386564998003014,0.2159531902507777
assist2017,deep,sakt,2,177767,0.6539321803934385,0.013168000810049124,0.2159575677208931
assist2017,deep,sakt,3,177767,0.6523673448467588,0.009450531313460875,0.21616126250507683
assist2017,deep,sakt,4,177767,0.6515520677728744,0.01054956487987084,0.2163333016762954
assist2017,deep,akt,0,177767,0.7582634008708029,0.015686176286937397,0.18832142314878464
assist2017,deep,akt,1,177767,0.7581711631691036,0.015769966304207194,0.18831920164563729
assist2017,deep,akt,2,177767,0.7576252449789743,0.01789159180275304,0.18868963358013582
assist2017,deep,akt,3,177767,0.7586108620662609,0.017125031080009238,0.188193991819179
assist2017,deep,akt,4,177767,0.7595075379614933,0.022009268874425492,0.1884464750491936
assist2017,deep,simplekt,0,177767,0.7549749276494286,0.028361385408990428,0.18985246780628576
assist2017,deep,simplekt,1,177767,0.7565163928364136,0.02129137466458904,0.18873508998273023
assist2017,deep,simplekt,2,177767,0.7546677641586393,0.019182570443333106,0.189273974366446
assist2017,deep,simplekt,3,177767,0.7510138850894168,0.016647426687742932,0.19048932198782675
assist2017,deep,simplekt,4,177767,0.757587888624079,0.03015831791052332,0.18888354611558955
bridge2algebra2006,classical,bkt,0,354262,0.7468104590575615,0.009520063612363933,0.11637169103457821
bridge2algebra2006,classical,bkt,1,354262,0.7467705563102971,0.010513583502655792,0.11638444717097718
bridge2algebra2006,classical,bkt,2,354262,0.7462539433790933,0.008850803490328222,0.1163684780385656
bridge2algebra2006,classical,bkt,3,354262,0.7461166703287108,0.0075227821733134265,0.11636720322181418
bridge2algebra2006,classical,bkt,4,354262,0.7467486458821063,0.010814113276513389,0.11632537162321445
bridge2algebra2006,classical,pfa,0,354262,0.7458762729175732,0.013489059401101504,0.11769547246053678
bridge2algebra2006,classical,pfa,1,354262,0.7455165258817325,0.017760874833689,0.11796041321069416
bridge2algebra2006,classical,pfa,2,354262,0.7457570221373502,0.012530268797557005,0.11773439205033266
bridge2algebra2006,classical,pfa,3,354262,0.7460639886970082,0.011353516363149935,0.11764362096343327
bridge2algebra2006,classical,pfa,4,354262,0.745504242457831,0.013192487329460012,0.11772863041481536
bridge2algebra2006,classical,pfa_recency,0,354262,0.7485601077671824,0.0116579218240235,0.11709683416418251
bridge2algebra2006,classical,pfa_recency,1,354262,0.7483562156891084,0.011685985356640905,0.11714966214173386
bridge2algebra2006,classical,pfa_recency,2,354262,0.7486536138790345,0.011066730610236896,0.11709498218422426
bridge2algebra2006,classical,pfa_recency,3,354262,0.7484741225912157,0.011135112635680493,0.1171423807173256
bridge2algebra2006,classical,pfa_recency,4,354262,0.7484101008179497,0.011269016205922928,0.117124469000702
bridge2algebra2006,classical,elorasch,0,354262,0.7066976397978858,0.07268992391803974,0.12897712781862253
bridge2algebra2006,classical,elorasch,1,354262,0.7072787539555698,0.07208484946952855,0.12885066849190718
bridge2algebra2006,classical,elorasch,2,354262,0.7059614939245931,0.07259772820701307,0.12886691250832247
bridge2algebra2006,classical,elorasch,3,354262,0.7069165982156456,0.07273092748723527,0.12903241709450988
bridge2algebra2006,classical,elorasch,4,354262,0.7067968152140548,0.07348912974978355,0.12911302751952866
bridge2algebra2006,deep,dkt,0,352370,0.7962959815640157,0.006633288872491966,0.10860467950614411
bridge2algebra2006,deep,dkt,1,352370,0.7956733985601343,0.0065458821693106725,0.10876405197159235
bridge2algebra2006,deep,dkt,2,352370,0.7952514102821235,0.004733308454181666,0.10889665668919034
bridge2algebra2006,deep,dkt,3,352370,0.7943224015678372,0.006698441978602005,0.1092205032486307
bridge2algebra2006,deep,dkt,4,352370,0.7958011544602128,0.0055446533473337565,0.10878614021815138
bridge2algebra2006,deep,sakt,0,352370,0.761630595990223,0.0145348380963192,0.11550950618398276
bridge2algebra2006,deep,sakt,1,352370,0.761884427019624,0.012308996509350967,0.11523621711476574
bridge2algebra2006,deep,sakt,2,352370,0.7609430371670889,0.014386253937622398,0.11549973184848313
bridge2algebra2006,deep,sakt,3,352370,0.7609972374846128,0.011974028152226337,0.11545122609248801
bridge2algebra2006,deep,sakt,4,352370,0.7601807103870144,0.018228325907426846,0.11557767456605271
bridge2algebra2006,deep,akt,0,352370,0.8065578809483834,0.006100607032380733,0.10751051101089765
bridge2algebra2006,deep,akt,1,352370,0.806717544331205,0.006748800124868786,0.107501776781877
bridge2algebra2006,deep,akt,2,352370,0.8074458356301832,0.007235888412747946,0.10731692272281976
bridge2algebra2006,deep,akt,3,352370,0.8057453381120037,0.006766285722394094,0.10770212454224254
bridge2algebra2006,deep,akt,4,352370,0.8058608611148745,0.009313687884893713,0.10789354334937706
bridge2algebra2006,deep,simplekt,0,352370,0.8079724082308933,0.008720605897210335,0.10705624193725347
bridge2algebra2006,deep,simplekt,1,352370,0.8058795749660854,0.012306352981241324,0.10666759311258055
bridge2algebra2006,deep,simplekt,2,352370,0.8066888043528273,0.019114480517637717,0.10710232850739282
bridge2algebra2006,deep,simplekt,3,352370,0.8046034526690486,0.02978847631750716,0.10888260507863894
bridge2algebra2006,deep,simplekt,4,352370,0.8046434941186248,0.027307032948321344,0.10836697419286545
ednet,classical,bkt,0,133974,0.6295098167688566,0.018785609829934158,0.2137264431582294
ednet,classical,bkt,1,133974,0.6278754771835044,0.018128969863979355,0.2138231969741255
ednet,classical,bkt,2,133974,0.629019022154952,0.017738621123735712,0.2137460891198918
ednet,classical,bkt,3,133974,0.6288348066858483,0.01829580415369511,0.2137440936475531
ednet,classical,bkt,4,133974,0.6290203968657238,0.017337429460445357,0.2137739643129821
ednet,classical,pfa,0,133974,0.6214153779354719,0.05035659448150741,0.21898338394318986
ednet,classical,pfa,1,133974,0.6225622159488332,0.04679515584699034,0.2188424047691496
ednet,classical,pfa,2,133974,0.621586911290673,0.04598558793692384,0.21814700843547152
ednet,classical,pfa,3,133974,0.6230092506143406,0.054660343562990904,0.21938176898359515
ednet,classical,pfa,4,133974,0.6219319725186118,0.047137673465629304,0.21854565159215572
ednet,classical,pfa_recency,0,133974,0.6241346004603662,0.06301039200996128,0.2217848379002126
ednet,classical,pfa_recency,1,133974,0.6231630529224153,0.07207523593891363,0.22426860580585037
ednet,classical,pfa_recency,2,133974,0.6236382703394487,0.0639790172196687,0.22214167740981777
ednet,classical,pfa_recency,3,133974,0.6248295130891547,0.06880521873298649,0.22297441027228793
ednet,classical,pfa_recency,4,133974,0.6242412385435085,0.0657458295882678,0.2224884968430971
ednet,classical,elorasch,0,133974,0.6414908645927855,0.04713869374072191,0.21395747846604157
ednet,classical,elorasch,1,133974,0.6409019835388158,0.04591004773791334,0.21380548165283236
ednet,classical,elorasch,2,133974,0.641586154258915,0.046839973732444994,0.21395958507652668
ednet,classical,elorasch,3,133974,0.6416008330031897,0.046882721719759615,0.2139699848026948
ednet,classical,elorasch,4,133974,0.6411087608689863,0.04574214228686552,0.21390175916328397
ednet,deep,dkt,0,132209,0.6064314236354715,0.0905559772784001,0.23078114025943772
ednet,deep,dkt,1,132209,0.6068414919883018,0.09143444167946205,0.2314024485944981
ednet,deep,dkt,2,132209,0.6065867286046989,0.08840070796995668,0.23017275345929553
ednet,deep,dkt,3,132209,0.6063349733051197,0.08965573901928009,0.2298838323214002
ednet,deep,dkt,4,132209,0.6042368873936408,0.09134228380821276,0.23225490439364946
ednet,deep,sakt,0,132209,0.6046719829647189,0.11731133281395366,0.23863009808938876
ednet,deep,sakt,1,132209,0.6029535390495651,0.14034916760583624,0.24621863132744368
ednet,deep,sakt,2,132209,0.6069020514973298,0.1165325620797374,0.23830554155261746
ednet,deep,sakt,3,132209,0.6069875242858958,0.11283846334213254,0.23757432649910365
ednet,deep,sakt,4,132209,0.6058759312110631,0.11631164595451143,0.23950993598862408
ednet,deep,akt,0,132209,0.6070612920091303,0.0941251858799325,0.23444103467411448
ednet,deep,akt,1,132209,0.6119938065907833,0.09139233864562926,0.2329153676584045
ednet,deep,akt,2,132209,0.6070497955549875,0.09277751439009446,0.2341327388993185
ednet,deep,akt,3,132209,0.6108305597270095,0.0928238032206582,0.23394850975652187
ednet,deep,akt,4,132209,0.6115983507180558,0.09542187369997503,0.23475565350460256
ednet,deep,simplekt,0,132209,0.6584621118779972,0.14840847219175696,0.237773343527067
ednet,deep,simplekt,1,132209,0.6594067123982302,0.13246790460558663,0.23273922857778215
ednet,deep,simplekt,2,132209,0.6578667023725322,0.14656133999954618,0.23768712033174744
ednet,deep,simplekt,3,132209,0.6567899957231365,0.14508689726115465,0.23705214144680015
ednet,deep,simplekt,4,132209,0.653690604942677,0.14289103162417083,0.23885529907041123
