dataset,fold,meta_learner,models_in_subset,n_valid,n_test,n_concepts_fit,gated_auc,gated_ece,gated_brier,mean_auc,mean_ece,mean_brier,stacked_auc,stacked_ece,stacked_brier,best_single_model,best_single_selected_on,best_single_on_test_model,best_single_auc,best_single_ece,best_single_brier,lift_gated_vs_mean_auc,lift_gated_vs_best_auc,lift_gated_vs_stack_auc,lift_gated_vs_mean_ece,lift_gated_vs_best_ece,lift_gated_vs_stack_ece
assist2009,0,static_concept_weights,"dkt,sakt,akt,simplekt",52825,61904,92,0.846219,0.008517,0.14866,0.839948,0.027928,0.152258,0.846248,0.008302,0.14867,akt,valid,akt,0.831487,0.010324,0.154699,0.006271,0.014732,-2.9e-05,-0.019412,-0.001808,0.000215
assist2009,0,global_stack_concept_intercept,"dkt,sakt,akt,simplekt",52825,61904,92,0.847252,0.008093,0.148229,0.839948,0.027928,0.152258,0.846248,0.008302,0.14867,akt,valid,akt,0.831487,0.010324,0.154699,0.007304,0.015765,0.001004,-0.019835,-0.002231,-0.000209
assist2009,0,linear_gating,"dkt,sakt,akt,simplekt",52825,61904,-1,0.839667,0.043531,0.154016,0.839948,0.027928,0.152258,0.846248,0.008302,0.14867,akt,valid,akt,0.831487,0.010324,0.154699,-0.000282,0.008179,-0.006581,0.015603,0.033206,0.035229
assist2009,1,static_concept_weights,"dkt,sakt,akt,simplekt",51822,61904,93,0.846245,0.011891,0.148546,0.840364,0.020742,0.15167,0.845235,0.011242,0.149205,akt,valid,akt,0.829269,0.007153,0.155453,0.005881,0.016976,0.00101,-0.008851,0.004739,0.000649
assist2009,1,global_stack_concept_intercept,"dkt,sakt,akt,simplekt",51822,61904,93,0.845326,0.011578,0.149086,0.840364,0.020742,0.15167,0.845235,0.011242,0.149205,akt,valid,akt,0.829269,0.007153,0.155453,0.004962,0.016057,9.1e-05,-0.009164,0.004425,0.000335
assist2009,1,linear_gating,"dkt,sakt,akt,simplekt",51822,61904,-1,0.835797,0.035473,0.156192,0.840364,0.020742,0.15167,0.845235,0.011242,0.149205,akt,valid,akt,0.829269,0.007153,0.155453,-0.004567,0.006528,-0.009438,0.014731,0.02832,0.024231
assist2009,2,static_concept_weights,"dkt,sakt,akt,simplekt",52678,61904,101,0.844068,0.01305,0.149714,0.839247,0.032019,0.153081,0.843305,0.009124,0.149876,simplekt,valid,akt,0.829041,0.011985,0.156935,0.004821,0.015027,0.000763,-0.01897,0.001065,0.003926
assist2009,2,global_stack_concept_intercept,"dkt,sakt,akt,simplekt",52678,61904,101,0.844663,0.010015,0.149284,0.839247,0.032019,0.153081,0.843305,0.009124,0.149876,simplekt,valid,akt,0.829041,0.011985,0.156935,0.005416,0.015622,0.001358,-0.022004,-0.001969,0.000891
assist2009,2,linear_gating,"dkt,sakt,akt,simplekt",52678,61904,-1,0.838244,0.038145,0.155296,0.839247,0.032019,0.153081,0.843305,0.009124,0.149876,simplekt,valid,akt,0.829041,0.011985,0.156935,-0.001003,0.009203,-0.005061,0.006126,0.02616,0.029021
assist2009,3,static_concept_weights,"dkt,sakt,akt,simplekt",59610,61904,98,0.845658,0.012389,0.148924,0.841158,0.030231,0.15207,0.846494,0.010095,0.148503,akt,valid,simplekt,0.829384,0.007244,0.155426,0.0045,0.016274,-0.000836,-0.017842,0.005145,0.002294
assist2009,3,global_stack_concept_intercept,"dkt,sakt,akt,simplekt",59610,61904,98,0.846465,0.00987,0.148587,0.841158,0.030231,0.15207,0.846494,0.010095,0.148503,akt,valid,simplekt,0.829384,0.007244,0.155426,0.005306,0.01708,-3e-05,-0.020361,0.002626,-0.000225
assist2009,3,linear_gating,"dkt,sakt,akt,simplekt",59610,61904,-1,0.840081,0.04098,0.15481,0.841158,0.030231,0.15207,0.846494,0.010095,0.148503,akt,valid,simplekt,0.829384,0.007244,0.155426,-0.001078,0.010696,-0.006414,0.010749,0.033737,0.030885
assist2009,4,static_concept_weights,"dkt,sakt,akt,simplekt",53915,61904,94,0.849372,0.009272,0.147475,0.840472,0.03438,0.152427,0.847161,0.006899,0.148228,simplekt,valid,simplekt,0.83191,0.086021,0.165005,0.0089,0.017462,0.002211,-0.025108,-0.076749,0.002373
assist2009,4,global_stack_concept_intercept,"dkt,sakt,akt,simplekt",53915,61904,94,0.848278,0.008358,0.147977,0.840472,0.03438,0.152427,0.847161,0.006899,0.148228,simplekt,valid,simplekt,0.83191,0.086021,0.165005,0.007805,0.016368,0.001117,-0.026022,-0.077663,0.001459
assist2009,4,linear_gating,"dkt,sakt,akt,simplekt",53915,61904,-1,0.841793,0.057789,0.154745,0.840472,0.03438,0.152427,0.847161,0.006899,0.148228,simplekt,valid,simplekt,0.83191,0.086021,0.165005,0.00132,0.009883,-0.005368,0.023409,-0.028232,0.050889
assist2015,0,static_concept_weights,"dkt,sakt,akt,simplekt",102749,134592,100,0.728832,0.005966,0.169845,0.728645,0.006326,0.169923,0.730553,0.004172,0.16949,dkt,valid,dkt,0.726964,0.010352,0.170568,0.000187,0.001868,-0.001721,-0.00036,-0.004386,0.001794
assist2015,0,global_stack_concept_intercept,"dkt,sakt,akt,simplekt",102749,134592,100,0.730773,0.004529,0.169435,0.728645,0.006326,0.169923,0.730553,0.004172,0.16949,dkt,valid,dkt,0.726964,0.010352,0.170568,0.002127,0.003809,0.00022,-0.001797,-0.005823,0.000357
assist2015,0,linear_gating,"dkt,sakt,akt,simplekt",102749,134592,-1,0.722944,0.025887,0.171858,0.728645,0.006326,0.169923,0.730553,0.004172,0.16949,dkt,valid,dkt,0.726964,0.010352,0.170568,-0.005701,-0.004019,-0.007609,0.019561,0.015534,0.021714
assist2015,1,static_concept_weights,"dkt,sakt,akt,simplekt",103583,134592,100,0.729401,0.006176,0.169683,0.728483,0.006123,0.16989,0.730322,0.00414,0.169501,dkt,valid,dkt,0.726292,0.008552,0.170638,0.000917,0.003108,-0.000922,5.3e-05,-0.002377,0.002036
assist2015,1,global_stack_concept_intercept,"dkt,sakt,akt,simplekt",103583,134592,100,0.730251,0.004354,0.169505,0.728483,0.006123,0.16989,0.730322,0.00414,0.169501,dkt,valid,dkt,0.726292,0.008552,0.170638,0.001767,0.003958,-7.2e-05,-0.001769,-0.004199,0.000214
assist2015,1,linear_gating,"dkt,sakt,akt,simplekt",103583,134592,-1,0.724034,0.028056,0.171653,0.728483,0.006123,0.16989,0.730322,0.00414,0.169501,dkt,valid,dkt,0.726292,0.008552,0.170638,-0.00445,-0.002259,-0.006289,0.021933,0.019503,0.023916
assist2015,2,static_concept_weights,"dkt,sakt,akt,simplekt",104370,134592,99,0.729328,0.006369,0.16978,0.729014,0.003635,0.169822,0.730918,0.003933,0.169407,dkt,valid,dkt,0.727098,0.010102,0.170562,0.000314,0.002229,-0.001591,0.002734,-0.003733,0.002436
assist2015,2,global_stack_concept_intercept,"dkt,sakt,akt,simplekt",104370,134592,99,0.730914,0.004814,0.169419,0.729014,0.003635,0.169822,0.730918,0.003933,0.169407,dkt,valid,dkt,0.727098,0.010102,0.170562,0.0019,0.003816,-4e-06,0.001178,-0.005288,0.000881
assist2015,2,linear_gating,"dkt,sakt,akt,simplekt",104370,134592,-1,0.723269,0.030275,0.171947,0.729014,0.003635,0.169822,0.730918,0.003933,0.169407,dkt,valid,dkt,0.727098,0.010102,0.170562,-0.005745,-0.003829,-0.007649,0.02664,0.020173,0.026342
assist2015,3,static_concept_weights,"dkt,sakt,akt,simplekt",108932,134592,100,0.728826,0.005198,0.169874,0.728095,0.004987,0.169991,0.730201,0.003706,0.169532,dkt,valid,dkt,0.726627,0.010432,0.170593,0.000732,0.002199,-0.001375,0.000211,-0.005234,0.001492
assist2015,3,global_stack_concept_intercept,"dkt,sakt,akt,simplekt",108932,134592,100,0.730522,0.003204,0.169492,0.728095,0.004987,0.169991,0.730201,0.003706,0.169532,dkt,valid,dkt,0.726627,0.010432,0.170593,0.002428,0.003896,0.000321,-0.001783,-0.007228,-0.000502
assist2015,3,linear_gating,"dkt,sakt,akt,simplekt",108932,134592,-1,0.72258,0.029337,0.171991,0.728095,0.004987,0.169991,0.730201,0.003706,0.169532,dkt,valid,dkt,0.726627,0.010432,0.170593,-0.005515,-0.004047,-0.007621,0.02435,0.018905,0.025631
assist2015,4,static_concept_weights,"dkt,sakt,akt,simplekt",109271,134592,100,0.728809,0.007489,0.169999,0.728607,0.015553,0.170224,0.730614,0.004721,0.169506,dkt,valid,dkt,0.727083,0.006999,0.170468,0.000203,0.001726,-0.001805,-0.008064,0.00049,0.002768
assist2015,4,global_stack_concept_intercept,"dkt,sakt,akt,simplekt",109271,134592,100,0.730485,0.006203,0.169542,0.728607,0.015553,0.170224,0.730614,0.004721,0.169506,dkt,valid,dkt,0.727083,0.006999,0.170468,0.001878,0.003402,-0.000129,-0.00935,-0.000796,0.001482
assist2015,4,linear_gating,"dkt,sakt,akt,simplekt",109271,134592,-1,0.723867,0.038579,0.172505,0.728607,0.015553,0.170224,0.730614,0.004721,0.169506,dkt,valid,dkt,0.727083,0.006999,0.170468,-0.00474,-0.003216,-0.006747,0.023026,0.031581,0.033858
assist2017,0,static_concept_weights,"dkt,sakt,akt,simplekt",153067,177767,90,0.770687,0.00478,0.183694,0.76334,0.038864,0.188194,0.769958,0.004208,0.18388,akt,valid,akt,0.758263,0.015664,0.188321,0.007348,0.012424,0.000729,-0.034084,-0.010884,0.000572
assist2017,0,global_stack_concept_intercept,"dkt,sakt,akt,simplekt",153067,177767,90,0.770828,0.005061,0.183609,0.76334,0.038864,0.188194,0.769958,0.004208,0.18388,akt,valid,akt,0.758263,0.015664,0.188321,0.007488,0.012564,0.000869,-0.033803,-0.010603,0.000853
assist2017,0,linear_gating,"dkt,sakt,akt,simplekt",153067,177767,-1,0.764521,0.032602,0.187637,0.76334,0.038864,0.188194,0.769958,0.004208,0.18388,akt,valid,akt,0.758263,0.015664,0.188321,0.001181,0.006258,-0.005438,-0.006261,0.016939,0.028395
assist2017,1,static_concept_weights,"dkt,sakt,akt,simplekt",141938,177767,88,0.771435,0.005043,0.183412,0.763435,0.037727,0.188127,0.770683,0.004297,0.183613,akt,valid,akt,0.758171,0.015759,0.188319,0.008001,0.013264,0.000753,-0.032684,-0.010716,0.000746
assist2017,1,global_stack_concept_intercept,"dkt,sakt,akt,simplekt",141938,177767,88,0.771343,0.004085,0.183409,0.763435,0.037727,0.188127,0.770683,0.004297,0.183613,akt,valid,akt,0.758171,0.015759,0.188319,0.007908,0.013172,0.00066,-0.033642,-0.011674,-0.000212
assist2017,1,linear_gating,"dkt,sakt,akt,simplekt",141938,177767,-1,0.764966,0.034097,0.187805,0.763435,0.037727,0.188127,0.770683,0.004297,0.183613,akt,valid,akt,0.758171,0.015759,0.188319,0.001531,0.006795,-0.005716,-0.00363,0.018339,0.0298
assist2017,2,static_concept_weights,"dkt,sakt,akt,simplekt",145879,177767,89,0.769396,0.005833,0.184158,0.76173,0.043908,0.189212,0.768838,0.006604,0.184331,akt,valid,akt,0.757625,0.017903,0.18869,0.007666,0.01177,0.000557,-0.038075,-0.01207,-0.000771
assist2017,2,global_stack_concept_intercept,"dkt,sakt,akt,simplekt",145879,177767,89,0.769299,0.007222,0.184177,0.76173,0.043908,0.189212,0.768838,0.006604,0.184331,akt,valid,akt,0.757625,0.017903,0.18869,0.00757,0.011674,0.000461,-0.036686,-0.010681,0.000618
assist2017,2,linear_gating,"dkt,sakt,akt,simplekt",145879,177767,-1,0.764094,0.039405,0.188574,0.76173,0.043908,0.189212,0.768838,0.006604,0.184331,akt,valid,akt,0.757625,0.017903,0.18869,0.002364,0.006469,-0.004744,-0.004503,0.021502,0.032802
assist2017,3,static_concept_weights,"dkt,sakt,akt,simplekt",168980,177767,91,0.769895,0.00436,0.183863,0.763362,0.045767,0.188935,0.769464,0.004129,0.184,akt,valid,akt,0.758611,0.017114,0.188194,0.006533,0.011284,0.000431,-0.041407,-0.012754,0.000231
assist2017,3,global_stack_concept_intercept,"dkt,sakt,akt,simplekt",168980,177767,91,0.770003,0.002789,0.183812,0.763362,0.045767,0.188935,0.769464,0.004129,0.184,akt,valid,akt,0.758611,0.017114,0.188194,0.006641,0.011392,0.000539,-0.042978,-0.014325,-0.00134
assist2017,3,linear_gating,"dkt,sakt,akt,simplekt",168980,177767,-1,0.763321,0.040402,0.189004,0.763362,0.045767,0.188935,0.769464,0.004129,0.184,akt,valid,akt,0.758611,0.017114,0.188194,-4e-05,0.004711,-0.006143,-0.005365,0.023288,0.036273
assist2017,4,static_concept_weights,"dkt,sakt,akt,simplekt",149617,177767,90,0.772146,0.006403,0.183178,0.765056,0.043458,0.18816,0.772106,0.007563,0.183199,simplekt,valid,akt,0.757588,0.030158,0.188883,0.00709,0.014558,4e-05,-0.037055,-0.023756,-0.00116
assist2017,4,global_stack_concept_intercept,"dkt,sakt,akt,simplekt",149617,177767,90,0.772531,0.006384,0.183056,0.765056,0.043458,0.18816,0.772106,0.007563,0.183199,simplekt,valid,akt,0.757588,0.030158,0.188883,0.007475,0.014943,0.000425,-0.037073,-0.023774,-0.001178
assist2017,4,linear_gating,"dkt,sakt,akt,simplekt",149617,177767,-1,0.76606,0.036879,0.187651,0.765056,0.043458,0.18816,0.772106,0.007563,0.183199,simplekt,valid,akt,0.757588,0.030158,0.188883,0.001004,0.008472,-0.006046,-0.006578,0.006721,0.029317
algebra2005,0,static_concept_weights,"dkt,sakt,akt,simplekt",164550,134674,103,0.931894,0.005848,0.087731,0.92735,0.012641,0.09073,0.930244,0.006775,0.088723,simplekt,valid,simplekt,0.92167,0.023673,0.09472,0.004544,0.010224,0.00165,-0.006793,-0.017826,-0.000927
algebra2005,0,global_stack_concept_intercept,"dkt,sakt,akt,simplekt",164550,134674,103,0.93046,0.006692,0.088486,0.92735,0.012641,0.09073,0.930244,0.006775,0.088723,simplekt,valid,simplekt,0.92167,0.023673,0.09472,0.00311,0.00879,0.000216,-0.005949,-0.016981,-8.3e-05
algebra2005,0,linear_gating,"dkt,sakt,akt,simplekt",164550,134674,-1,0.925503,0.022046,0.093021,0.92735,0.012641,0.09073,0.930244,0.006775,0.088723,simplekt,valid,simplekt,0.92167,0.023673,0.09472,-0.001847,0.003833,-0.004741,0.009405,-0.001627,0.015271
algebra2005,1,static_concept_weights,"dkt,sakt,akt,simplekt",163830,134674,102,0.930502,0.006174,0.088757,0.925269,0.01372,0.092153,0.928356,0.006756,0.090061,dkt,valid,simplekt,0.919094,0.006517,0.094264,0.005233,0.011408,0.002146,-0.007545,-0.000343,-0.000581
algebra2005,1,global_stack_concept_intercept,"dkt,sakt,akt,simplekt",163830,134674,102,0.92887,0.005734,0.089551,0.925269,0.01372,0.092153,0.928356,0.006756,0.090061,dkt,valid,simplekt,0.919094,0.006517,0.094264,0.003601,0.009776,0.000514,-0.007986,-0.000783,-0.001022
algebra2005,1,linear_gating,"dkt,sakt,akt,simplekt",163830,134674,-1,0.923903,0.02709,0.094695,0.925269,0.01372,0.092153,0.928356,0.006756,0.090061,dkt,valid,simplekt,0.919094,0.006517,0.094264,-0.001366,0.004809,-0.004453,0.01337,0.020573,0.020334
algebra2005,2,static_concept_weights,"dkt,sakt,akt,simplekt",146472,134674,101,0.931982,0.004561,0.087472,0.926624,0.015585,0.091357,0.930254,0.005551,0.088618,simplekt,valid,simplekt,0.922659,0.029509,0.094508,0.005358,0.009323,0.001728,-0.011025,-0.024948,-0.000991
algebra2005,2,global_stack_concept_intercept,"dkt,sakt,akt,simplekt",146472,134674,101,0.930499,0.005265,0.088339,0.926624,0.015585,0.091357,0.930254,0.005551,0.088618,simplekt,valid,simplekt,0.922659,0.029509,0.094508,0.003875,0.007839,0.000245,-0.01032,-0.024244,-0.000286
algebra2005,2,linear_gating,"dkt,sakt,akt,simplekt",146472,134674,-1,0.927246,0.034117,0.093149,0.926624,0.015585,0.091357,0.930254,0.005551,0.088618,simplekt,valid,simplekt,0.922659,0.029509,0.094508,0.000622,0.004587,-0.003008,0.018531,0.004608,0.028565
algebra2005,3,static_concept_weights,"dkt,sakt,akt,simplekt",139259,134674,103,0.932104,0.002634,0.087274,0.92682,0.012038,0.090827,0.930304,0.001564,0.088465,simplekt,valid,simplekt,0.923337,0.029115,0.09361,0.005284,0.008767,0.0018,-0.009404,-0.026481,0.00107
algebra2005,3,global_stack_concept_intercept,"dkt,sakt,akt,simplekt",139259,134674,103,0.930767,0.002366,0.088086,0.92682,0.012038,0.090827,0.930304,0.001564,0.088465,simplekt,valid,simplekt,0.923337,0.029115,0.09361,0.003947,0.00743,0.000463,-0.009673,-0.026749,0.000802
algebra2005,3,linear_gating,"dkt,sakt,akt,simplekt",139259,134674,-1,0.927625,0.031136,0.092215,0.92682,0.012038,0.090827,0.930304,0.001564,0.088465,simplekt,valid,simplekt,0.923337,0.029115,0.09361,0.000806,0.004289,-0.002679,0.019097,0.002021,0.029572
algebra2005,4,static_concept_weights,"dkt,sakt,akt,simplekt",130601,134674,97,0.931189,0.002393,0.088172,0.926522,0.01037,0.09107,0.929469,0.002459,0.089255,dkt,valid,simplekt,0.920485,0.006696,0.093475,0.004668,0.010704,0.00172,-0.007977,-0.004303,-6.6e-05
algebra2005,4,global_stack_concept_intercept,"dkt,sakt,akt,simplekt",130601,134674,97,0.929999,0.001815,0.088909,0.926522,0.01037,0.09107,0.929469,0.002459,0.089255,dkt,valid,simplekt,0.920485,0.006696,0.093475,0.003478,0.009514,0.00053,-0.008556,-0.004882,-0.000645
algebra2005,4,linear_gating,"dkt,sakt,akt,simplekt",130601,134674,-1,0.92506,0.021112,0.093308,0.926522,0.01037,0.09107,0.929469,0.002459,0.089255,dkt,valid,simplekt,0.920485,0.006696,0.093475,-0.001462,0.004574,-0.00441,0.010742,0.014416,0.018653
bridge2algebra2006,0,static_concept_weights,"dkt,sakt,akt,simplekt",277809,353631,346,0.821111,0.003242,0.103722,0.815386,0.012555,0.105607,0.820759,0.003129,0.10412,simplekt,valid,simplekt,0.808154,0.008748,0.107026,0.005725,0.012958,0.000352,-0.009314,-0.005506,0.000113
bridge2algebra2006,0,global_stack_concept_intercept,"dkt,sakt,akt,simplekt",277809,353631,346,0.821643,0.00299,0.10384,0.815386,0.012555,0.105607,0.820759,0.003129,0.10412,simplekt,valid,simplekt,0.808154,0.008748,0.107026,0.006256,0.013489,0.000883,-0.009565,-0.005758,-0.000139
bridge2algebra2006,0,linear_gating,"dkt,sakt,akt,simplekt",277809,353631,-1,0.80471,0.036788,0.110156,0.815386,0.012555,0.105607,0.820759,0.003129,0.10412,simplekt,valid,simplekt,0.808154,0.008748,0.107026,-0.010676,-0.003443,-0.016049,0.024233,0.02804,0.033659
bridge2algebra2006,1,static_concept_weights,"dkt,sakt,akt,simplekt",287732,353631,364,0.822941,0.004135,0.103247,0.817539,0.013778,0.105074,0.822468,0.003673,0.103466,akt,valid,akt,0.807108,0.006646,0.107421,0.005402,0.015833,0.000472,-0.009643,-0.002512,0.000461
bridge2algebra2006,1,global_stack_concept_intercept,"dkt,sakt,akt,simplekt",287732,353631,364,0.822991,0.002856,0.103341,0.817539,0.013778,0.105074,0.822468,0.003673,0.103466,akt,valid,akt,0.807108,0.006646,0.107421,0.005451,0.015883,0.000522,-0.010922,-0.00379,-0.000817
bridge2algebra2006,1,linear_gating,"dkt,sakt,akt,simplekt",287732,353631,-1,0.806904,0.042585,0.109926,0.817539,0.013778,0.105074,0.822468,0.003673,0.103466,akt,valid,akt,0.807108,0.006646,0.107421,-0.010636,-0.000204,-0.015565,0.028808,0.035939,0.038912
bridge2algebra2006,2,static_concept_weights,"dkt,sakt,akt,simplekt",302714,353631,373,0.822379,0.005171,0.103308,0.817788,0.013696,0.104887,0.822513,0.003611,0.103585,akt,valid,akt,0.807853,0.007181,0.107228,0.004592,0.014526,-0.000133,-0.008524,-0.00201,0.00156
bridge2algebra2006,2,global_stack_concept_intercept,"dkt,sakt,akt,simplekt",302714,353631,373,0.822933,0.003803,0.103462,0.817788,0.013696,0.104887,0.822513,0.003611,0.103585,akt,valid,akt,0.807853,0.007181,0.107228,0.005146,0.01508,0.000421,-0.009892,-0.003378,0.000192
bridge2algebra2006,2,linear_gating,"dkt,sakt,akt,simplekt",302714,353631,-1,0.806838,0.037039,0.109522,0.817788,0.013696,0.104887,0.822513,0.003611,0.103585,akt,valid,akt,0.807853,0.007181,0.107228,-0.01095,-0.001015,-0.015675,0.023344,0.029858,0.033428
bridge2algebra2006,3,static_concept_weights,"dkt,sakt,akt,simplekt",308962,353631,376,0.820311,0.005135,0.103951,0.813889,0.015728,0.10619,0.819399,0.004295,0.1045,akt,valid,akt,0.806142,0.006656,0.107615,0.006423,0.014169,0.000913,-0.010593,-0.001521,0.000839
bridge2algebra2006,3,global_stack_concept_intercept,"dkt,sakt,akt,simplekt",308962,353631,376,0.820629,0.003704,0.104161,0.813889,0.015728,0.10619,0.819399,0.004295,0.1045,akt,valid,akt,0.806142,0.006656,0.107615,0.006741,0.014487,0.001231,-0.012024,-0.002952,-0.000591
bridge2algebra2006,3,linear_gating,"dkt,sakt,akt,simplekt",308962,353631,-1,0.805279,0.040662,0.110442,0.813889,0.015728,0.10619,0.819399,0.004295,0.1045,akt,valid,akt,0.806142,0.006656,0.107615,-0.008609,-0.000863,-0.01412,0.024934,0.034006,0.036367
bridge2algebra2006,4,static_concept_weights,"dkt,sakt,akt,simplekt",283782,353631,369,0.821331,0.003642,0.103869,0.812903,0.015974,0.105799,0.819331,0.0021,0.104274,akt,valid,akt,0.806228,0.009248,0.107816,0.008428,0.015103,0.002,-0.012332,-0.005606,0.001542
bridge2algebra2006,4,global_stack_concept_intercept,"dkt,sakt,akt,simplekt",283782,353631,369,0.820861,0.002978,0.104047,0.812903,0.015974,0.105799,0.819331,0.0021,0.104274,akt,valid,akt,0.806228,0.009248,0.107816,0.007958,0.014633,0.00153,-0.012995,-0.00627,0.000878
bridge2algebra2006,4,linear_gating,"dkt,sakt,akt,simplekt",283782,353631,-1,0.800877,0.030439,0.110014,0.812903,0.015974,0.105799,0.819331,0.0021,0.104274,akt,valid,akt,0.806228,0.009248,0.107816,-0.012027,-0.005351,-0.018455,0.014465,0.02119,0.028338
assist2012,0,static_concept_weights,"dkt,sakt,akt,simplekt",439766,536087,208,0.778567,0.001786,0.166071,0.771622,0.026284,0.169221,0.777844,0.002034,0.166303,akt,valid,akt,0.772909,0.014972,0.168261,0.006945,0.005659,0.000724,-0.024498,-0.013186,-0.000248
assist2012,0,global_stack_concept_intercept,"dkt,sakt,akt,simplekt",439766,536087,208,0.778573,0.002119,0.166061,0.771622,0.026284,0.169221,0.777844,0.002034,0.166303,akt,valid,akt,0.772909,0.014972,0.168261,0.006951,0.005664,0.000729,-0.024164,-0.012852,8.6e-05
assist2012,0,linear_gating,"dkt,sakt,akt,simplekt",439766,536087,-1,0.771659,0.030577,0.17055,0.771622,0.026284,0.169221,0.777844,0.002034,0.166303,akt,valid,akt,0.772909,0.014972,0.168261,3.6e-05,-0.00125,-0.006185,0.004293,0.015605,0.028543
assist2012,1,static_concept_weights,"dkt,sakt,akt,simplekt",432602,536087,207,0.778928,0.003211,0.166014,0.771671,0.024466,0.169108,0.778036,0.002072,0.166272,akt,valid,akt,0.772772,0.014931,0.168316,0.007257,0.006156,0.000893,-0.021255,-0.01172,0.00114
assist2012,1,global_stack_concept_intercept,"dkt,sakt,akt,simplekt",432602,536087,207,0.778692,0.002386,0.166058,0.771671,0.024466,0.169108,0.778036,0.002072,0.166272,akt,valid,akt,0.772772,0.014931,0.168316,0.007021,0.00592,0.000657,-0.022081,-0.012545,0.000314
assist2012,1,linear_gating,"dkt,sakt,akt,simplekt",432602,536087,-1,0.771395,0.029264,0.170605,0.771671,0.024466,0.169108,0.778036,0.002072,0.166272,akt,valid,akt,0.772772,0.014931,0.168316,-0.000276,-0.001378,-0.006641,0.004798,0.014333,0.027193
assist2012,2,static_concept_weights,"dkt,sakt,akt,simplekt",424912,536087,208,0.778502,0.002753,0.16613,0.770889,0.02433,0.169446,0.777755,0.001817,0.16635,akt,valid,akt,0.771734,0.014765,0.168718,0.007613,0.006768,0.000747,-0.021577,-0.012012,0.000936
assist2012,2,global_stack_concept_intercept,"dkt,sakt,akt,simplekt",424912,536087,208,0.778389,0.001748,0.166148,0.770889,0.02433,0.169446,0.777755,0.001817,0.16635,akt,valid,akt,0.771734,0.014765,0.168718,0.0075,0.006654,0.000634,-0.022582,-0.013018,-7e-05
assist2012,2,linear_gating,"dkt,sakt,akt,simplekt",424912,536087,-1,0.770868,0.034432,0.171261,0.770889,0.02433,0.169446,0.777755,0.001817,0.16635,akt,valid,akt,0.771734,0.014765,0.168718,-2.1e-05,-0.000867,-0.006887,0.010102,0.019667,0.032615
assist2012,3,static_concept_weights,"dkt,sakt,akt,simplekt",419158,536087,205,0.778609,0.002627,0.166109,0.771283,0.024792,0.169284,0.777817,0.001637,0.166317,akt,valid,akt,0.771509,0.01414,0.168699,0.007327,0.0071,0.000792,-0.022165,-0.011514,0.000989
assist2012,3,global_stack_concept_intercept,"dkt,sakt,akt,simplekt",419158,536087,205,0.778353,0.002159,0.166158,0.771283,0.024792,0.169284,0.777817,0.001637,0.166317,akt,valid,akt,0.771509,0.01414,0.168699,0.007071,0.006845,0.000536,-0.022633,-0.011982,0.000521
assist2012,3,linear_gating,"dkt,sakt,akt,simplekt",419158,536087,-1,0.771376,0.031247,0.170769,0.771283,0.024792,0.169284,0.777817,0.001637,0.166317,akt,valid,akt,0.771509,0.01414,0.168699,9.4e-05,-0.000132,-0.006441,0.006455,0.017106,0.029609
assist2012,4,static_concept_weights,"dkt,sakt,akt,simplekt",423475,536087,209,0.778707,0.002455,0.166066,0.771679,0.022788,0.169189,0.778014,0.002029,0.166279,akt,valid,akt,0.772492,0.012622,0.168315,0.007028,0.006214,0.000693,-0.020333,-0.010167,0.000426
assist2012,4,global_stack_concept_intercept,"dkt,sakt,akt,simplekt",423475,536087,209,0.778597,0.002435,0.166096,0.771679,0.022788,0.169189,0.778014,0.002029,0.166279,akt,valid,akt,0.772492,0.012622,0.168315,0.006918,0.006105,0.000583,-0.020352,-0.010186,0.000406
assist2012,4,linear_gating,"dkt,sakt,akt,simplekt",423475,536087,-1,0.76963,0.039301,0.172105,0.771679,0.022788,0.169189,0.778014,0.002029,0.166279,akt,valid,akt,0.772492,0.012622,0.168315,-0.002049,-0.002863,-0.008384,0.016513,0.026679,0.037272
ednet,0,static_concept_weights,"dkt,sakt,akt,simplekt",181289,301372,185,0.940415,0.004495,0.0871,0.936392,0.011862,0.089761,0.94067,0.006068,0.086943,simplekt,valid,simplekt,0.940611,0.02186,0.088204,0.004024,-0.000195,-0.000255,-0.007366,-0.017365,-0.001572
ednet,0,global_stack_concept_intercept,"dkt,sakt,akt,simplekt",181289,301372,185,0.940555,0.005449,0.086999,0.936392,0.011862,0.089761,0.94067,0.006068,0.086943,simplekt,valid,simplekt,0.940611,0.02186,0.088204,0.004164,-5.5e-05,-0.000115,-0.006413,-0.016412,-0.000619
ednet,0,linear_gating,"dkt,sakt,akt,simplekt",181289,301372,-1,0.940234,0.014327,0.087933,0.936392,0.011862,0.089761,0.94067,0.006068,0.086943,simplekt,valid,simplekt,0.940611,0.02186,0.088204,0.003842,-0.000377,-0.000436,0.002465,-0.007534,0.008259
ednet,1,static_concept_weights,"dkt,sakt,akt,simplekt",258480,301372,184,0.941373,0.007975,0.086608,0.936344,0.009624,0.089546,0.941491,0.009105,0.086619,simplekt,valid,simplekt,0.941215,0.013728,0.087027,0.005029,0.000158,-0.000118,-0.001649,-0.005753,-0.00113
ednet,1,global_stack_concept_intercept,"dkt,sakt,akt,simplekt",258480,301372,184,0.941516,0.008189,0.086591,0.936344,0.009624,0.089546,0.941491,0.009105,0.086619,simplekt,valid,simplekt,0.941215,0.013728,0.087027,0.005173,0.000302,2.5e-05,-0.001436,-0.00554,-0.000917
ednet,1,linear_gating,"dkt,sakt,akt,simplekt",258480,301372,-1,0.940243,0.008011,0.08775,0.936344,0.009624,0.089546,0.941491,0.009105,0.086619,simplekt,valid,simplekt,0.941215,0.013728,0.087027,0.003899,-0.000972,-0.001248,-0.001613,-0.005717,-0.001094
ednet,2,static_concept_weights,"dkt,sakt,akt,simplekt",191811,301372,184,0.93995,0.003946,0.087408,0.936457,0.012856,0.08978,0.940307,0.006546,0.087195,simplekt,valid,simplekt,0.940673,0.020558,0.088107,0.003493,-0.000723,-0.000358,-0.00891,-0.016612,-0.0026
ednet,2,global_stack_concept_intercept,"dkt,sakt,akt,simplekt",191811,301372,184,0.940098,0.005796,0.087325,0.936457,0.012856,0.08978,0.940307,0.006546,0.087195,simplekt,valid,simplekt,0.940673,0.020558,0.088107,0.003642,-0.000574,-0.000209,-0.007059,-0.014762,-0.00075
ednet,2,linear_gating,"dkt,sakt,akt,simplekt",191811,301372,-1,0.940425,0.015808,0.087766,0.936457,0.012856,0.08978,0.940307,0.006546,0.087195,simplekt,valid,simplekt,0.940673,0.020558,0.088107,0.003968,-0.000248,0.000117,0.002952,-0.00475,0.009261
ednet,3,static_concept_weights,"dkt,sakt,akt,simplekt",215928,301372,185,0.940029,0.007881,0.087345,0.936519,0.011404,0.089574,0.940179,0.010599,0.087395,simplekt,valid,simplekt,0.940562,0.019548,0.087984,0.00351,-0.000532,-0.00015,-0.003523,-0.011667,-0.002717
ednet,3,global_stack_concept_intercept,"dkt,sakt,akt,simplekt",215928,301372,185,0.940242,0.009389,0.08733,0.936519,0.011404,0.089574,0.940179,0.010599,0.087395,simplekt,valid,simplekt,0.940562,0.019548,0.087984,0.003723,-0.000319,6.4e-05,-0.002015,-0.010159,-0.001209
ednet,3,linear_gating,"dkt,sakt,akt,simplekt",215928,301372,-1,0.940375,0.013168,0.087537,0.936519,0.011404,0.089574,0.940179,0.010599,0.087395,simplekt,valid,simplekt,0.940562,0.019548,0.087984,0.003856,-0.000187,0.000196,0.001764,-0.00638,0.00257
ednet,4,static_concept_weights,"dkt,sakt,akt,simplekt",215744,301372,184,0.940855,0.002913,0.086807,0.936266,0.012237,0.089826,0.940694,0.002106,0.086917,simplekt,valid,simplekt,0.940598,0.021363,0.088375,0.004589,0.000258,0.000161,-0.009324,-0.01845,0.000806
ednet,4,global_stack_concept_intercept,"dkt,sakt,akt,simplekt",215744,301372,184,0.940763,0.002373,0.086873,0.936266,0.012237,0.089826,0.940694,0.002106,0.086917,simplekt,valid,simplekt,0.940598,0.021363,0.088375,0.004497,0.000166,6.9e-05,-0.009864,-0.01899,0.000267
ednet,4,linear_gating,"dkt,sakt,akt,simplekt",215744,301372,-1,0.939231,0.008513,0.088421,0.936266,0.012237,0.089826,0.940694,0.002106,0.086917,simplekt,valid,simplekt,0.940598,0.021363,0.088375,0.002964,-0.001367,-0.001463,-0.003724,-0.01285,0.006406
