dataset,subset,fold,n_min,auc_full,auc_intercept,best_single_auc,lift_full_vs_best,lift_intercept_vs_best,gap_full_minus_intercept
algebra2005,classical,0,10,0.762274,0.762071,0.750809,0.011464,0.011261,0.000203
algebra2005,classical,0,30,0.76232,0.762031,0.750809,0.011511,0.011222,0.000289
algebra2005,classical,0,100,0.762573,0.762094,0.750809,0.011763,0.011285,0.000479
algebra2005,classical,1,10,0.763061,0.762535,0.750079,0.012981,0.012456,0.000526
algebra2005,classical,1,30,0.763057,0.762532,0.750079,0.012977,0.012453,0.000525
algebra2005,classical,1,100,0.762935,0.762436,0.750079,0.012855,0.012357,0.000499
algebra2005,classical,2,10,0.761968,0.761355,0.750231,0.011737,0.011124,0.000613
algebra2005,classical,2,30,0.761992,0.761258,0.750231,0.011761,0.011027,0.000734
algebra2005,classical,2,100,0.761988,0.761226,0.750231,0.011757,0.010995,0.000763
algebra2005,classical,3,10,0.762761,0.762076,0.750609,0.012152,0.011467,0.000685
algebra2005,classical,3,30,0.762992,0.762117,0.750609,0.012383,0.011508,0.000875
algebra2005,classical,3,100,0.763294,0.762018,0.750609,0.012685,0.01141,0.001276
algebra2005,classical,4,10,0.761845,0.76209,0.750802,0.011042,0.011287,-0.000245
algebra2005,classical,4,30,0.761997,0.762062,0.750802,0.011194,0.01126,-6.5e-05
algebra2005,classical,4,100,0.762506,0.761988,0.750802,0.011704,0.011185,0.000518
algebra2005,deep,0,10,0.93188,0.930459,0.92167,0.01021,0.008789,0.001421
algebra2005,deep,0,30,0.931894,0.93046,0.92167,0.010224,0.00879,0.001434
algebra2005,deep,0,100,0.931944,0.930453,0.92167,0.010274,0.008783,0.001491
algebra2005,deep,1,10,0.930507,0.928886,0.919094,0.011413,0.009792,0.001621
algebra2005,deep,1,30,0.930502,0.92887,0.919094,0.011408,0.009776,0.001632
algebra2005,deep,1,100,0.930499,0.928864,0.919094,0.011405,0.00977,0.001635
algebra2005,deep,2,10,0.93198,0.930498,0.922659,0.009321,0.007839,0.001481
algebra2005,deep,2,30,0.931982,0.930499,0.922659,0.009323,0.007839,0.001483
algebra2005,deep,2,100,0.932001,0.930458,0.922659,0.009342,0.007799,0.001543
algebra2005,deep,3,10,0.932092,0.930721,0.923337,0.008755,0.007384,0.001371
algebra2005,deep,3,30,0.932104,0.930767,0.923337,0.008767,0.00743,0.001337
algebra2005,deep,3,100,0.932269,0.930751,0.923337,0.008932,0.007414,0.001518
algebra2005,deep,4,10,0.931164,0.930004,0.920485,0.010679,0.009519,0.00116
algebra2005,deep,4,30,0.931189,0.929999,0.920485,0.010704,0.009514,0.00119
algebra2005,deep,4,100,0.931444,0.930019,0.920485,0.010959,0.009534,0.001425
assist2009,classical,0,10,0.741322,0.743288,0.725239,0.016082,0.018049,-0.001967
assist2009,classical,0,30,0.741486,0.743256,0.725239,0.016247,0.018016,-0.001769
assist2009,classical,0,100,0.742082,0.743186,0.725239,0.016843,0.017947,-0.001104
assist2009,classical,1,10,0.741664,0.743209,0.725276,0.016388,0.017933,-0.001545
assist2009,classical,1,30,0.741585,0.74315,0.725276,0.016309,0.017875,-0.001566
assist2009,classical,1,100,0.741229,0.742867,0.725276,0.015953,0.017591,-0.001638
assist2009,classical,2,10,0.739245,0.742846,0.72581,0.013435,0.017035,-0.0036
assist2009,classical,2,30,0.73941,0.743056,0.72581,0.013599,0.017246,-0.003646
assist2009,classical,2,100,0.741155,0.743147,0.72581,0.015345,0.017336,-0.001992
assist2009,classical,3,10,0.739314,0.743243,0.726632,0.012682,0.016611,-0.003928
assist2009,classical,3,30,0.739213,0.743167,0.726632,0.012581,0.016535,-0.003954
assist2009,classical,3,100,0.740443,0.743509,0.726632,0.013811,0.016878,-0.003067
assist2009,classical,4,10,0.739673,0.742601,0.725994,0.013679,0.016607,-0.002928
assist2009,classical,4,30,0.740214,0.742768,0.725994,0.01422,0.016774,-0.002554
assist2009,classical,4,100,0.741077,0.742788,0.725994,0.015083,0.016794,-0.00171
assist2009,deep,0,10,0.84605,0.847187,0.831487,0.014563,0.0157,-0.001137
assist2009,deep,0,30,0.846219,0.847252,0.831487,0.014732,0.015765,-0.001033
assist2009,deep,0,100,0.846787,0.847142,0.831487,0.015299,0.015655,-0.000355
assist2009,deep,1,10,0.846048,0.845311,0.829269,0.016779,0.016042,0.000737
assist2009,deep,1,30,0.846245,0.845326,0.829269,0.016976,0.016057,0.000919
assist2009,deep,1,100,0.846388,0.845377,0.829269,0.017119,0.016108,0.001011
assist2009,deep,2,10,0.844084,0.844697,0.829041,0.015043,0.015656,-0.000614
assist2009,deep,2,30,0.844068,0.844663,0.829041,0.015027,0.015622,-0.000595
assist2009,deep,2,100,0.845122,0.844473,0.829041,0.016081,0.015432,0.000649
assist2009,deep,3,10,0.845639,0.846446,0.829384,0.016255,0.017062,-0.000807
assist2009,deep,3,30,0.845658,0.846465,0.829384,0.016274,0.01708,-0.000806
assist2009,deep,3,100,0.846324,0.846742,0.829384,0.016939,0.017357,-0.000418
assist2009,deep,4,10,0.849053,0.848253,0.83191,0.017143,0.016343,0.0008
assist2009,deep,4,30,0.849372,0.848278,0.83191,0.017462,0.016368,0.001094
assist2009,deep,4,100,0.849633,0.848557,0.83191,0.017723,0.016648,0.001076
assist2012,classical,0,10,0.698787,0.698856,0.680836,0.017951,0.01802,-6.9e-05
assist2012,classical,0,30,0.698861,0.69883,0.680836,0.018024,0.017993,3.1e-05
assist2012,classical,0,100,0.698897,0.698794,0.680836,0.018061,0.017958,0.000103
assist2012,classical,1,10,0.698604,0.698943,0.680724,0.017879,0.018219,-0.000339
assist2012,classical,1,30,0.698682,0.698924,0.680724,0.017958,0.018199,-0.000242
assist2012,classical,1,100,0.69865,0.698851,0.680724,0.017925,0.018127,-0.000202
assist2012,classical,2,10,0.698439,0.698912,0.680908,0.017532,0.018004,-0.000472
assist2012,classical,2,30,0.698471,0.698965,0.680908,0.017563,0.018057,-0.000494
assist2012,classical,2,100,0.698454,0.698793,0.680908,0.017546,0.017885,-0.000339
assist2012,classical,3,10,0.698736,0.698805,0.680942,0.017795,0.017864,-6.9e-05
assist2012,classical,3,30,0.698774,0.698821,0.680942,0.017832,0.017879,-4.7e-05
assist2012,classical,3,100,0.69874,0.698689,0.680942,0.017798,0.017748,5e-05
assist2012,classical,4,10,0.698648,0.699118,0.680866,0.017783,0.018252,-0.00047
assist2012,classical,4,30,0.698722,0.699018,0.680866,0.017856,0.018153,-0.000296
assist2012,classical,4,100,0.698792,0.698996,0.680866,0.017926,0.01813,-0.000204
assist2012,deep,0,10,0.77851,0.778565,0.772909,0.005602,0.005656,-5.4e-05
assist2012,deep,0,30,0.778567,0.778573,0.772909,0.005659,0.005664,-6e-06
assist2012,deep,0,100,0.778741,0.778589,0.772909,0.005833,0.00568,0.000152
assist2012,deep,1,10,0.778872,0.778715,0.772772,0.006099,0.005942,0.000157
assist2012,deep,1,30,0.778928,0.778692,0.772772,0.006156,0.00592,0.000236
assist2012,deep,1,100,0.778927,0.778725,0.772772,0.006155,0.005953,0.000202
assist2012,deep,2,10,0.778486,0.778387,0.771734,0.006751,0.006653,9.9e-05
assist2012,deep,2,30,0.778502,0.778389,0.771734,0.006768,0.006654,0.000113
assist2012,deep,2,100,0.778572,0.778401,0.771734,0.006837,0.006667,0.000171
assist2012,deep,3,10,0.778636,0.778389,0.771509,0.007128,0.00688,0.000247
assist2012,deep,3,30,0.778609,0.778353,0.771509,0.0071,0.006845,0.000256
assist2012,deep,3,100,0.778727,0.778394,0.771509,0.007218,0.006885,0.000333
assist2012,deep,4,10,0.778656,0.778591,0.772492,0.006163,0.006099,6.5e-05
assist2012,deep,4,30,0.778707,0.778597,0.772492,0.006214,0.006105,0.00011
assist2012,deep,4,100,0.778855,0.778613,0.772492,0.006362,0.00612,0.000242
assist2015,classical,0,10,0.708302,0.709766,0.69884,0.009462,0.010926,-0.001464
assist2015,classical,0,30,0.708302,0.709766,0.69884,0.009462,0.010926,-0.001464
assist2015,classical,0,100,0.70833,0.70976,0.69884,0.009491,0.01092,-0.00143
assist2015,classical,1,10,0.708644,0.709649,0.698996,0.009648,0.010653,-0.001005
assist2015,classical,1,30,0.708644,0.709649,0.698996,0.009648,0.010653,-0.001005
assist2015,classical,1,100,0.708731,0.709691,0.698996,0.009735,0.010695,-0.00096
assist2015,classical,2,10,0.708514,0.709947,0.699136,0.009378,0.010811,-0.001433
assist2015,classical,2,30,0.70852,0.709949,0.699136,0.009384,0.010814,-0.00143
assist2015,classical,2,100,0.708661,0.709955,0.699136,0.009525,0.010819,-0.001294
assist2015,classical,3,10,0.708939,0.710153,0.698987,0.009953,0.011167,-0.001214
assist2015,classical,3,30,0.708939,0.710153,0.698987,0.009953,0.011167,-0.001214
assist2015,classical,3,100,0.708994,0.710169,0.698987,0.010007,0.011183,-0.001175
assist2015,classical,4,10,0.707412,0.70963,0.699203,0.008209,0.010427,-0.002217
assist2015,classical,4,30,0.707412,0.70963,0.699203,0.008209,0.010427,-0.002217
assist2015,classical,4,100,0.707461,0.709616,0.699203,0.008259,0.010414,-0.002155
assist2015,deep,0,10,0.728832,0.730773,0.726964,0.001868,0.003809,-0.001941
assist2015,deep,0,30,0.728832,0.730773,0.726964,0.001868,0.003809,-0.001941
assist2015,deep,0,100,0.728885,0.730931,0.726964,0.001921,0.003967,-0.002046
assist2015,deep,1,10,0.729401,0.730251,0.726292,0.003108,0.003958,-0.00085
assist2015,deep,1,30,0.729401,0.730251,0.726292,0.003108,0.003958,-0.00085
assist2015,deep,1,100,0.729425,0.730255,0.726292,0.003133,0.003963,-0.00083
assist2015,deep,2,10,0.729319,0.730904,0.727098,0.00222,0.003805,-0.001585
assist2015,deep,2,30,0.729328,0.730914,0.727098,0.002229,0.003816,-0.001587
assist2015,deep,2,100,0.729489,0.730889,0.727098,0.002391,0.003791,-0.0014
assist2015,deep,3,10,0.728826,0.730522,0.726627,0.002199,0.003896,-0.001696
assist2015,deep,3,30,0.728826,0.730522,0.726627,0.002199,0.003896,-0.001696
assist2015,deep,3,100,0.728948,0.730531,0.726627,0.002321,0.003904,-0.001583
assist2015,deep,4,10,0.728809,0.730485,0.727083,0.001726,0.003402,-0.001676
assist2015,deep,4,30,0.728809,0.730485,0.727083,0.001726,0.003402,-0.001676
assist2015,deep,4,100,0.728951,0.730487,0.727083,0.001868,0.003404,-0.001535
assist2017,classical,0,10,0.655335,0.655277,0.639886,0.015449,0.015392,5.8e-05
assist2017,classical,0,30,0.655344,0.655277,0.639886,0.015458,0.015392,6.7e-05
assist2017,classical,0,100,0.655416,0.65525,0.639886,0.01553,0.015364,0.000166
assist2017,classical,1,10,0.655943,0.656227,0.640084,0.015859,0.016143,-0.000285
assist2017,classical,1,30,0.655947,0.656229,0.640084,0.015864,0.016146,-0.000282
assist2017,classical,1,100,0.655833,0.656238,0.640084,0.015749,0.016154,-0.000405
assist2017,classical,2,10,0.655793,0.655818,0.639874,0.015919,0.015945,-2.6e-05
assist2017,classical,2,30,0.655889,0.65582,0.639874,0.016015,0.015947,6.8e-05
assist2017,classical,2,100,0.655899,0.655826,0.639874,0.016025,0.015952,7.3e-05
assist2017,classical,3,10,0.656514,0.656578,0.640106,0.016407,0.016471,-6.4e-05
assist2017,classical,3,30,0.656514,0.656578,0.640106,0.016407,0.016471,-6.4e-05
assist2017,classical,3,100,0.656536,0.65658,0.640106,0.016429,0.016474,-4.5e-05
assist2017,classical,4,10,0.656035,0.655961,0.640697,0.015338,0.015263,7.5e-05
assist2017,classical,4,30,0.656064,0.655962,0.640697,0.015367,0.015265,0.000102
assist2017,classical,4,100,0.656093,0.655958,0.640697,0.015395,0.015261,0.000134
assist2017,deep,0,10,0.770686,0.770822,0.758263,0.012423,0.012559,-0.000136
assist2017,deep,0,30,0.770687,0.770828,0.758263,0.012424,0.012564,-0.00014
assist2017,deep,0,100,0.770778,0.770832,0.758263,0.012514,0.012569,-5.5e-05
assist2017,deep,1,10,0.771425,0.771335,0.758171,0.013254,0.013164,9e-05
assist2017,deep,1,30,0.771435,0.771343,0.758171,0.013264,0.013172,9.3e-05
assist2017,deep,1,100,0.771433,0.771331,0.758171,0.013262,0.01316,0.000102
assist2017,deep,2,10,0.76935,0.769273,0.757625,0.011725,0.011648,7.7e-05
assist2017,deep,2,30,0.769396,0.769299,0.757625,0.01177,0.011674,9.6e-05
assist2017,deep,2,100,0.769496,0.76931,0.757625,0.011871,0.011685,0.000186
assist2017,deep,3,10,0.769895,0.770003,0.758611,0.011284,0.011392,-0.000108
assist2017,deep,3,30,0.769895,0.770003,0.758611,0.011284,0.011392,-0.000108
assist2017,deep,3,100,0.769915,0.770004,0.758611,0.011305,0.011393,-8.9e-05
assist2017,deep,4,10,0.772122,0.772493,0.757588,0.014534,0.014905,-0.00037
assist2017,deep,4,30,0.772146,0.772531,0.757588,0.014558,0.014943,-0.000385
assist2017,deep,4,100,0.772171,0.772498,0.757588,0.014583,0.01491,-0.000327
bridge2algebra2006,classical,0,10,0.760005,0.76046,0.74856,0.011445,0.011899,-0.000455
bridge2algebra2006,classical,0,30,0.760226,0.760334,0.74856,0.011666,0.011774,-0.000108
bridge2algebra2006,classical,0,100,0.761127,0.760487,0.74856,0.012567,0.011927,0.00064
bridge2algebra2006,classical,1,10,0.759668,0.759344,0.746771,0.012898,0.012573,0.000325
bridge2algebra2006,classical,1,30,0.760062,0.759276,0.746771,0.013292,0.012505,0.000787
bridge2algebra2006,classical,1,100,0.760327,0.759214,0.746771,0.013557,0.012443,0.001113
bridge2algebra2006,classical,2,10,0.759122,0.759958,0.748654,0.010469,0.011305,-0.000836
bridge2algebra2006,classical,2,30,0.759551,0.76006,0.748654,0.010897,0.011406,-0.000509
bridge2algebra2006,classical,2,100,0.759651,0.760024,0.748654,0.010998,0.01137,-0.000373
bridge2algebra2006,classical,3,10,0.759435,0.760105,0.748474,0.010961,0.011631,-0.00067
bridge2algebra2006,classical,3,30,0.759526,0.760118,0.748474,0.011052,0.011643,-0.000591
bridge2algebra2006,classical,3,100,0.759772,0.759732,0.748474,0.011298,0.011257,4e-05
bridge2algebra2006,classical,4,10,0.760009,0.759401,0.74841,0.011599,0.01099,0.000609
bridge2algebra2006,classical,4,30,0.760462,0.75934,0.74841,0.012052,0.01093,0.001122
bridge2algebra2006,classical,4,100,0.760874,0.758987,0.74841,0.012464,0.010577,0.001887
bridge2algebra2006,deep,0,10,0.820919,0.821581,0.808154,0.012766,0.013427,-0.000662
bridge2algebra2006,deep,0,30,0.821111,0.821643,0.808154,0.012958,0.013489,-0.000531
bridge2algebra2006,deep,0,100,0.821827,0.821646,0.808154,0.013674,0.013492,0.000182
bridge2algebra2006,deep,1,10,0.822821,0.82306,0.807108,0.015713,0.015952,-0.000239
bridge2algebra2006,deep,1,30,0.822941,0.822991,0.807108,0.015833,0.015883,-5e-05
bridge2algebra2006,deep,1,100,0.823044,0.822954,0.807108,0.015936,0.015846,9e-05
bridge2algebra2006,deep,2,10,0.822158,0.822924,0.807853,0.014305,0.015071,-0.000766
bridge2algebra2006,deep,2,30,0.822379,0.822933,0.807853,0.014526,0.01508,-0.000554
bridge2algebra2006,deep,2,100,0.822526,0.822906,0.807853,0.014673,0.015052,-0.000379
bridge2algebra2006,deep,3,10,0.820222,0.820674,0.806142,0.01408,0.014532,-0.000452
bridge2algebra2006,deep,3,30,0.820311,0.820629,0.806142,0.014169,0.014487,-0.000318
bridge2algebra2006,deep,3,100,0.820526,0.820571,0.806142,0.014384,0.014429,-4.5e-05
bridge2algebra2006,deep,4,10,0.821088,0.820879,0.806228,0.014859,0.014651,0.000209
bridge2algebra2006,deep,4,30,0.821331,0.820861,0.806228,0.015103,0.014633,0.00047
bridge2algebra2006,deep,4,100,0.821769,0.820881,0.806228,0.015541,0.014653,0.000889
ednet,classical,0,10,0.644646,0.647112,0.641491,0.003155,0.005621,-0.002466
ednet,classical,0,30,0.644662,0.647092,0.641491,0.003171,0.005601,-0.00243
ednet,classical,0,100,0.644846,0.647246,0.641491,0.003355,0.005756,-0.0024
ednet,classical,1,10,0.647509,0.648324,0.640902,0.006607,0.007422,-0.000815
ednet,classical,1,30,0.647448,0.648329,0.640902,0.006546,0.007427,-0.000881
ednet,classical,1,100,0.647452,0.648322,0.640902,0.00655,0.00742,-0.000871
ednet,classical,2,10,0.645972,0.647329,0.641586,0.004386,0.005743,-0.001357
ednet,classical,2,30,0.645971,0.647311,0.641586,0.004385,0.005724,-0.00134
ednet,classical,2,100,0.646019,0.647281,0.641586,0.004432,0.005694,-0.001262
ednet,classical,3,10,0.641128,0.645874,0.628835,0.012293,0.017039,-0.004746
ednet,classical,3,30,0.641091,0.64599,0.628835,0.012257,0.017155,-0.004899
ednet,classical,3,100,0.641158,0.64607,0.628835,0.012323,0.017236,-0.004913
ednet,classical,4,10,0.647317,0.648347,0.641109,0.006209,0.007238,-0.001029
ednet,classical,4,30,0.647337,0.64833,0.641109,0.006228,0.007222,-0.000994
ednet,classical,4,100,0.647456,0.648381,0.641109,0.006347,0.007273,-0.000926
ednet,deep,0,10,0.940415,0.940555,0.940611,-0.000195,-5.5e-05,-0.00014
ednet,deep,0,30,0.940415,0.940555,0.940611,-0.000195,-5.5e-05,-0.00014
ednet,deep,0,100,0.940427,0.940559,0.940611,-0.000184,-5.1e-05,-0.000132
ednet,deep,1,10,0.941373,0.941516,0.941215,0.000158,0.000302,-0.000144
ednet,deep,1,30,0.941373,0.941516,0.941215,0.000158,0.000302,-0.000144
ednet,deep,1,100,0.941373,0.941516,0.941215,0.000158,0.000302,-0.000144
ednet,deep,2,10,0.939964,0.940099,0.940673,-0.000709,-0.000574,-0.000134
ednet,deep,2,30,0.93995,0.940098,0.940673,-0.000723,-0.000574,-0.000149
ednet,deep,2,100,0.939956,0.9401,0.940673,-0.000717,-0.000573,-0.000144
ednet,deep,3,10,0.940029,0.940242,0.940562,-0.000532,-0.000319,-0.000213
ednet,deep,3,30,0.940029,0.940242,0.940562,-0.000532,-0.000319,-0.000213
ednet,deep,3,100,0.94003,0.940242,0.940562,-0.000532,-0.00032,-0.000212
ednet,deep,4,10,0.940856,0.940763,0.940598,0.000258,0.000166,9.2e-05
ednet,deep,4,30,0.940855,0.940763,0.940598,0.000258,0.000166,9.2e-05
ednet,deep,4,100,0.940854,0.940763,0.940598,0.000257,0.000166,9.1e-05
