dataset,fold,granularity,models_in_subset,best_single_model,best_single_selected_on,best_single_on_test_model,n_valid,n_test,k_top,moe_train_sec,moe_auc,moe_ece,moe_brier,ccce_auc,ccce_ece,ccce_brier,static_auc,static_ece,static_brier,stack_auc,stack_ece,stack_brier,mean_auc,mean_ece,mean_brier,best_auc,best_ece,best_brier,lift_moe_vs_best_auc,lift_moe_vs_best_ece,lift_moe_vs_mean_auc,lift_moe_vs_mean_ece,lift_moe_vs_stack_auc,lift_moe_vs_stack_ece,lift_moe_vs_static_auc,lift_moe_vs_static_ece,lift_moe_vs_ccce_auc,lift_moe_vs_ccce_ece
assist2009,0,question,"dkt,sakt,akt,simplekt",simplekt,valid,simplekt,43171,52254,2,0.9,0.769691,0.016479,0.18143,0.782926,0.010251,0.176797,0.783043,0.010994,0.176704,0.780687,0.013298,0.177668,0.776598,0.017173,0.178857,0.763575,0.078771,0.191806,0.006116,-0.062293,-0.006907,-0.000695,-0.010997,0.003181,-0.013353,0.005484,-0.013235,0.006228
assist2009,1,question,"dkt,sakt,akt,simplekt",simplekt,valid,simplekt,43942,52254,2,0.4,0.764242,0.012848,0.182727,0.782711,0.013645,0.176457,0.783052,0.013756,0.176384,0.779916,0.014077,0.177899,0.776411,0.010109,0.178574,0.760676,0.126034,0.204737,0.003566,-0.113186,-0.012169,0.002738,-0.015674,-0.00123,-0.01881,-0.000908,-0.01847,-0.000797
assist2009,2,question,"dkt,sakt,akt,simplekt",simplekt,valid,akt,43884,52254,2,0.5,0.772609,0.013802,0.180034,0.779426,0.016821,0.177989,0.779565,0.017013,0.177982,0.775593,0.012698,0.179458,0.773765,0.017188,0.179962,0.759104,0.025647,0.186988,0.013505,-0.011845,-0.001156,-0.003386,-0.002984,0.001104,-0.006956,-0.003211,-0.006817,-0.003019
assist2009,3,question,"dkt,sakt,akt,simplekt",simplekt,valid,simplekt,49836,52254,2,0.3,0.770386,0.012302,0.180719,0.781845,0.015542,0.176964,0.782362,0.015456,0.176894,0.781343,0.013,0.177403,0.777574,0.017262,0.178641,0.767424,0.057253,0.186466,0.002962,-0.044951,-0.007189,-0.004959,-0.010957,-0.000698,-0.011976,-0.003153,-0.01146,-0.00324
assist2009,4,question,"dkt,sakt,akt,simplekt",simplekt,valid,simplekt,44892,52254,2,0.3,0.767717,0.027902,0.182273,0.785662,0.011538,0.1758,0.786151,0.011105,0.175572,0.782027,0.010668,0.177038,0.776597,0.029325,0.179302,0.766135,0.111292,0.197373,0.001581,-0.08339,-0.008881,-0.001423,-0.01431,0.017234,-0.018434,0.016798,-0.017945,0.016365
assist2017,0,question,"dkt,sakt,akt,simplekt",akt,valid,akt,153067,177767,2,0.6,0.763516,0.010428,0.186231,0.770406,0.005353,0.183848,0.770687,0.004779,0.183694,0.769958,0.004197,0.18388,0.76334,0.038875,0.188194,0.758263,0.015686,0.188321,0.005252,-0.005258,0.000176,-0.028446,-0.006443,0.006232,-0.007172,0.005649,-0.00689,0.005075
assist2017,1,question,"dkt,sakt,akt,simplekt",akt,valid,akt,141938,177767,2,0.9,0.765255,0.005241,0.185565,0.771314,0.005373,0.183481,0.771435,0.005054,0.183412,0.770683,0.004285,0.183613,0.763435,0.037705,0.188127,0.758171,0.01577,0.188319,0.007084,-0.010529,0.001821,-0.032464,-0.005427,0.000956,-0.00618,0.000187,-0.006058,-0.000132
assist2017,2,question,"dkt,sakt,akt,simplekt",akt,valid,akt,145879,177767,2,1.1,0.763349,0.011575,0.186373,0.769161,0.006379,0.184259,0.769395,0.005821,0.184158,0.768838,0.006615,0.184331,0.76173,0.043886,0.189212,0.757625,0.017892,0.18869,0.005724,-0.006317,0.00162,-0.032311,-0.005489,0.00496,-0.006046,0.005753,-0.005812,0.005195
assist2017,3,question,"dkt,sakt,akt,simplekt",akt,valid,akt,168980,177767,2,0.9,0.763551,0.016758,0.186335,0.769773,0.0064,0.183984,0.769895,0.004348,0.183863,0.769464,0.004106,0.184,0.763362,0.045767,0.188935,0.758611,0.017125,0.188194,0.00494,-0.000367,0.000189,-0.029009,-0.005913,0.012652,-0.006343,0.01241,-0.006222,0.010358
assist2017,4,question,"dkt,sakt,akt,simplekt",simplekt,valid,akt,149617,177767,2,0.7,0.766719,0.018272,0.185466,0.772108,0.004191,0.183178,0.772146,0.006403,0.183178,0.772106,0.007574,0.183199,0.765056,0.043458,0.18816,0.757588,0.030158,0.188884,0.009131,-0.011886,0.001663,-0.025185,-0.005387,0.010699,-0.005427,0.01187,-0.005389,0.014082
algebra2005,0,question,"dkt,sakt,akt,simplekt",simplekt,valid,simplekt,112859,92945,2,1.1,0.826158,0.015294,0.133335,0.83939,0.007582,0.127968,0.839452,0.008327,0.127922,0.831646,0.009994,0.131033,0.827474,0.015629,0.133411,0.813394,0.053947,0.142022,0.012764,-0.038653,-0.001316,-0.000335,-0.005488,0.0053,-0.013294,0.006967,-0.013232,0.007712
algebra2005,1,question,"dkt,sakt,akt,simplekt",simplekt,valid,simplekt,111871,92945,2,1.0,0.826662,0.013195,0.132514,0.836113,0.009985,0.129425,0.836504,0.009083,0.129179,0.827877,0.013655,0.132957,0.82352,0.019776,0.135234,0.814078,0.048824,0.141077,0.012584,-0.035629,0.003142,-0.006581,-0.001215,-0.00046,-0.009842,0.004112,-0.009451,0.00321
algebra2005,2,question,"dkt,sakt,akt,simplekt",simplekt,valid,simplekt,100740,92945,2,0.9,0.824882,0.024605,0.134043,0.838556,0.006689,0.128088,0.838781,0.006005,0.127906,0.831876,0.010298,0.131002,0.825598,0.02127,0.134294,0.815247,0.06492,0.1417,0.009635,-0.040315,-0.000717,0.003335,-0.006994,0.014307,-0.013899,0.018601,-0.013674,0.017917
algebra2005,3,question,"dkt,sakt,akt,simplekt",simplekt,valid,simplekt,94885,92945,2,0.9,0.829741,0.019041,0.131803,0.839529,0.006143,0.127709,0.839617,0.004824,0.127535,0.832396,0.011969,0.130976,0.826563,0.020265,0.134031,0.816694,0.066559,0.141712,0.013047,-0.047519,0.003178,-0.001224,-0.002655,0.007071,-0.009876,0.014216,-0.009788,0.012898
algebra2005,4,question,"dkt,sakt,akt,simplekt",akt,valid,akt,89450,92945,2,0.8,0.82962,0.013827,0.132505,0.837089,0.006523,0.128891,0.837544,0.00504,0.128704,0.830624,0.014112,0.131937,0.826365,0.018225,0.134303,0.813399,0.027323,0.139301,0.016221,-0.013496,0.003255,-0.004398,-0.001005,-0.000285,-0.007924,0.008788,-0.007469,0.007305
bridge2algebra2006,0,question,"dkt,sakt,akt,simplekt",simplekt,valid,simplekt,276786,352370,2,1.2,0.816304,0.004814,0.105007,0.819853,0.003934,0.10408,0.81998,0.003223,0.10403,0.819735,0.003304,0.104387,0.814689,0.012291,0.105762,0.807972,0.008721,0.107056,0.008331,-0.003907,0.001615,-0.007477,-0.003432,0.00151,-0.003676,0.001591,-0.00355,0.000879
bridge2algebra2006,1,question,"dkt,sakt,akt,simplekt",akt,valid,akt,286535,352370,2,2.7,0.816848,0.004802,0.104604,0.821822,0.005114,0.103561,0.821856,0.004136,0.103532,0.821489,0.00363,0.103709,0.816829,0.013602,0.105225,0.806718,0.006749,0.107502,0.01013,-0.001947,2e-05,-0.008801,-0.004641,0.001172,-0.005008,0.000666,-0.004974,-0.000312
bridge2algebra2006,2,question,"dkt,sakt,akt,simplekt",akt,valid,akt,301562,352370,2,2.3,0.81716,0.004622,0.104593,0.821187,0.005359,0.103628,0.821136,0.005448,0.103629,0.821535,0.003645,0.103815,0.817075,0.013361,0.105042,0.807446,0.007236,0.107317,0.009714,-0.002614,8.5e-05,-0.00874,-0.004374,0.000976,-0.003975,-0.000826,-0.004026,-0.000738
bridge2algebra2006,3,question,"dkt,sakt,akt,simplekt",akt,valid,akt,307842,352370,2,2.9,0.815412,0.005295,0.105112,0.819266,0.005835,0.104217,0.819319,0.005199,0.10421,0.818379,0.004311,0.104758,0.813184,0.015552,0.106341,0.805745,0.006766,0.107702,0.009666,-0.001471,0.002227,-0.010257,-0.002967,0.000984,-0.003907,9.7e-05,-0.003854,-0.00054
bridge2algebra2006,4,question,"dkt,sakt,akt,simplekt",akt,valid,akt,282684,352370,2,1.7,0.815106,0.009991,0.105293,0.820212,0.004184,0.104171,0.820222,0.0037,0.104148,0.818336,0.002115,0.104515,0.812273,0.015749,0.10594,0.805861,0.009314,0.107894,0.009245,0.000677,0.002833,-0.005758,-0.00323,0.007876,-0.005116,0.00629,-0.005106,0.005806
assist2012,0,question,"dkt,sakt,akt,simplekt",akt,valid,akt,439766,536087,2,1.9,0.77355,0.005189,0.167696,0.778451,0.001859,0.166107,0.778567,0.001781,0.166071,0.777844,0.002019,0.166303,0.771622,0.026273,0.169221,0.772909,0.014961,0.168261,0.000641,-0.009771,0.001928,-0.021083,-0.004294,0.00317,-0.005017,0.003408,-0.004901,0.00333
assist2012,1,question,"dkt,sakt,akt,simplekt",akt,valid,akt,432602,536087,2,4.1,0.773088,0.004389,0.167815,0.77884,0.004006,0.166046,0.778928,0.003226,0.166014,0.778036,0.002064,0.166272,0.771671,0.024466,0.169108,0.772772,0.014935,0.168316,0.000316,-0.010545,0.001417,-0.020077,-0.004947,0.002326,-0.00584,0.001163,-0.005751,0.000384
assist2012,2,question,"dkt,sakt,akt,simplekt",akt,valid,akt,424912,536087,2,1.5,0.774564,0.004953,0.16739,0.778444,0.002523,0.166141,0.778502,0.002746,0.16613,0.777755,0.001825,0.16635,0.770889,0.024337,0.169446,0.771735,0.014769,0.168718,0.002829,-0.009817,0.003675,-0.019385,-0.003191,0.003128,-0.003938,0.002207,-0.00388,0.00243
assist2012,3,question,"dkt,sakt,akt,simplekt",akt,valid,akt,419158,536087,2,3.0,0.774277,0.003569,0.167507,0.778509,0.003128,0.166164,0.778609,0.002641,0.166109,0.777817,0.001666,0.166318,0.771283,0.024788,0.169284,0.771509,0.014137,0.168699,0.002769,-0.010568,0.002994,-0.021219,-0.00354,0.001903,-0.004332,0.000928,-0.004232,0.000441
assist2012,4,question,"dkt,sakt,akt,simplekt",akt,valid,akt,423475,536087,2,2.0,0.774724,0.004053,0.167449,0.778728,0.002772,0.166049,0.778707,0.00244,0.166066,0.778014,0.002003,0.166279,0.771679,0.022791,0.169189,0.772492,0.01261,0.168315,0.002231,-0.008557,0.003045,-0.018738,-0.00329,0.002051,-0.003983,0.001614,-0.004004,0.001281
ednet,0,question,"dkt,sakt,akt,simplekt",simplekt,valid,simplekt,77883,132209,2,0.8,0.636883,0.084092,0.223793,0.679211,0.013822,0.203979,0.679223,0.015646,0.204232,0.665357,0.015092,0.207719,0.63232,0.086524,0.227431,0.658462,0.148408,0.237773,-0.021579,-0.064316,0.004562,-0.002432,-0.028474,0.069001,-0.042341,0.068446,-0.042328,0.07027
ednet,1,question,"dkt,sakt,akt,simplekt",simplekt,valid,simplekt,110391,132209,2,1.1,0.638983,0.084265,0.223677,0.683055,0.020974,0.203316,0.682024,0.026042,0.203889,0.664904,0.028481,0.208277,0.63288,0.085113,0.227789,0.659407,0.132468,0.232739,-0.020424,-0.048203,0.006103,-0.000848,-0.025922,0.055784,-0.043041,0.058223,-0.044072,0.063291
ednet,2,question,"dkt,sakt,akt,simplekt",simplekt,valid,simplekt,85108,132209,2,0.9,0.638129,0.080688,0.223402,0.679598,0.009868,0.203997,0.676976,0.0176,0.204734,0.662051,0.013229,0.208276,0.632649,0.087569,0.22719,0.657867,0.146561,0.237687,-0.019738,-0.065874,0.005479,-0.006881,-0.023922,0.067459,-0.038848,0.063087,-0.04147,0.07082
ednet,3,question,"dkt,sakt,akt,simplekt",simplekt,valid,simplekt,90433,132209,2,0.9,0.638949,0.08008,0.222292,0.677218,0.019651,0.204435,0.676326,0.027809,0.205063,0.659729,0.022827,0.209043,0.632972,0.085275,0.226925,0.65679,0.145087,0.237052,-0.017841,-0.065007,0.005977,-0.005195,-0.02078,0.057253,-0.037377,0.052271,-0.038269,0.060429
ednet,4,question,"dkt,sakt,akt,simplekt",simplekt,valid,simplekt,92249,132209,2,0.7,0.631088,0.088669,0.226652,0.678133,0.008306,0.204145,0.676922,0.014804,0.204474,0.660204,0.017402,0.208855,0.630837,0.08795,0.229484,0.653691,0.142891,0.238855,-0.022602,-0.054222,0.000252,0.00072,-0.029115,0.071267,-0.045834,0.073866,-0.047045,0.080364
