dataset,fold,subset,models_in_subset,aggregator,n_rows,auc,ece,brier,best_single_model,best_single_selected_on,best_single_auc,delta_auc,best_single_ece,delta_ece,best_single_brier,delta_brier,best_single_on_test_model,best_single_on_test_auc,best_single_on_test_ece,delta_auc_vs_test_best
assist2009,0,classical,"bkt,pfa,pfa_recency,elorasch",arithmetic_mean,53148,0.732365,0.036473,0.195459,bkt,valid,0.725239,0.007125,0.020236,0.016237,0.195885,-0.000426,bkt,0.725239,0.020236,0.007125
assist2009,0,classical,"bkt,pfa,pfa_recency,elorasch",geometric_mean,53148,0.732494,0.03457,0.19546,bkt,valid,0.725239,0.007255,0.020236,0.014334,0.195885,-0.000424,bkt,0.725239,0.020236,0.007255
assist2009,0,classical,"bkt,pfa,pfa_recency,elorasch",logit_mean,53148,0.731464,0.031332,0.195559,bkt,valid,0.725239,0.006225,0.020236,0.011096,0.195885,-0.000326,bkt,0.725239,0.020236,0.006225
assist2009,0,classical,"bkt,pfa,pfa_recency,elorasch",rank_mean,53148,0.733977,nan,nan,bkt,valid,0.725239,0.008738,0.020236,nan,0.195885,nan,bkt,0.725239,0.020236,0.008738
assist2009,0,classical,"bkt,pfa,pfa_recency,elorasch",median,53148,0.727989,0.026637,0.196273,bkt,valid,0.725239,0.00275,0.020236,0.006401,0.195885,0.000388,bkt,0.725239,0.020236,0.00275
assist2009,0,deep,"dkt,sakt,akt,simplekt",arithmetic_mean,52254,0.776598,0.017173,0.178857,simplekt,valid,0.763575,0.013023,0.078771,-0.061598,0.191806,-0.012949,simplekt,0.763575,0.078771,0.013023
assist2009,0,deep,"dkt,sakt,akt,simplekt",geometric_mean,52254,0.775572,0.009621,0.179035,simplekt,valid,0.763575,0.011998,0.078771,-0.06915,0.191806,-0.012771,simplekt,0.763575,0.078771,0.011998
assist2009,0,deep,"dkt,sakt,akt,simplekt",logit_mean,52254,0.778624,0.025745,0.178934,simplekt,valid,0.763575,0.015049,0.078771,-0.053027,0.191806,-0.012872,simplekt,0.763575,0.078771,0.015049
assist2009,0,deep,"dkt,sakt,akt,simplekt",rank_mean,52254,0.775656,nan,nan,simplekt,valid,0.763575,0.012081,0.078771,nan,0.191806,nan,simplekt,0.763575,0.078771,0.012081
assist2009,0,deep,"dkt,sakt,akt,simplekt",median,52254,0.7716,0.017391,0.18042,simplekt,valid,0.763575,0.008025,0.078771,-0.06138,0.191806,-0.011386,simplekt,0.763575,0.078771,0.008025
assist2009,1,classical,"bkt,pfa,pfa_recency,elorasch",arithmetic_mean,53148,0.732333,0.036167,0.195454,bkt,valid,0.725276,0.007057,0.01942,0.016748,0.195788,-0.000334,bkt,0.725276,0.01942,0.007057
assist2009,1,classical,"bkt,pfa,pfa_recency,elorasch",geometric_mean,53148,0.732395,0.033547,0.195484,bkt,valid,0.725276,0.007119,0.01942,0.014127,0.195788,-0.000304,bkt,0.725276,0.01942,0.007119
assist2009,1,classical,"bkt,pfa,pfa_recency,elorasch",logit_mean,53148,0.731463,0.030274,0.195527,bkt,valid,0.725276,0.006187,0.01942,0.010854,0.195788,-0.000261,bkt,0.725276,0.01942,0.006187
assist2009,1,classical,"bkt,pfa,pfa_recency,elorasch",rank_mean,53148,0.733834,nan,nan,bkt,valid,0.725276,0.008558,0.01942,nan,0.195788,nan,bkt,0.725276,0.01942,0.008558
assist2009,1,classical,"bkt,pfa,pfa_recency,elorasch",median,53148,0.728177,0.026501,0.196223,bkt,valid,0.725276,0.002901,0.01942,0.007081,0.195788,0.000435,bkt,0.725276,0.01942,0.002901
assist2009,1,deep,"dkt,sakt,akt,simplekt",arithmetic_mean,52254,0.776411,0.010109,0.178574,simplekt,valid,0.760676,0.015735,0.126034,-0.115925,0.204737,-0.026163,simplekt,0.760676,0.126034,0.015735
assist2009,1,deep,"dkt,sakt,akt,simplekt",geometric_mean,52254,0.77506,0.018434,0.179827,simplekt,valid,0.760676,0.014384,0.126034,-0.1076,0.204737,-0.02491,simplekt,0.760676,0.126034,0.014384
assist2009,1,deep,"dkt,sakt,akt,simplekt",logit_mean,52254,0.779214,0.03176,0.178972,simplekt,valid,0.760676,0.018539,0.126034,-0.094274,0.204737,-0.025765,simplekt,0.760676,0.126034,0.018539
assist2009,1,deep,"dkt,sakt,akt,simplekt",rank_mean,52254,0.775027,nan,nan,simplekt,valid,0.760676,0.014351,0.126034,nan,0.204737,nan,simplekt,0.760676,0.126034,0.014351
assist2009,1,deep,"dkt,sakt,akt,simplekt",median,52254,0.769883,0.014642,0.180808,simplekt,valid,0.760676,0.009207,0.126034,-0.111392,0.204737,-0.023929,simplekt,0.760676,0.126034,0.009207
assist2009,2,classical,"bkt,pfa,pfa_recency,elorasch",arithmetic_mean,53148,0.732736,0.036905,0.195371,bkt,valid,0.72581,0.006926,0.018534,0.018371,0.195741,-0.00037,bkt,0.72581,0.018534,0.006926
assist2009,2,classical,"bkt,pfa,pfa_recency,elorasch",geometric_mean,53148,0.732798,0.034466,0.195472,bkt,valid,0.72581,0.006987,0.018534,0.015932,0.195741,-0.000269,bkt,0.72581,0.018534,0.006987
assist2009,2,classical,"bkt,pfa,pfa_recency,elorasch",logit_mean,53148,0.731862,0.031915,0.195536,bkt,valid,0.72581,0.006052,0.018534,0.013381,0.195741,-0.000205,bkt,0.72581,0.018534,0.006052
assist2009,2,classical,"bkt,pfa,pfa_recency,elorasch",rank_mean,53148,0.734448,nan,nan,bkt,valid,0.72581,0.008637,0.018534,nan,0.195741,nan,bkt,0.72581,0.018534,0.008637
assist2009,2,classical,"bkt,pfa,pfa_recency,elorasch",median,53148,0.728648,0.02795,0.196131,bkt,valid,0.72581,0.002837,0.018534,0.009416,0.195741,0.00039,bkt,0.72581,0.018534,0.002837
assist2009,2,deep,"dkt,sakt,akt,simplekt",arithmetic_mean,52254,0.773765,0.017188,0.179962,simplekt,valid,0.759104,0.014661,0.025647,-0.008459,0.186988,-0.007027,akt,0.760558,0.018555,0.013208
assist2009,2,deep,"dkt,sakt,akt,simplekt",geometric_mean,52254,0.773278,0.009934,0.180008,simplekt,valid,0.759104,0.014174,0.025647,-0.015713,0.186988,-0.006981,akt,0.760558,0.018555,0.01272
assist2009,2,deep,"dkt,sakt,akt,simplekt",logit_mean,52254,0.7736,0.01749,0.180103,simplekt,valid,0.759104,0.014496,0.025647,-0.008158,0.186988,-0.006886,akt,0.760558,0.018555,0.013042
assist2009,2,deep,"dkt,sakt,akt,simplekt",rank_mean,52254,0.772783,nan,nan,simplekt,valid,0.759104,0.013679,0.025647,nan,0.186988,nan,akt,0.760558,0.018555,0.012225
assist2009,2,deep,"dkt,sakt,akt,simplekt",median,52254,0.770454,0.015548,0.180915,simplekt,valid,0.759104,0.01135,0.025647,-0.0101,0.186988,-0.006074,akt,0.760558,0.018555,0.009897
assist2009,3,classical,"bkt,pfa,pfa_recency,elorasch",arithmetic_mean,53148,0.732568,0.037035,0.19541,bkt,valid,0.726632,0.005936,0.019525,0.01751,0.195604,-0.000194,bkt,0.726632,0.019525,0.005936
assist2009,3,classical,"bkt,pfa,pfa_recency,elorasch",geometric_mean,53148,0.732632,0.034476,0.195461,bkt,valid,0.726632,0.006,0.019525,0.014952,0.195604,-0.000143,bkt,0.726632,0.019525,0.006
assist2009,3,classical,"bkt,pfa,pfa_recency,elorasch",logit_mean,53148,0.731687,0.031097,0.195483,bkt,valid,0.726632,0.005055,0.019525,0.011572,0.195604,-0.000121,bkt,0.726632,0.019525,0.005055
assist2009,3,classical,"bkt,pfa,pfa_recency,elorasch",rank_mean,53148,0.734348,nan,nan,bkt,valid,0.726632,0.007716,0.019525,nan,0.195604,nan,bkt,0.726632,0.019525,0.007716
assist2009,3,classical,"bkt,pfa,pfa_recency,elorasch",median,53148,0.728476,0.027592,0.196148,bkt,valid,0.726632,0.001844,0.019525,0.008067,0.195604,0.000543,bkt,0.726632,0.019525,0.001844
assist2009,3,deep,"dkt,sakt,akt,simplekt",arithmetic_mean,52254,0.777574,0.017262,0.178641,simplekt,valid,0.767424,0.010151,0.057253,-0.039991,0.186466,-0.007825,simplekt,0.767424,0.057253,0.010151
assist2009,3,deep,"dkt,sakt,akt,simplekt",geometric_mean,52254,0.777264,0.009127,0.178489,simplekt,valid,0.767424,0.009841,0.057253,-0.048126,0.186466,-0.007977,simplekt,0.767424,0.057253,0.009841
assist2009,3,deep,"dkt,sakt,akt,simplekt",logit_mean,52254,0.778727,0.021725,0.178637,simplekt,valid,0.767424,0.011303,0.057253,-0.035528,0.186466,-0.007829,simplekt,0.767424,0.057253,0.011303
assist2009,3,deep,"dkt,sakt,akt,simplekt",rank_mean,52254,0.775525,nan,nan,simplekt,valid,0.767424,0.008101,0.057253,nan,0.186466,nan,simplekt,0.767424,0.057253,0.008101
assist2009,3,deep,"dkt,sakt,akt,simplekt",median,52254,0.772422,0.018342,0.180194,simplekt,valid,0.767424,0.004998,0.057253,-0.038911,0.186466,-0.006272,simplekt,0.767424,0.057253,0.004998
assist2009,4,classical,"bkt,pfa,pfa_recency,elorasch",arithmetic_mean,53148,0.73249,0.037019,0.195604,bkt,valid,0.725994,0.006496,0.020951,0.016069,0.195899,-0.000295,bkt,0.725994,0.020951,0.006496
assist2009,4,classical,"bkt,pfa,pfa_recency,elorasch",geometric_mean,53148,0.732532,0.034683,0.195617,bkt,valid,0.725994,0.006538,0.020951,0.013733,0.195899,-0.000281,bkt,0.725994,0.020951,0.006538
assist2009,4,classical,"bkt,pfa,pfa_recency,elorasch",logit_mean,53148,0.731646,0.032197,0.19567,bkt,valid,0.725994,0.005652,0.020951,0.011247,0.195899,-0.000228,bkt,0.725994,0.020951,0.005652
assist2009,4,classical,"bkt,pfa,pfa_recency,elorasch",rank_mean,53148,0.734187,nan,nan,bkt,valid,0.725994,0.008193,0.020951,nan,0.195899,nan,bkt,0.725994,0.020951,0.008193
assist2009,4,classical,"bkt,pfa,pfa_recency,elorasch",median,53148,0.728444,0.027115,0.196365,bkt,valid,0.725994,0.00245,0.020951,0.006164,0.195899,0.000466,bkt,0.725994,0.020951,0.00245
assist2009,4,deep,"dkt,sakt,akt,simplekt",arithmetic_mean,52254,0.776597,0.029325,0.179302,simplekt,valid,0.766135,0.010462,0.111292,-0.081967,0.197373,-0.018071,simplekt,0.766135,0.111292,0.010462
assist2009,4,deep,"dkt,sakt,akt,simplekt",geometric_mean,52254,0.775475,0.020998,0.179295,simplekt,valid,0.766135,0.00934,0.111292,-0.090294,0.197373,-0.018078,simplekt,0.766135,0.111292,0.00934
assist2009,4,deep,"dkt,sakt,akt,simplekt",logit_mean,52254,0.780623,0.04403,0.179916,simplekt,valid,0.766135,0.014488,0.111292,-0.067262,0.197373,-0.017457,simplekt,0.766135,0.111292,0.014488
assist2009,4,deep,"dkt,sakt,akt,simplekt",rank_mean,52254,0.775722,nan,nan,simplekt,valid,0.766135,0.009586,0.111292,nan,0.197373,nan,simplekt,0.766135,0.111292,0.009586
assist2009,4,deep,"dkt,sakt,akt,simplekt",median,52254,0.769909,0.027397,0.181142,simplekt,valid,0.766135,0.003774,0.111292,-0.083895,0.197373,-0.016231,simplekt,0.766135,0.111292,0.003774
assist2015,0,classical,"bkt,pfa,pfa_recency,elorasch",arithmetic_mean,138458,0.699013,0.026594,0.178059,bkt,valid,0.69884,0.000173,0.007777,0.018817,0.177055,0.001004,bkt,0.69884,0.007777,0.000173
assist2015,0,classical,"bkt,pfa,pfa_recency,elorasch",geometric_mean,138458,0.699317,0.027282,0.17807,bkt,valid,0.69884,0.000477,0.007777,0.019505,0.177055,0.001016,bkt,0.69884,0.007777,0.000477
assist2015,0,classical,"bkt,pfa,pfa_recency,elorasch",logit_mean,138458,0.698222,0.022445,0.177953,bkt,valid,0.69884,-0.000618,0.007777,0.014668,0.177055,0.000898,bkt,0.69884,0.007777,-0.000618
assist2015,0,classical,"bkt,pfa,pfa_recency,elorasch",rank_mean,138458,0.698788,nan,nan,bkt,valid,0.69884,-5.1e-05,0.007777,nan,0.177055,nan,bkt,0.69884,0.007777,-5.1e-05
assist2015,0,classical,"bkt,pfa,pfa_recency,elorasch",median,138458,0.694537,0.013665,0.178415,bkt,valid,0.69884,-0.004302,0.007777,0.005888,0.177055,0.001361,bkt,0.69884,0.007777,-0.004302
assist2015,0,deep,"dkt,sakt,akt,simplekt",arithmetic_mean,134592,0.728645,0.006326,0.169923,dkt,valid,0.726964,0.001681,0.010352,-0.004026,0.170568,-0.000645,dkt,0.726964,0.010352,0.001681
assist2015,0,deep,"dkt,sakt,akt,simplekt",geometric_mean,134592,0.72872,0.006687,0.169899,dkt,valid,0.726964,0.001757,0.010352,-0.003666,0.170568,-0.000669,dkt,0.726964,0.010352,0.001757
assist2015,0,deep,"dkt,sakt,akt,simplekt",logit_mean,134592,0.728466,0.004957,0.16993,dkt,valid,0.726964,0.001503,0.010352,-0.005396,0.170568,-0.000638,dkt,0.726964,0.010352,0.001503
assist2015,0,deep,"dkt,sakt,akt,simplekt",rank_mean,134592,0.728124,nan,nan,dkt,valid,0.726964,0.00116,0.010352,nan,0.170568,nan,dkt,0.726964,0.010352,0.00116
assist2015,0,deep,"dkt,sakt,akt,simplekt",median,134592,0.728133,0.003628,0.169998,dkt,valid,0.726964,0.001169,0.010352,-0.006724,0.170568,-0.00057,dkt,0.726964,0.010352,0.001169
assist2015,1,classical,"bkt,pfa,pfa_recency,elorasch",arithmetic_mean,138458,0.699152,0.027099,0.178072,bkt,valid,0.698996,0.000155,0.00726,0.019838,0.177033,0.001039,bkt,0.698996,0.00726,0.000155
assist2015,1,classical,"bkt,pfa,pfa_recency,elorasch",geometric_mean,138458,0.699434,0.028133,0.178091,bkt,valid,0.698996,0.000438,0.00726,0.020873,0.177033,0.001057,bkt,0.698996,0.00726,0.000438
assist2015,1,classical,"bkt,pfa,pfa_recency,elorasch",logit_mean,138458,0.698423,0.023188,0.177944,bkt,valid,0.698996,-0.000573,0.00726,0.015928,0.177033,0.00091,bkt,0.698996,0.00726,-0.000573
assist2015,1,classical,"bkt,pfa,pfa_recency,elorasch",rank_mean,138458,0.698862,nan,nan,bkt,valid,0.698996,-0.000134,0.00726,nan,0.177033,nan,bkt,0.698996,0.00726,-0.000134
assist2015,1,classical,"bkt,pfa,pfa_recency,elorasch",median,138458,0.694496,0.014222,0.178429,bkt,valid,0.698996,-0.0045,0.00726,0.006962,0.177033,0.001396,bkt,0.698996,0.00726,-0.0045
assist2015,1,deep,"dkt,sakt,akt,simplekt",arithmetic_mean,134592,0.728483,0.006123,0.16989,dkt,valid,0.726292,0.002191,0.008552,-0.00243,0.170638,-0.000748,dkt,0.726292,0.008552,0.002191
assist2015,1,deep,"dkt,sakt,akt,simplekt",geometric_mean,134592,0.728526,0.005764,0.169863,dkt,valid,0.726292,0.002233,0.008552,-0.002788,0.170638,-0.000774,dkt,0.726292,0.008552,0.002233
assist2015,1,deep,"dkt,sakt,akt,simplekt",logit_mean,134592,0.728316,0.005855,0.169918,dkt,valid,0.726292,0.002023,0.008552,-0.002697,0.170638,-0.00072,dkt,0.726292,0.008552,0.002023
assist2015,1,deep,"dkt,sakt,akt,simplekt",rank_mean,134592,0.728098,nan,nan,dkt,valid,0.726292,0.001806,0.008552,nan,0.170638,nan,dkt,0.726292,0.008552,0.001806
assist2015,1,deep,"dkt,sakt,akt,simplekt",median,134592,0.727914,0.005275,0.16998,dkt,valid,0.726292,0.001622,0.008552,-0.003277,0.170638,-0.000657,dkt,0.726292,0.008552,0.001622
assist2015,2,classical,"bkt,pfa,pfa_recency,elorasch",arithmetic_mean,138458,0.699187,0.026672,0.17803,bkt,valid,0.699136,5.2e-05,0.006997,0.019674,0.177004,0.001025,bkt,0.699136,0.006997,5.2e-05
assist2015,2,classical,"bkt,pfa,pfa_recency,elorasch",geometric_mean,138458,0.699495,0.027296,0.17804,bkt,valid,0.699136,0.000359,0.006997,0.020298,0.177004,0.001036,bkt,0.699136,0.006997,0.000359
assist2015,2,classical,"bkt,pfa,pfa_recency,elorasch",logit_mean,138458,0.698403,0.022728,0.177915,bkt,valid,0.699136,-0.000732,0.006997,0.01573,0.177004,0.00091,bkt,0.699136,0.006997,-0.000732
assist2015,2,classical,"bkt,pfa,pfa_recency,elorasch",rank_mean,138458,0.69889,nan,nan,bkt,valid,0.699136,-0.000246,0.006997,nan,0.177004,nan,bkt,0.699136,0.006997,-0.000246
assist2015,2,classical,"bkt,pfa,pfa_recency,elorasch",median,138458,0.694566,0.013313,0.178402,bkt,valid,0.699136,-0.00457,0.006997,0.006316,0.177004,0.001398,bkt,0.699136,0.006997,-0.00457
assist2015,2,deep,"dkt,sakt,akt,simplekt",arithmetic_mean,134592,0.729014,0.003635,0.169822,dkt,valid,0.727098,0.001915,0.010102,-0.006467,0.170562,-0.00074,dkt,0.727098,0.010102,0.001915
assist2015,2,deep,"dkt,sakt,akt,simplekt",geometric_mean,134592,0.729083,0.002938,0.169792,dkt,valid,0.727098,0.001985,0.010102,-0.007164,0.170562,-0.00077,dkt,0.727098,0.010102,0.001985
assist2015,2,deep,"dkt,sakt,akt,simplekt",logit_mean,134592,0.728745,0.006217,0.169891,dkt,valid,0.727098,0.001646,0.010102,-0.003884,0.170562,-0.000671,dkt,0.727098,0.010102,0.001646
assist2015,2,deep,"dkt,sakt,akt,simplekt",rank_mean,134592,0.728598,nan,nan,dkt,valid,0.727098,0.0015,0.010102,nan,0.170562,nan,dkt,0.727098,0.010102,0.0015
assist2015,2,deep,"dkt,sakt,akt,simplekt",median,134592,0.728485,0.005355,0.169902,dkt,valid,0.727098,0.001386,0.010102,-0.004747,0.170562,-0.00066,dkt,0.727098,0.010102,0.001386
assist2015,3,classical,"bkt,pfa,pfa_recency,elorasch",arithmetic_mean,138458,0.699111,0.026045,0.177987,bkt,valid,0.698987,0.000124,0.008391,0.017654,0.177025,0.000962,bkt,0.698987,0.008391,0.000124
assist2015,3,classical,"bkt,pfa,pfa_recency,elorasch",geometric_mean,138458,0.699449,0.026912,0.178,bkt,valid,0.698987,0.000462,0.008391,0.018521,0.177025,0.000975,bkt,0.698987,0.008391,0.000462
assist2015,3,classical,"bkt,pfa,pfa_recency,elorasch",logit_mean,138458,0.698243,0.022027,0.17789,bkt,valid,0.698987,-0.000744,0.008391,0.013636,0.177025,0.000865,bkt,0.698987,0.008391,-0.000744
assist2015,3,classical,"bkt,pfa,pfa_recency,elorasch",rank_mean,138458,0.698864,nan,nan,bkt,valid,0.698987,-0.000122,0.008391,nan,0.177025,nan,bkt,0.698987,0.008391,-0.000122
assist2015,3,classical,"bkt,pfa,pfa_recency,elorasch",median,138458,0.694641,0.013215,0.178356,bkt,valid,0.698987,-0.004345,0.008391,0.004824,0.177025,0.001331,bkt,0.698987,0.008391,-0.004345
assist2015,3,deep,"dkt,sakt,akt,simplekt",arithmetic_mean,134592,0.728095,0.004987,0.169991,dkt,valid,0.726627,0.001468,0.010432,-0.005445,0.170593,-0.000602,dkt,0.726627,0.010432,0.001468
assist2015,3,deep,"dkt,sakt,akt,simplekt",geometric_mean,134592,0.728206,0.004052,0.169952,dkt,valid,0.726627,0.001579,0.010432,-0.00638,0.170593,-0.000641,dkt,0.726627,0.010432,0.001579
assist2015,3,deep,"dkt,sakt,akt,simplekt",logit_mean,134592,0.727792,0.00706,0.170061,dkt,valid,0.726627,0.001165,0.010432,-0.003372,0.170593,-0.000532,dkt,0.726627,0.010432,0.001165
assist2015,3,deep,"dkt,sakt,akt,simplekt",rank_mean,134592,0.727699,nan,nan,dkt,valid,0.726627,0.001072,0.010432,nan,0.170593,nan,dkt,0.726627,0.010432,0.001072
assist2015,3,deep,"dkt,sakt,akt,simplekt",median,134592,0.72719,0.005572,0.170168,dkt,valid,0.726627,0.000563,0.010432,-0.004859,0.170593,-0.000425,dkt,0.726627,0.010432,0.000563
assist2015,4,classical,"bkt,pfa,pfa_recency,elorasch",arithmetic_mean,138458,0.699579,0.02628,0.177901,bkt,valid,0.699203,0.000377,0.007015,0.019265,0.177002,0.000899,bkt,0.699203,0.007015,0.000377
assist2015,4,classical,"bkt,pfa,pfa_recency,elorasch",geometric_mean,138458,0.699866,0.026607,0.177928,bkt,valid,0.699203,0.000664,0.007015,0.019593,0.177002,0.000926,bkt,0.699203,0.007015,0.000664
assist2015,4,classical,"bkt,pfa,pfa_recency,elorasch",logit_mean,138458,0.698787,0.022207,0.1778,bkt,valid,0.699203,-0.000416,0.007015,0.015192,0.177002,0.000798,bkt,0.699203,0.007015,-0.000416
assist2015,4,classical,"bkt,pfa,pfa_recency,elorasch",rank_mean,138458,0.699427,nan,nan,bkt,valid,0.699203,0.000224,0.007015,nan,0.177002,nan,bkt,0.699203,0.007015,0.000224
assist2015,4,classical,"bkt,pfa,pfa_recency,elorasch",median,138458,0.695037,0.012883,0.178271,bkt,valid,0.699203,-0.004166,0.007015,0.005868,0.177002,0.001269,bkt,0.699203,0.007015,-0.004166
assist2015,4,deep,"dkt,sakt,akt,simplekt",arithmetic_mean,134592,0.728607,0.015553,0.170224,dkt,valid,0.727083,0.001524,0.006999,0.008554,0.170468,-0.000244,dkt,0.727083,0.006999,0.001524
assist2015,4,deep,"dkt,sakt,akt,simplekt",geometric_mean,134592,0.728684,0.013651,0.170125,dkt,valid,0.727083,0.001601,0.006999,0.006652,0.170468,-0.000342,dkt,0.727083,0.006999,0.001601
assist2015,4,deep,"dkt,sakt,akt,simplekt",logit_mean,134592,0.72831,0.017847,0.170347,dkt,valid,0.727083,0.001227,0.006999,0.010848,0.170468,-0.00012,dkt,0.727083,0.006999,0.001227
assist2015,4,deep,"dkt,sakt,akt,simplekt",rank_mean,134592,0.728104,nan,nan,dkt,valid,0.727083,0.001021,0.006999,nan,0.170468,nan,dkt,0.727083,0.006999,0.001021
assist2015,4,deep,"dkt,sakt,akt,simplekt",median,134592,0.727934,0.016873,0.170376,dkt,valid,0.727083,0.000851,0.006999,0.009875,0.170468,-9.2e-05,dkt,0.727083,0.006999,0.000851
assist2017,0,classical,"bkt,pfa,pfa_recency,elorasch",arithmetic_mean,178823,0.647658,0.029685,0.218684,elorasch,valid,0.639886,0.007772,0.028824,0.00086,0.220465,-0.001781,elorasch,0.639886,0.028824,0.007772
assist2017,0,classical,"bkt,pfa,pfa_recency,elorasch",geometric_mean,178823,0.647009,0.028773,0.218804,elorasch,valid,0.639886,0.007123,0.028824,-5.1e-05,0.220465,-0.001661,elorasch,0.639886,0.028824,0.007123
assist2017,0,classical,"bkt,pfa,pfa_recency,elorasch",logit_mean,178823,0.647462,0.028527,0.218643,elorasch,valid,0.639886,0.007576,0.028824,-0.000297,0.220465,-0.001822,elorasch,0.639886,0.028824,0.007576
assist2017,0,classical,"bkt,pfa,pfa_recency,elorasch",rank_mean,178823,0.645924,nan,nan,elorasch,valid,0.639886,0.006038,0.028824,nan,0.220465,nan,elorasch,0.639886,0.028824,0.006038
assist2017,0,classical,"bkt,pfa,pfa_recency,elorasch",median,178823,0.641008,0.022898,0.219747,elorasch,valid,0.639886,0.001122,0.028824,-0.005927,0.220465,-0.000718,elorasch,0.639886,0.028824,0.001122
assist2017,0,deep,"dkt,sakt,akt,simplekt",arithmetic_mean,177767,0.76334,0.038875,0.188194,akt,valid,0.758263,0.005076,0.015686,0.023189,0.188321,-0.000127,akt,0.758263,0.015686,0.005076
assist2017,0,deep,"dkt,sakt,akt,simplekt",geometric_mean,177767,0.763777,0.035403,0.187882,akt,valid,0.758263,0.005513,0.015686,0.019717,0.188321,-0.00044,akt,0.758263,0.015686,0.005513
assist2017,0,deep,"dkt,sakt,akt,simplekt",logit_mean,177767,0.764648,0.029783,0.186843,akt,valid,0.758263,0.006385,0.015686,0.014097,0.188321,-0.001478,akt,0.758263,0.015686,0.006385
assist2017,0,deep,"dkt,sakt,akt,simplekt",rank_mean,177767,0.756451,nan,nan,akt,valid,0.758263,-0.001812,0.015686,nan,0.188321,nan,akt,0.758263,0.015686,-0.001812
assist2017,0,deep,"dkt,sakt,akt,simplekt",median,177767,0.761707,0.029196,0.187883,akt,valid,0.758263,0.003444,0.015686,0.01351,0.188321,-0.000438,akt,0.758263,0.015686,0.003444
assist2017,1,classical,"bkt,pfa,pfa_recency,elorasch",arithmetic_mean,178823,0.647425,0.028879,0.218684,elorasch,valid,0.640084,0.007342,0.027391,0.001488,0.220339,-0.001655,elorasch,0.640084,0.027391,0.007342
assist2017,1,classical,"bkt,pfa,pfa_recency,elorasch",geometric_mean,178823,0.646784,0.027291,0.218807,elorasch,valid,0.640084,0.0067,0.027391,-0.0001,0.220339,-0.001532,elorasch,0.640084,0.027391,0.0067
assist2017,1,classical,"bkt,pfa,pfa_recency,elorasch",logit_mean,178823,0.647226,0.027435,0.21865,elorasch,valid,0.640084,0.007142,0.027391,4.4e-05,0.220339,-0.001689,elorasch,0.640084,0.027391,0.007142
assist2017,1,classical,"bkt,pfa,pfa_recency,elorasch",rank_mean,178823,0.645632,nan,nan,elorasch,valid,0.640084,0.005548,0.027391,nan,0.220339,nan,elorasch,0.640084,0.027391,0.005548
assist2017,1,classical,"bkt,pfa,pfa_recency,elorasch",median,178823,0.640731,0.022161,0.219766,elorasch,valid,0.640084,0.000647,0.027391,-0.00523,0.220339,-0.000572,elorasch,0.640084,0.027391,0.000647
assist2017,1,deep,"dkt,sakt,akt,simplekt",arithmetic_mean,177767,0.763435,0.037705,0.188127,akt,valid,0.758171,0.005263,0.01577,0.021935,0.188319,-0.000192,akt,0.758171,0.01577,0.005263
assist2017,1,deep,"dkt,sakt,akt,simplekt",geometric_mean,177767,0.764007,0.035107,0.187817,akt,valid,0.758171,0.005836,0.01577,0.019337,0.188319,-0.000502,akt,0.758171,0.01577,0.005836
assist2017,1,deep,"dkt,sakt,akt,simplekt",logit_mean,177767,0.764811,0.029354,0.186801,akt,valid,0.758171,0.00664,0.01577,0.013584,0.188319,-0.001518,akt,0.758171,0.01577,0.00664
assist2017,1,deep,"dkt,sakt,akt,simplekt",rank_mean,177767,0.756677,nan,nan,akt,valid,0.758171,-0.001494,0.01577,nan,0.188319,nan,akt,0.758171,0.01577,-0.001494
assist2017,1,deep,"dkt,sakt,akt,simplekt",median,177767,0.761886,0.029094,0.187777,akt,valid,0.758171,0.003715,0.01577,0.013324,0.188319,-0.000542,akt,0.758171,0.01577,0.003715
assist2017,2,classical,"bkt,pfa,pfa_recency,elorasch",arithmetic_mean,178823,0.647387,0.029284,0.218717,elorasch,valid,0.639874,0.007514,0.027428,0.001855,0.220366,-0.001649,elorasch,0.639874,0.027428,0.007514
assist2017,2,classical,"bkt,pfa,pfa_recency,elorasch",geometric_mean,178823,0.646727,0.027971,0.218846,elorasch,valid,0.639874,0.006853,0.027428,0.000542,0.220366,-0.00152,elorasch,0.639874,0.027428,0.006853
assist2017,2,classical,"bkt,pfa,pfa_recency,elorasch",logit_mean,178823,0.647188,0.028017,0.218684,elorasch,valid,0.639874,0.007315,0.027428,0.000589,0.220366,-0.001682,elorasch,0.639874,0.027428,0.007315
assist2017,2,classical,"bkt,pfa,pfa_recency,elorasch",rank_mean,178823,0.645551,nan,nan,elorasch,valid,0.639874,0.005677,0.027428,nan,0.220366,nan,elorasch,0.639874,0.027428,0.005677
assist2017,2,classical,"bkt,pfa,pfa_recency,elorasch",median,178823,0.640679,0.022317,0.219795,elorasch,valid,0.639874,0.000805,0.027428,-0.005112,0.220366,-0.000571,elorasch,0.639874,0.027428,0.000805
assist2017,2,deep,"dkt,sakt,akt,simplekt",arithmetic_mean,177767,0.76173,0.043886,0.189212,akt,valid,0.757625,0.004104,0.017892,0.025994,0.18869,0.000523,akt,0.757625,0.017892,0.004104
assist2017,2,deep,"dkt,sakt,akt,simplekt",geometric_mean,177767,0.762638,0.042311,0.188968,akt,valid,0.757625,0.005013,0.017892,0.02442,0.18869,0.000278,akt,0.757625,0.017892,0.005013
assist2017,2,deep,"dkt,sakt,akt,simplekt",logit_mean,177767,0.76315,0.037418,0.187964,akt,valid,0.757625,0.005525,0.017892,0.019527,0.18869,-0.000725,akt,0.757625,0.017892,0.005525
assist2017,2,deep,"dkt,sakt,akt,simplekt",rank_mean,177767,0.75548,nan,nan,akt,valid,0.757625,-0.002146,0.017892,nan,0.18869,nan,akt,0.757625,0.017892,-0.002146
assist2017,2,deep,"dkt,sakt,akt,simplekt",median,177767,0.760017,0.035738,0.188956,akt,valid,0.757625,0.002392,0.017892,0.017847,0.18869,0.000266,akt,0.757625,0.017892,0.002392
assist2017,3,classical,"bkt,pfa,pfa_recency,elorasch",arithmetic_mean,178823,0.647484,0.029463,0.218609,elorasch,valid,0.640106,0.007378,0.028215,0.001248,0.22037,-0.001761,elorasch,0.640106,0.028215,0.007378
assist2017,3,classical,"bkt,pfa,pfa_recency,elorasch",geometric_mean,178823,0.646919,0.02773,0.218709,elorasch,valid,0.640106,0.006813,0.028215,-0.000485,0.22037,-0.001661,elorasch,0.640106,0.028215,0.006813
assist2017,3,classical,"bkt,pfa,pfa_recency,elorasch",logit_mean,178823,0.647318,0.028057,0.218569,elorasch,valid,0.640106,0.007212,0.028215,-0.000158,0.22037,-0.001801,elorasch,0.640106,0.028215,0.007212
assist2017,3,classical,"bkt,pfa,pfa_recency,elorasch",rank_mean,178823,0.645891,nan,nan,elorasch,valid,0.640106,0.005785,0.028215,nan,0.22037,nan,elorasch,0.640106,0.028215,0.005785
assist2017,3,classical,"bkt,pfa,pfa_recency,elorasch",median,178823,0.641105,0.022928,0.219649,elorasch,valid,0.640106,0.000999,0.028215,-0.005286,0.22037,-0.000722,elorasch,0.640106,0.028215,0.000999
assist2017,3,deep,"dkt,sakt,akt,simplekt",arithmetic_mean,177767,0.763362,0.045767,0.188935,akt,valid,0.758611,0.004751,0.017125,0.028641,0.188194,0.000741,akt,0.758611,0.017125,0.004751
assist2017,3,deep,"dkt,sakt,akt,simplekt",geometric_mean,177767,0.763462,0.042556,0.188667,akt,valid,0.758611,0.004851,0.017125,0.025431,0.188194,0.000473,akt,0.758611,0.017125,0.004851
assist2017,3,deep,"dkt,sakt,akt,simplekt",logit_mean,177767,0.76429,0.037958,0.187643,akt,valid,0.758611,0.005679,0.017125,0.020833,0.188194,-0.000551,akt,0.758611,0.017125,0.005679
assist2017,3,deep,"dkt,sakt,akt,simplekt",rank_mean,177767,0.757081,nan,nan,akt,valid,0.758611,-0.00153,0.017125,nan,0.188194,nan,akt,0.758611,0.017125,-0.00153
assist2017,3,deep,"dkt,sakt,akt,simplekt",median,177767,0.762087,0.037145,0.188414,akt,valid,0.758611,0.003476,0.017125,0.02002,0.188194,0.00022,akt,0.758611,0.017125,0.003476
assist2017,4,classical,"bkt,pfa,pfa_recency,elorasch",arithmetic_mean,178823,0.647439,0.029344,0.218683,elorasch,valid,0.640697,0.006742,0.028382,0.000961,0.220272,-0.001589,elorasch,0.640697,0.028382,0.006742
assist2017,4,classical,"bkt,pfa,pfa_recency,elorasch",geometric_mean,178823,0.646825,0.027456,0.218799,elorasch,valid,0.640697,0.006128,0.028382,-0.000927,0.220272,-0.001474,elorasch,0.640697,0.028382,0.006128
assist2017,4,classical,"bkt,pfa,pfa_recency,elorasch",logit_mean,178823,0.647257,0.027806,0.218645,elorasch,valid,0.640697,0.00656,0.028382,-0.000577,0.220272,-0.001627,elorasch,0.640697,0.028382,0.00656
assist2017,4,classical,"bkt,pfa,pfa_recency,elorasch",rank_mean,178823,0.645684,nan,nan,elorasch,valid,0.640697,0.004987,0.028382,nan,0.220272,nan,elorasch,0.640697,0.028382,0.004987
assist2017,4,classical,"bkt,pfa,pfa_recency,elorasch",median,178823,0.640993,0.022391,0.219717,elorasch,valid,0.640697,0.000295,0.028382,-0.005992,0.220272,-0.000556,elorasch,0.640697,0.028382,0.000295
assist2017,4,deep,"dkt,sakt,akt,simplekt",arithmetic_mean,177767,0.765056,0.043458,0.18816,simplekt,valid,0.757588,0.007468,0.030158,0.013299,0.188884,-0.000724,akt,0.759508,0.022009,0.005549
assist2017,4,deep,"dkt,sakt,akt,simplekt",geometric_mean,177767,0.765438,0.039175,0.187711,simplekt,valid,0.757588,0.00785,0.030158,0.009017,0.188884,-0.001173,akt,0.759508,0.022009,0.00593
assist2017,4,deep,"dkt,sakt,akt,simplekt",logit_mean,177767,0.766356,0.033957,0.186647,simplekt,valid,0.757588,0.008768,0.030158,0.003799,0.188884,-0.002236,akt,0.759508,0.022009,0.006848
assist2017,4,deep,"dkt,sakt,akt,simplekt",rank_mean,177767,0.757464,nan,nan,simplekt,valid,0.757588,-0.000124,0.030158,nan,0.188884,nan,akt,0.759508,0.022009,-0.002043
assist2017,4,deep,"dkt,sakt,akt,simplekt",median,177767,0.763481,0.033589,0.187722,simplekt,valid,0.757588,0.005893,0.030158,0.003431,0.188884,-0.001161,akt,0.759508,0.022009,0.003974
algebra2005,0,classical,"bkt,pfa,pfa_recency,elorasch",arithmetic_mean,93595,0.755084,0.025356,0.152467,bkt,valid,0.750809,0.004274,0.013983,0.011373,0.152249,0.000218,bkt,0.750809,0.013983,0.004274
algebra2005,0,classical,"bkt,pfa,pfa_recency,elorasch",geometric_mean,93595,0.755466,0.032701,0.153061,bkt,valid,0.750809,0.004657,0.013983,0.018718,0.152249,0.000812,bkt,0.750809,0.013983,0.004657
algebra2005,0,classical,"bkt,pfa,pfa_recency,elorasch",logit_mean,93595,0.753659,0.022727,0.152682,bkt,valid,0.750809,0.00285,0.013983,0.008744,0.152249,0.000433,bkt,0.750809,0.013983,0.00285
algebra2005,0,classical,"bkt,pfa,pfa_recency,elorasch",rank_mean,93595,0.753722,nan,nan,bkt,valid,0.750809,0.002913,0.013983,nan,0.152249,nan,bkt,0.750809,0.013983,0.002913
algebra2005,0,classical,"bkt,pfa,pfa_recency,elorasch",median,93595,0.751116,0.019094,0.153049,bkt,valid,0.750809,0.000307,0.013983,0.005111,0.152249,0.000801,bkt,0.750809,0.013983,0.000307
algebra2005,0,deep,"dkt,sakt,akt,simplekt",arithmetic_mean,92945,0.827474,0.015629,0.133411,simplekt,valid,0.813394,0.01408,0.053947,-0.038319,0.142022,-0.008612,simplekt,0.813394,0.053947,0.01408
algebra2005,0,deep,"dkt,sakt,akt,simplekt",geometric_mean,92945,0.827874,0.01357,0.133335,simplekt,valid,0.813394,0.01448,0.053947,-0.040378,0.142022,-0.008687,simplekt,0.813394,0.053947,0.01448
algebra2005,0,deep,"dkt,sakt,akt,simplekt",logit_mean,92945,0.827221,0.024337,0.133964,simplekt,valid,0.813394,0.013826,0.053947,-0.02961,0.142022,-0.008058,simplekt,0.813394,0.053947,0.013826
algebra2005,0,deep,"dkt,sakt,akt,simplekt",rank_mean,92945,0.825609,nan,nan,simplekt,valid,0.813394,0.012215,0.053947,nan,0.142022,nan,simplekt,0.813394,0.053947,0.012215
algebra2005,0,deep,"dkt,sakt,akt,simplekt",median,92945,0.822733,0.020814,0.13528,simplekt,valid,0.813394,0.009339,0.053947,-0.033133,0.142022,-0.006742,simplekt,0.813394,0.053947,0.009339
algebra2005,1,classical,"bkt,pfa,pfa_recency,elorasch",arithmetic_mean,93595,0.755001,0.026816,0.152536,bkt,valid,0.750079,0.004921,0.01567,0.011146,0.15231,0.000226,bkt,0.750079,0.01567,0.004921
algebra2005,1,classical,"bkt,pfa,pfa_recency,elorasch",geometric_mean,93595,0.755473,0.033807,0.15311,bkt,valid,0.750079,0.005393,0.01567,0.018138,0.15231,0.0008,bkt,0.750079,0.01567,0.005393
algebra2005,1,classical,"bkt,pfa,pfa_recency,elorasch",logit_mean,93595,0.753344,0.023513,0.152735,bkt,valid,0.750079,0.003265,0.01567,0.007843,0.15231,0.000425,bkt,0.750079,0.01567,0.003265
algebra2005,1,classical,"bkt,pfa,pfa_recency,elorasch",rank_mean,93595,0.753897,nan,nan,bkt,valid,0.750079,0.003818,0.01567,nan,0.15231,nan,bkt,0.750079,0.01567,0.003818
algebra2005,1,classical,"bkt,pfa,pfa_recency,elorasch",median,93595,0.751034,0.01882,0.153047,bkt,valid,0.750079,0.000955,0.01567,0.00315,0.15231,0.000737,bkt,0.750079,0.01567,0.000955
algebra2005,1,deep,"dkt,sakt,akt,simplekt",arithmetic_mean,92945,0.82352,0.019776,0.135234,simplekt,valid,0.814078,0.009442,0.048824,-0.029048,0.141077,-0.005843,simplekt,0.814078,0.048824,0.009442
algebra2005,1,deep,"dkt,sakt,akt,simplekt",geometric_mean,92945,0.823722,0.01852,0.135066,simplekt,valid,0.814078,0.009643,0.048824,-0.030304,0.141077,-0.006011,simplekt,0.814078,0.048824,0.009643
algebra2005,1,deep,"dkt,sakt,akt,simplekt",logit_mean,92945,0.823195,0.02989,0.135887,simplekt,valid,0.814078,0.009117,0.048824,-0.018934,0.141077,-0.005189,simplekt,0.814078,0.048824,0.009117
algebra2005,1,deep,"dkt,sakt,akt,simplekt",rank_mean,92945,0.822385,nan,nan,simplekt,valid,0.814078,0.008307,0.048824,nan,0.141077,nan,simplekt,0.814078,0.048824,0.008307
algebra2005,1,deep,"dkt,sakt,akt,simplekt",median,92945,0.819792,0.027231,0.13679,simplekt,valid,0.814078,0.005713,0.048824,-0.021593,0.141077,-0.004286,simplekt,0.814078,0.048824,0.005713
algebra2005,2,classical,"bkt,pfa,pfa_recency,elorasch",arithmetic_mean,93595,0.753908,0.027419,0.15273,bkt,valid,0.750231,0.003677,0.012839,0.014579,0.152387,0.000342,bkt,0.750231,0.012839,0.003677
algebra2005,2,classical,"bkt,pfa,pfa_recency,elorasch",geometric_mean,93595,0.754346,0.034583,0.15335,bkt,valid,0.750231,0.004115,0.012839,0.021743,0.152387,0.000963,bkt,0.750231,0.012839,0.004115
algebra2005,2,classical,"bkt,pfa,pfa_recency,elorasch",logit_mean,93595,0.752316,0.024978,0.152982,bkt,valid,0.750231,0.002085,0.012839,0.012139,0.152387,0.000595,bkt,0.750231,0.012839,0.002085
algebra2005,2,classical,"bkt,pfa,pfa_recency,elorasch",rank_mean,93595,0.752333,nan,nan,bkt,valid,0.750231,0.002102,0.012839,nan,0.152387,nan,bkt,0.750231,0.012839,0.002102
algebra2005,2,classical,"bkt,pfa,pfa_recency,elorasch",median,93595,0.750192,0.020316,0.15334,bkt,valid,0.750231,-3.9e-05,0.012839,0.007477,0.152387,0.000953,bkt,0.750231,0.012839,-3.9e-05
algebra2005,2,deep,"dkt,sakt,akt,simplekt",arithmetic_mean,92945,0.825598,0.02127,0.134294,simplekt,valid,0.815247,0.010352,0.06492,-0.04365,0.1417,-0.007406,simplekt,0.815247,0.06492,0.010352
algebra2005,2,deep,"dkt,sakt,akt,simplekt",geometric_mean,92945,0.825584,0.020065,0.134149,simplekt,valid,0.815247,0.010338,0.06492,-0.044855,0.1417,-0.007551,simplekt,0.815247,0.06492,0.010338
algebra2005,2,deep,"dkt,sakt,akt,simplekt",logit_mean,92945,0.826679,0.03409,0.134873,simplekt,valid,0.815247,0.011432,0.06492,-0.03083,0.1417,-0.006827,simplekt,0.815247,0.06492,0.011432
algebra2005,2,deep,"dkt,sakt,akt,simplekt",rank_mean,92945,0.824869,nan,nan,simplekt,valid,0.815247,0.009623,0.06492,nan,0.1417,nan,simplekt,0.815247,0.06492,0.009623
algebra2005,2,deep,"dkt,sakt,akt,simplekt",median,92945,0.820567,0.027314,0.136147,simplekt,valid,0.815247,0.005321,0.06492,-0.037606,0.1417,-0.005553,simplekt,0.815247,0.06492,0.005321
algebra2005,3,classical,"bkt,pfa,pfa_recency,elorasch",arithmetic_mean,93595,0.753988,0.027804,0.152761,bkt,valid,0.750609,0.003379,0.014198,0.013606,0.152319,0.000442,bkt,0.750609,0.014198,0.003379
algebra2005,3,classical,"bkt,pfa,pfa_recency,elorasch",geometric_mean,93595,0.754477,0.034699,0.153308,bkt,valid,0.750609,0.003868,0.014198,0.020501,0.152319,0.000989,bkt,0.750609,0.014198,0.003868
algebra2005,3,classical,"bkt,pfa,pfa_recency,elorasch",logit_mean,93595,0.752391,0.02523,0.152976,bkt,valid,0.750609,0.001783,0.014198,0.011032,0.152319,0.000657,bkt,0.750609,0.014198,0.001783
algebra2005,3,classical,"bkt,pfa,pfa_recency,elorasch",rank_mean,93595,0.75262,nan,nan,bkt,valid,0.750609,0.002011,0.014198,nan,0.152319,nan,bkt,0.750609,0.014198,0.002011
algebra2005,3,classical,"bkt,pfa,pfa_recency,elorasch",median,93595,0.749811,0.020174,0.153381,bkt,valid,0.750609,-0.000797,0.014198,0.005976,0.152319,0.001062,bkt,0.750609,0.014198,-0.000797
algebra2005,3,deep,"dkt,sakt,akt,simplekt",arithmetic_mean,92945,0.826563,0.020265,0.134031,simplekt,valid,0.816694,0.009869,0.066559,-0.046295,0.141712,-0.00768,simplekt,0.816694,0.066559,0.009869
algebra2005,3,deep,"dkt,sakt,akt,simplekt",geometric_mean,92945,0.826319,0.018326,0.13417,simplekt,valid,0.816694,0.009625,0.066559,-0.048233,0.141712,-0.007542,simplekt,0.816694,0.066559,0.009625
algebra2005,3,deep,"dkt,sakt,akt,simplekt",logit_mean,92945,0.827992,0.033506,0.134547,simplekt,valid,0.816694,0.011298,0.066559,-0.033054,0.141712,-0.007165,simplekt,0.816694,0.066559,0.011298
algebra2005,3,deep,"dkt,sakt,akt,simplekt",rank_mean,92945,0.826444,nan,nan,simplekt,valid,0.816694,0.00975,0.066559,nan,0.141712,nan,simplekt,0.816694,0.066559,0.00975
algebra2005,3,deep,"dkt,sakt,akt,simplekt",median,92945,0.82221,0.027976,0.135917,simplekt,valid,0.816694,0.005517,0.066559,-0.038584,0.141712,-0.005795,simplekt,0.816694,0.066559,0.005517
algebra2005,4,classical,"bkt,pfa,pfa_recency,elorasch",arithmetic_mean,93595,0.754031,0.02792,0.152736,bkt,valid,0.750802,0.003229,0.01546,0.01246,0.152331,0.000405,bkt,0.750802,0.01546,0.003229
algebra2005,4,classical,"bkt,pfa,pfa_recency,elorasch",geometric_mean,93595,0.754535,0.034952,0.153332,bkt,valid,0.750802,0.003733,0.01546,0.019492,0.152331,0.001001,bkt,0.750802,0.01546,0.003733
algebra2005,4,classical,"bkt,pfa,pfa_recency,elorasch",logit_mean,93595,0.752307,0.02526,0.153004,bkt,valid,0.750802,0.001505,0.01546,0.0098,0.152331,0.000673,bkt,0.750802,0.01546,0.001505
algebra2005,4,classical,"bkt,pfa,pfa_recency,elorasch",rank_mean,93595,0.752654,nan,nan,bkt,valid,0.750802,0.001852,0.01546,nan,0.152331,nan,bkt,0.750802,0.01546,0.001852
algebra2005,4,classical,"bkt,pfa,pfa_recency,elorasch",median,93595,0.750232,0.020567,0.153292,bkt,valid,0.750802,-0.00057,0.01546,0.005107,0.152331,0.000961,bkt,0.750802,0.01546,-0.00057
algebra2005,4,deep,"dkt,sakt,akt,simplekt",arithmetic_mean,92945,0.826365,0.018225,0.134303,akt,valid,0.813399,0.012967,0.027323,-0.009098,0.139301,-0.004998,akt,0.813399,0.027323,0.012967
algebra2005,4,deep,"dkt,sakt,akt,simplekt",geometric_mean,92945,0.826385,0.017918,0.134584,akt,valid,0.813399,0.012987,0.027323,-0.009405,0.139301,-0.004717,akt,0.813399,0.027323,0.012987
algebra2005,4,deep,"dkt,sakt,akt,simplekt",logit_mean,92945,0.826058,0.025086,0.134931,akt,valid,0.813399,0.012659,0.027323,-0.002237,0.139301,-0.00437,akt,0.813399,0.027323,0.012659
algebra2005,4,deep,"dkt,sakt,akt,simplekt",rank_mean,92945,0.825398,nan,nan,akt,valid,0.813399,0.011999,0.027323,nan,0.139301,nan,akt,0.813399,0.027323,0.011999
algebra2005,4,deep,"dkt,sakt,akt,simplekt",median,92945,0.822865,0.023152,0.135863,akt,valid,0.813399,0.009467,0.027323,-0.004171,0.139301,-0.003438,akt,0.813399,0.027323,0.009467
bridge2algebra2006,0,classical,"bkt,pfa,pfa_recency,elorasch",arithmetic_mean,354262,0.758094,0.032915,0.11638,pfa_recency,valid,0.74856,0.009534,0.011658,0.021257,0.117097,-0.000717,pfa_recency,0.74856,0.011658,0.009534
bridge2algebra2006,0,classical,"bkt,pfa,pfa_recency,elorasch",geometric_mean,354262,0.758206,0.032847,0.11628,pfa_recency,valid,0.74856,0.009645,0.011658,0.021189,0.117097,-0.000816,pfa_recency,0.74856,0.011658,0.009645
bridge2algebra2006,0,classical,"bkt,pfa,pfa_recency,elorasch",logit_mean,354262,0.757639,0.025999,0.116031,pfa_recency,valid,0.74856,0.009079,0.011658,0.014341,0.117097,-0.001065,pfa_recency,0.74856,0.011658,0.009079
bridge2algebra2006,0,classical,"bkt,pfa,pfa_recency,elorasch",rank_mean,354262,0.755061,nan,nan,pfa_recency,valid,0.74856,0.0065,0.011658,nan,0.117097,nan,pfa_recency,0.74856,0.011658,0.0065
bridge2algebra2006,0,classical,"bkt,pfa,pfa_recency,elorasch",median,354262,0.753758,0.019115,0.116384,pfa_recency,valid,0.74856,0.005198,0.011658,0.007457,0.117097,-0.000713,pfa_recency,0.74856,0.011658,0.005198
bridge2algebra2006,0,deep,"dkt,sakt,akt,simplekt",arithmetic_mean,352370,0.814689,0.012291,0.105762,simplekt,valid,0.807972,0.006716,0.008721,0.00357,0.107056,-0.001294,simplekt,0.807972,0.008721,0.006716
bridge2algebra2006,0,deep,"dkt,sakt,akt,simplekt",geometric_mean,352370,0.814908,0.010532,0.105475,simplekt,valid,0.807972,0.006936,0.008721,0.001812,0.107056,-0.001581,simplekt,0.807972,0.008721,0.006936
bridge2algebra2006,0,deep,"dkt,sakt,akt,simplekt",logit_mean,352370,0.815193,0.010472,0.105884,simplekt,valid,0.807972,0.007221,0.008721,0.001752,0.107056,-0.001172,simplekt,0.807972,0.008721,0.007221
bridge2algebra2006,0,deep,"dkt,sakt,akt,simplekt",rank_mean,352370,0.812655,nan,nan,simplekt,valid,0.807972,0.004682,0.008721,nan,0.107056,nan,simplekt,0.807972,0.008721,0.004682
bridge2algebra2006,0,deep,"dkt,sakt,akt,simplekt",median,352370,0.813154,0.008932,0.10608,simplekt,valid,0.807972,0.005181,0.008721,0.000212,0.107056,-0.000976,simplekt,0.807972,0.008721,0.005181
bridge2algebra2006,1,classical,"bkt,pfa,pfa_recency,elorasch",arithmetic_mean,354262,0.7579,0.033924,0.116472,bkt,valid,0.746771,0.01113,0.010514,0.02341,0.116384,8.8e-05,pfa_recency,0.748356,0.011686,0.009544
bridge2algebra2006,1,classical,"bkt,pfa,pfa_recency,elorasch",geometric_mean,354262,0.757997,0.03376,0.116366,bkt,valid,0.746771,0.011226,0.010514,0.023246,0.116384,-1.8e-05,pfa_recency,0.748356,0.011686,0.00964
bridge2algebra2006,1,classical,"bkt,pfa,pfa_recency,elorasch",logit_mean,354262,0.757554,0.027216,0.116124,bkt,valid,0.746771,0.010783,0.010514,0.016702,0.116384,-0.00026,pfa_recency,0.748356,0.011686,0.009198
bridge2algebra2006,1,classical,"bkt,pfa,pfa_recency,elorasch",rank_mean,354262,0.754922,nan,nan,bkt,valid,0.746771,0.008152,0.010514,nan,0.116384,nan,pfa_recency,0.748356,0.011686,0.006566
bridge2algebra2006,1,classical,"bkt,pfa,pfa_recency,elorasch",median,354262,0.753487,0.02102,0.116508,bkt,valid,0.746771,0.006716,0.010514,0.010506,0.116384,0.000123,pfa_recency,0.748356,0.011686,0.00513
bridge2algebra2006,1,deep,"dkt,sakt,akt,simplekt",arithmetic_mean,352370,0.816829,0.013602,0.105225,akt,valid,0.806718,0.010111,0.006749,0.006854,0.107502,-0.002276,akt,0.806718,0.006749,0.010111
bridge2algebra2006,1,deep,"dkt,sakt,akt,simplekt",geometric_mean,352370,0.817006,0.010916,0.104883,akt,valid,0.806718,0.010289,0.006749,0.004167,0.107502,-0.002619,akt,0.806718,0.006749,0.010289
bridge2algebra2006,1,deep,"dkt,sakt,akt,simplekt",logit_mean,352370,0.817452,0.013202,0.105411,akt,valid,0.806718,0.010735,0.006749,0.006454,0.107502,-0.002091,akt,0.806718,0.006749,0.010735
bridge2algebra2006,1,deep,"dkt,sakt,akt,simplekt",rank_mean,352370,0.81443,nan,nan,akt,valid,0.806718,0.007713,0.006749,nan,0.107502,nan,akt,0.806718,0.006749,0.007713
bridge2algebra2006,1,deep,"dkt,sakt,akt,simplekt",median,352370,0.815003,0.011027,0.105643,akt,valid,0.806718,0.008286,0.006749,0.004278,0.107502,-0.001859,akt,0.806718,0.006749,0.008286
bridge2algebra2006,2,classical,"bkt,pfa,pfa_recency,elorasch",arithmetic_mean,354262,0.757779,0.031696,0.116324,pfa_recency,valid,0.748654,0.009125,0.011067,0.020629,0.117095,-0.000771,pfa_recency,0.748654,0.011067,0.009125
bridge2algebra2006,2,classical,"bkt,pfa,pfa_recency,elorasch",geometric_mean,354262,0.757817,0.032237,0.116247,pfa_recency,valid,0.748654,0.009163,0.011067,0.02117,0.117095,-0.000848,pfa_recency,0.748654,0.011067,0.009163
bridge2algebra2006,2,classical,"bkt,pfa,pfa_recency,elorasch",logit_mean,354262,0.757532,0.024817,0.115973,pfa_recency,valid,0.748654,0.008878,0.011067,0.01375,0.117095,-0.001122,pfa_recency,0.748654,0.011067,0.008878
bridge2algebra2006,2,classical,"bkt,pfa,pfa_recency,elorasch",rank_mean,354262,0.754656,nan,nan,pfa_recency,valid,0.748654,0.006002,0.011067,nan,0.117095,nan,pfa_recency,0.748654,0.011067,0.006002
bridge2algebra2006,2,classical,"bkt,pfa,pfa_recency,elorasch",median,354262,0.75373,0.018203,0.116332,pfa_recency,valid,0.748654,0.005076,0.011067,0.007136,0.117095,-0.000763,pfa_recency,0.748654,0.011067,0.005076
bridge2algebra2006,2,deep,"dkt,sakt,akt,simplekt",arithmetic_mean,352370,0.817075,0.013361,0.105042,akt,valid,0.807446,0.009629,0.007236,0.006125,0.107317,-0.002274,akt,0.807446,0.007236,0.009629
bridge2algebra2006,2,deep,"dkt,sakt,akt,simplekt",geometric_mean,352370,0.817289,0.012801,0.104756,akt,valid,0.807446,0.009844,0.007236,0.005566,0.107317,-0.002561,akt,0.807446,0.007236,0.009844
bridge2algebra2006,2,deep,"dkt,sakt,akt,simplekt",logit_mean,352370,0.817716,0.009712,0.105109,akt,valid,0.807446,0.01027,0.007236,0.002476,0.107317,-0.002208,akt,0.807446,0.007236,0.01027
bridge2algebra2006,2,deep,"dkt,sakt,akt,simplekt",rank_mean,352370,0.814825,nan,nan,akt,valid,0.807446,0.007379,0.007236,nan,0.107317,nan,akt,0.807446,0.007236,0.007379
bridge2algebra2006,2,deep,"dkt,sakt,akt,simplekt",median,352370,0.81545,0.008263,0.105349,akt,valid,0.807446,0.008004,0.007236,0.001027,0.107317,-0.001968,akt,0.807446,0.007236,0.008004
bridge2algebra2006,3,classical,"bkt,pfa,pfa_recency,elorasch",arithmetic_mean,354262,0.758077,0.031557,0.116307,pfa_recency,valid,0.748474,0.009603,0.011135,0.020422,0.117142,-0.000836,pfa_recency,0.748474,0.011135,0.009603
bridge2algebra2006,3,classical,"bkt,pfa,pfa_recency,elorasch",geometric_mean,354262,0.758158,0.031814,0.116237,pfa_recency,valid,0.748474,0.009684,0.011135,0.020679,0.117142,-0.000906,pfa_recency,0.748474,0.011135,0.009684
bridge2algebra2006,3,classical,"bkt,pfa,pfa_recency,elorasch",logit_mean,354262,0.757659,0.024515,0.115968,pfa_recency,valid,0.748474,0.009184,0.011135,0.01338,0.117142,-0.001174,pfa_recency,0.748474,0.011135,0.009184
bridge2algebra2006,3,classical,"bkt,pfa,pfa_recency,elorasch",rank_mean,354262,0.754925,nan,nan,pfa_recency,valid,0.748474,0.00645,0.011135,nan,0.117142,nan,pfa_recency,0.748474,0.011135,0.00645
bridge2algebra2006,3,classical,"bkt,pfa,pfa_recency,elorasch",median,354262,0.753919,0.01731,0.116308,pfa_recency,valid,0.748474,0.005445,0.011135,0.006174,0.117142,-0.000835,pfa_recency,0.748474,0.011135,0.005445
bridge2algebra2006,3,deep,"dkt,sakt,akt,simplekt",arithmetic_mean,352370,0.813184,0.015552,0.106341,akt,valid,0.805745,0.007439,0.006766,0.008786,0.107702,-0.001361,akt,0.805745,0.006766,0.007439
bridge2algebra2006,3,deep,"dkt,sakt,akt,simplekt",geometric_mean,352370,0.813367,0.013014,0.105965,akt,valid,0.805745,0.007622,0.006766,0.006248,0.107702,-0.001737,akt,0.805745,0.006766,0.007622
bridge2algebra2006,3,deep,"dkt,sakt,akt,simplekt",logit_mean,352370,0.814129,0.015287,0.10649,akt,valid,0.805745,0.008384,0.006766,0.00852,0.107702,-0.001212,akt,0.805745,0.006766,0.008384
bridge2algebra2006,3,deep,"dkt,sakt,akt,simplekt",rank_mean,352370,0.811531,nan,nan,akt,valid,0.805745,0.005785,0.006766,nan,0.107702,nan,akt,0.805745,0.006766,0.005785
bridge2algebra2006,3,deep,"dkt,sakt,akt,simplekt",median,352370,0.810186,0.013389,0.107074,akt,valid,0.805745,0.004441,0.006766,0.006622,0.107702,-0.000628,akt,0.805745,0.006766,0.004441
bridge2algebra2006,4,classical,"bkt,pfa,pfa_recency,elorasch",arithmetic_mean,354262,0.757942,0.03226,0.116353,pfa_recency,valid,0.74841,0.009532,0.011269,0.020991,0.117124,-0.000771,pfa_recency,0.74841,0.011269,0.009532
bridge2algebra2006,4,classical,"bkt,pfa,pfa_recency,elorasch",geometric_mean,354262,0.75802,0.032772,0.116266,pfa_recency,valid,0.74841,0.00961,0.011269,0.021503,0.117124,-0.000858,pfa_recency,0.74841,0.011269,0.00961
bridge2algebra2006,4,classical,"bkt,pfa,pfa_recency,elorasch",logit_mean,354262,0.757579,0.025143,0.115993,pfa_recency,valid,0.74841,0.009169,0.011269,0.013874,0.117124,-0.001132,pfa_recency,0.74841,0.011269,0.009169
bridge2algebra2006,4,classical,"bkt,pfa,pfa_recency,elorasch",rank_mean,354262,0.754847,nan,nan,pfa_recency,valid,0.74841,0.006437,0.011269,nan,0.117124,nan,pfa_recency,0.74841,0.011269,0.006437
bridge2algebra2006,4,classical,"bkt,pfa,pfa_recency,elorasch",median,354262,0.753701,0.018409,0.116355,pfa_recency,valid,0.74841,0.005291,0.011269,0.00714,0.117124,-0.000769,pfa_recency,0.74841,0.011269,0.005291
bridge2algebra2006,4,deep,"dkt,sakt,akt,simplekt",arithmetic_mean,352370,0.812273,0.015749,0.10594,akt,valid,0.805861,0.006412,0.009314,0.006435,0.107894,-0.001953,akt,0.805861,0.009314,0.006412
bridge2algebra2006,4,deep,"dkt,sakt,akt,simplekt",geometric_mean,352370,0.812523,0.0161,0.105702,akt,valid,0.805861,0.006662,0.009314,0.006786,0.107894,-0.002192,akt,0.805861,0.009314,0.006662
bridge2algebra2006,4,deep,"dkt,sakt,akt,simplekt",logit_mean,352370,0.81293,0.009816,0.105898,akt,valid,0.805861,0.007069,0.009314,0.000502,0.107894,-0.001995,akt,0.805861,0.009314,0.007069
bridge2algebra2006,4,deep,"dkt,sakt,akt,simplekt",rank_mean,352370,0.810696,nan,nan,akt,valid,0.805861,0.004835,0.009314,nan,0.107894,nan,akt,0.805861,0.009314,0.004835
bridge2algebra2006,4,deep,"dkt,sakt,akt,simplekt",median,352370,0.810858,0.011196,0.106125,akt,valid,0.805861,0.004997,0.009314,0.001882,0.107894,-0.001768,akt,0.805861,0.009314,0.004997
assist2012,0,classical,"bkt,pfa,pfa_recency,elorasch",arithmetic_mean,542817,0.689243,0.030779,0.1921,bkt,valid,0.680836,0.008406,0.008537,0.022243,0.192349,-0.00025,bkt,0.680836,0.008537,0.008406
assist2012,0,classical,"bkt,pfa,pfa_recency,elorasch",geometric_mean,542817,0.689734,0.030943,0.192102,bkt,valid,0.680836,0.008898,0.008537,0.022407,0.192349,-0.000247,bkt,0.680836,0.008537,0.008898
assist2012,0,classical,"bkt,pfa,pfa_recency,elorasch",logit_mean,542817,0.688544,0.028279,0.192099,bkt,valid,0.680836,0.007708,0.008537,0.019743,0.192349,-0.00025,bkt,0.680836,0.008537,0.007708
assist2012,0,classical,"bkt,pfa,pfa_recency,elorasch",rank_mean,542817,0.688529,nan,nan,bkt,valid,0.680836,0.007692,0.008537,nan,0.192349,nan,bkt,0.680836,0.008537,0.007692
assist2012,0,classical,"bkt,pfa,pfa_recency,elorasch",median,542817,0.683004,0.021925,0.192875,bkt,valid,0.680836,0.002168,0.008537,0.013389,0.192349,0.000525,bkt,0.680836,0.008537,0.002168
assist2012,0,deep,"dkt,sakt,akt,simplekt",arithmetic_mean,536087,0.771622,0.026273,0.169221,akt,valid,0.772909,-0.001286,0.014961,0.011312,0.168261,0.000961,akt,0.772909,0.014961,-0.001286
assist2012,0,deep,"dkt,sakt,akt,simplekt",geometric_mean,536087,0.771586,0.023833,0.1688,akt,valid,0.772909,-0.001323,0.014961,0.008872,0.168261,0.000539,akt,0.772909,0.014961,-0.001323
assist2012,0,deep,"dkt,sakt,akt,simplekt",logit_mean,536087,0.772632,0.02091,0.168681,akt,valid,0.772909,-0.000277,0.014961,0.005949,0.168261,0.000421,akt,0.772909,0.014961,-0.000277
assist2012,0,deep,"dkt,sakt,akt,simplekt",rank_mean,536087,0.767934,nan,nan,akt,valid,0.772909,-0.004974,0.014961,nan,0.168261,nan,akt,0.772909,0.014961,-0.004974
assist2012,0,deep,"dkt,sakt,akt,simplekt",median,536087,0.770659,0.021211,0.169231,akt,valid,0.772909,-0.002249,0.014961,0.006251,0.168261,0.00097,akt,0.772909,0.014961,-0.002249
assist2012,1,classical,"bkt,pfa,pfa_recency,elorasch",arithmetic_mean,542817,0.689175,0.031097,0.192133,bkt,valid,0.680724,0.008451,0.008243,0.022854,0.192339,-0.000206,bkt,0.680724,0.008243,0.008451
assist2012,1,classical,"bkt,pfa,pfa_recency,elorasch",geometric_mean,542817,0.68966,0.03126,0.192133,bkt,valid,0.680724,0.008935,0.008243,0.023017,0.192339,-0.000206,bkt,0.680724,0.008243,0.008935
assist2012,1,classical,"bkt,pfa,pfa_recency,elorasch",logit_mean,542817,0.688488,0.028369,0.192134,bkt,valid,0.680724,0.007764,0.008243,0.020126,0.192339,-0.000205,bkt,0.680724,0.008243,0.007764
assist2012,1,classical,"bkt,pfa,pfa_recency,elorasch",rank_mean,542817,0.688369,nan,nan,bkt,valid,0.680724,0.007645,0.008243,nan,0.192339,nan,bkt,0.680724,0.008243,0.007645
assist2012,1,classical,"bkt,pfa,pfa_recency,elorasch",median,542817,0.682932,0.022402,0.192928,bkt,valid,0.680724,0.002208,0.008243,0.014159,0.192339,0.000589,bkt,0.680724,0.008243,0.002208
assist2012,1,deep,"dkt,sakt,akt,simplekt",arithmetic_mean,536087,0.771671,0.024466,0.169108,akt,valid,0.772772,-0.001101,0.014935,0.009532,0.168316,0.000792,akt,0.772772,0.014935,-0.001101
assist2012,1,deep,"dkt,sakt,akt,simplekt",geometric_mean,536087,0.771684,0.021847,0.168704,akt,valid,0.772772,-0.001088,0.014935,0.006912,0.168316,0.000389,akt,0.772772,0.014935,-0.001088
assist2012,1,deep,"dkt,sakt,akt,simplekt",logit_mean,536087,0.772616,0.01909,0.16859,akt,valid,0.772772,-0.000157,0.014935,0.004155,0.168316,0.000274,akt,0.772772,0.014935,-0.000157
assist2012,1,deep,"dkt,sakt,akt,simplekt",rank_mean,536087,0.767964,nan,nan,akt,valid,0.772772,-0.004809,0.014935,nan,0.168316,nan,akt,0.772772,0.014935,-0.004809
assist2012,1,deep,"dkt,sakt,akt,simplekt",median,536087,0.770831,0.019568,0.169091,akt,valid,0.772772,-0.001941,0.014935,0.004633,0.168316,0.000775,akt,0.772772,0.014935,-0.001941
assist2012,2,classical,"bkt,pfa,pfa_recency,elorasch",arithmetic_mean,542817,0.689121,0.030731,0.192148,bkt,valid,0.680908,0.008214,0.00762,0.023111,0.192331,-0.000183,bkt,0.680908,0.00762,0.008214
assist2012,2,classical,"bkt,pfa,pfa_recency,elorasch",geometric_mean,542817,0.68961,0.030874,0.192137,bkt,valid,0.680908,0.008702,0.00762,0.023254,0.192331,-0.000194,bkt,0.680908,0.00762,0.008702
assist2012,2,classical,"bkt,pfa,pfa_recency,elorasch",logit_mean,542817,0.688439,0.028143,0.192141,bkt,valid,0.680908,0.007531,0.00762,0.020523,0.192331,-0.00019,bkt,0.680908,0.00762,0.007531
assist2012,2,classical,"bkt,pfa,pfa_recency,elorasch",rank_mean,542817,0.688238,nan,nan,bkt,valid,0.680908,0.00733,0.00762,nan,0.192331,nan,bkt,0.680908,0.00762,0.00733
assist2012,2,classical,"bkt,pfa,pfa_recency,elorasch",median,542817,0.682961,0.021856,0.192929,bkt,valid,0.680908,0.002053,0.00762,0.014235,0.192331,0.000598,bkt,0.680908,0.00762,0.002053
assist2012,2,deep,"dkt,sakt,akt,simplekt",arithmetic_mean,536087,0.770889,0.024337,0.169446,akt,valid,0.771735,-0.000846,0.014769,0.009568,0.168718,0.000728,akt,0.771735,0.014769,-0.000846
assist2012,2,deep,"dkt,sakt,akt,simplekt",geometric_mean,536087,0.770803,0.021941,0.169015,akt,valid,0.771735,-0.000931,0.014769,0.007172,0.168718,0.000297,akt,0.771735,0.014769,-0.000931
assist2012,2,deep,"dkt,sakt,akt,simplekt",logit_mean,536087,0.771976,0.020917,0.168978,akt,valid,0.771735,0.000241,0.014769,0.006148,0.168718,0.00026,akt,0.771735,0.014769,0.000241
assist2012,2,deep,"dkt,sakt,akt,simplekt",rank_mean,536087,0.767278,nan,nan,akt,valid,0.771735,-0.004456,0.014769,nan,0.168718,nan,akt,0.771735,0.014769,-0.004456
assist2012,2,deep,"dkt,sakt,akt,simplekt",median,536087,0.770264,0.020396,0.169431,akt,valid,0.771735,-0.001471,0.014769,0.005627,0.168718,0.000713,akt,0.771735,0.014769,-0.001471
assist2012,3,classical,"bkt,pfa,pfa_recency,elorasch",arithmetic_mean,542817,0.689154,0.030833,0.192137,bkt,valid,0.680942,0.008213,0.008015,0.022818,0.192335,-0.000198,bkt,0.680942,0.008015,0.008213
assist2012,3,classical,"bkt,pfa,pfa_recency,elorasch",geometric_mean,542817,0.689657,0.030977,0.19214,bkt,valid,0.680942,0.008715,0.008015,0.022962,0.192335,-0.000195,bkt,0.680942,0.008015,0.008715
assist2012,3,classical,"bkt,pfa,pfa_recency,elorasch",logit_mean,542817,0.688445,0.028266,0.192135,bkt,valid,0.680942,0.007504,0.008015,0.020251,0.192335,-0.0002,bkt,0.680942,0.008015,0.007504
assist2012,3,classical,"bkt,pfa,pfa_recency,elorasch",rank_mean,542817,0.688439,nan,nan,bkt,valid,0.680942,0.007497,0.008015,nan,0.192335,nan,bkt,0.680942,0.008015,0.007497
assist2012,3,classical,"bkt,pfa,pfa_recency,elorasch",median,542817,0.68292,0.021618,0.192913,bkt,valid,0.680942,0.001978,0.008015,0.013603,0.192335,0.000577,bkt,0.680942,0.008015,0.001978
assist2012,3,deep,"dkt,sakt,akt,simplekt",arithmetic_mean,536087,0.771283,0.024788,0.169284,akt,valid,0.771509,-0.000226,0.014137,0.010652,0.168699,0.000585,akt,0.771509,0.014137,-0.000226
assist2012,3,deep,"dkt,sakt,akt,simplekt",geometric_mean,536087,0.771271,0.022374,0.168857,akt,valid,0.771509,-0.000238,0.014137,0.008237,0.168699,0.000158,akt,0.771509,0.014137,-0.000238
assist2012,3,deep,"dkt,sakt,akt,simplekt",logit_mean,536087,0.772292,0.019693,0.168775,akt,valid,0.771509,0.000783,0.014137,0.005556,0.168699,7.7e-05,akt,0.771509,0.014137,0.000783
assist2012,3,deep,"dkt,sakt,akt,simplekt",rank_mean,536087,0.767625,nan,nan,akt,valid,0.771509,-0.003883,0.014137,nan,0.168699,nan,akt,0.771509,0.014137,-0.003883
assist2012,3,deep,"dkt,sakt,akt,simplekt",median,536087,0.770288,0.019615,0.169325,akt,valid,0.771509,-0.00122,0.014137,0.005478,0.168699,0.000626,akt,0.771509,0.014137,-0.00122
assist2012,4,classical,"bkt,pfa,pfa_recency,elorasch",arithmetic_mean,542817,0.689175,0.0307,0.192109,bkt,valid,0.680866,0.008309,0.008151,0.022549,0.192325,-0.000216,bkt,0.680866,0.008151,0.008309
assist2012,4,classical,"bkt,pfa,pfa_recency,elorasch",geometric_mean,542817,0.689668,0.030705,0.192102,bkt,valid,0.680866,0.008803,0.008151,0.022555,0.192325,-0.000223,bkt,0.680866,0.008151,0.008803
assist2012,4,classical,"bkt,pfa,pfa_recency,elorasch",logit_mean,542817,0.688469,0.028183,0.192109,bkt,valid,0.680866,0.007604,0.008151,0.020032,0.192325,-0.000216,bkt,0.680866,0.008151,0.007604
assist2012,4,classical,"bkt,pfa,pfa_recency,elorasch",rank_mean,542817,0.688392,nan,nan,bkt,valid,0.680866,0.007526,0.008151,nan,0.192325,nan,bkt,0.680866,0.008151,0.007526
assist2012,4,classical,"bkt,pfa,pfa_recency,elorasch",median,542817,0.682968,0.021937,0.192898,bkt,valid,0.680866,0.002102,0.008151,0.013786,0.192325,0.000573,bkt,0.680866,0.008151,0.002102
assist2012,4,deep,"dkt,sakt,akt,simplekt",arithmetic_mean,536087,0.771679,0.022791,0.169189,akt,valid,0.772492,-0.000814,0.01261,0.010181,0.168315,0.000874,akt,0.772492,0.01261,-0.000814
assist2012,4,deep,"dkt,sakt,akt,simplekt",geometric_mean,536087,0.771811,0.018269,0.168599,akt,valid,0.772492,-0.000682,0.01261,0.005658,0.168315,0.000284,akt,0.772492,0.01261,-0.000682
assist2012,4,deep,"dkt,sakt,akt,simplekt",logit_mean,536087,0.77241,0.02079,0.168911,akt,valid,0.772492,-8.3e-05,0.01261,0.008179,0.168315,0.000596,akt,0.772492,0.01261,-8.3e-05
assist2012,4,deep,"dkt,sakt,akt,simplekt",rank_mean,536087,0.768074,nan,nan,akt,valid,0.772492,-0.004419,0.01261,nan,0.168315,nan,akt,0.772492,0.01261,-0.004419
assist2012,4,deep,"dkt,sakt,akt,simplekt",median,536087,0.771046,0.019175,0.16913,akt,valid,0.772492,-0.001447,0.01261,0.006565,0.168315,0.000816,akt,0.772492,0.01261,-0.001447
ednet,0,classical,"bkt,pfa,pfa_recency,elorasch",arithmetic_mean,133974,0.639786,0.019254,0.212043,elorasch,valid,0.641491,-0.001705,0.047139,-0.027884,0.213957,-0.001915,elorasch,0.641491,0.047139,-0.001705
ednet,0,classical,"bkt,pfa,pfa_recency,elorasch",geometric_mean,133974,0.640502,0.016163,0.211813,elorasch,valid,0.641491,-0.000989,0.047139,-0.030975,0.213957,-0.002145,elorasch,0.641491,0.047139,-0.000989
ednet,0,classical,"bkt,pfa,pfa_recency,elorasch",logit_mean,133974,0.638664,0.028806,0.212907,elorasch,valid,0.641491,-0.002827,0.047139,-0.018333,0.213957,-0.00105,elorasch,0.641491,0.047139,-0.002827
ednet,0,classical,"bkt,pfa,pfa_recency,elorasch",rank_mean,133974,0.642718,nan,nan,elorasch,valid,0.641491,0.001227,0.047139,nan,0.213957,nan,elorasch,0.641491,0.047139,0.001227
ednet,0,classical,"bkt,pfa,pfa_recency,elorasch",median,133974,0.637815,0.019979,0.21249,elorasch,valid,0.641491,-0.003676,0.047139,-0.027159,0.213957,-0.001467,elorasch,0.641491,0.047139,-0.003676
ednet,0,deep,"dkt,sakt,akt,simplekt",arithmetic_mean,132209,0.63232,0.086524,0.227431,simplekt,valid,0.658462,-0.026142,0.148408,-0.061885,0.237773,-0.010342,simplekt,0.658462,0.148408,-0.026142
ednet,0,deep,"dkt,sakt,akt,simplekt",geometric_mean,132209,0.63243,0.087686,0.22829,simplekt,valid,0.658462,-0.026032,0.148408,-0.060722,0.237773,-0.009484,simplekt,0.658462,0.148408,-0.026032
ednet,0,deep,"dkt,sakt,akt,simplekt",logit_mean,132209,0.637532,0.097994,0.228567,simplekt,valid,0.658462,-0.02093,0.148408,-0.050414,0.237773,-0.009206,simplekt,0.658462,0.148408,-0.02093
ednet,0,deep,"dkt,sakt,akt,simplekt",rank_mean,132209,0.629516,nan,nan,simplekt,valid,0.658462,-0.028946,0.148408,nan,0.237773,nan,simplekt,0.658462,0.148408,-0.028946
ednet,0,deep,"dkt,sakt,akt,simplekt",median,132209,0.623239,0.091488,0.230986,simplekt,valid,0.658462,-0.035223,0.148408,-0.05692,0.237773,-0.006788,simplekt,0.658462,0.148408,-0.035223
ednet,1,classical,"bkt,pfa,pfa_recency,elorasch",arithmetic_mean,133974,0.639509,0.021334,0.212061,elorasch,valid,0.640902,-0.001393,0.04591,-0.024576,0.213805,-0.001744,elorasch,0.640902,0.04591,-0.001393
ednet,1,classical,"bkt,pfa,pfa_recency,elorasch",geometric_mean,133974,0.640261,0.017637,0.211783,elorasch,valid,0.640902,-0.000641,0.04591,-0.028273,0.213805,-0.002023,elorasch,0.640902,0.04591,-0.000641
ednet,1,classical,"bkt,pfa,pfa_recency,elorasch",logit_mean,133974,0.638048,0.032859,0.213325,elorasch,valid,0.640902,-0.002854,0.04591,-0.013051,0.213805,-0.00048,elorasch,0.640902,0.04591,-0.002854
ednet,1,classical,"bkt,pfa,pfa_recency,elorasch",rank_mean,133974,0.642477,nan,nan,elorasch,valid,0.640902,0.001575,0.04591,nan,0.213805,nan,elorasch,0.640902,0.04591,0.001575
ednet,1,classical,"bkt,pfa,pfa_recency,elorasch",median,133974,0.638077,0.019496,0.212343,elorasch,valid,0.640902,-0.002825,0.04591,-0.026414,0.213805,-0.001462,elorasch,0.640902,0.04591,-0.002825
ednet,1,deep,"dkt,sakt,akt,simplekt",arithmetic_mean,132209,0.63288,0.085113,0.227789,simplekt,valid,0.659407,-0.026527,0.132468,-0.047355,0.232739,-0.00495,simplekt,0.659407,0.132468,-0.026527
ednet,1,deep,"dkt,sakt,akt,simplekt",geometric_mean,132209,0.632904,0.089253,0.228797,simplekt,valid,0.659407,-0.026502,0.132468,-0.043215,0.232739,-0.003943,simplekt,0.659407,0.132468,-0.026502
ednet,1,deep,"dkt,sakt,akt,simplekt",logit_mean,132209,0.63664,0.093414,0.228731,simplekt,valid,0.659407,-0.022767,0.132468,-0.039054,0.232739,-0.004009,simplekt,0.659407,0.132468,-0.022767
ednet,1,deep,"dkt,sakt,akt,simplekt",rank_mean,132209,0.631093,nan,nan,simplekt,valid,0.659407,-0.028313,0.132468,nan,0.232739,nan,simplekt,0.659407,0.132468,-0.028313
ednet,1,deep,"dkt,sakt,akt,simplekt",median,132209,0.625361,0.090286,0.230975,simplekt,valid,0.659407,-0.034045,0.132468,-0.042182,0.232739,-0.001764,simplekt,0.659407,0.132468,-0.034045
ednet,2,classical,"bkt,pfa,pfa_recency,elorasch",arithmetic_mean,133974,0.640529,0.017416,0.211954,elorasch,valid,0.641586,-0.001057,0.04684,-0.029424,0.21396,-0.002006,elorasch,0.641586,0.04684,-0.001057
ednet,2,classical,"bkt,pfa,pfa_recency,elorasch",geometric_mean,133974,0.641206,0.015006,0.21176,elorasch,valid,0.641586,-0.00038,0.04684,-0.031834,0.21396,-0.002199,elorasch,0.641586,0.04684,-0.00038
ednet,2,classical,"bkt,pfa,pfa_recency,elorasch",logit_mean,133974,0.639409,0.02639,0.21276,elorasch,valid,0.641586,-0.002177,0.04684,-0.02045,0.21396,-0.001199,elorasch,0.641586,0.04684,-0.002177
ednet,2,classical,"bkt,pfa,pfa_recency,elorasch",rank_mean,133974,0.64306,nan,nan,elorasch,valid,0.641586,0.001473,0.04684,nan,0.21396,nan,elorasch,0.641586,0.04684,0.001473
ednet,2,classical,"bkt,pfa,pfa_recency,elorasch",median,133974,0.639009,0.017229,0.212289,elorasch,valid,0.641586,-0.002577,0.04684,-0.029611,0.21396,-0.00167,elorasch,0.641586,0.04684,-0.002577
ednet,2,deep,"dkt,sakt,akt,simplekt",arithmetic_mean,132209,0.632649,0.087569,0.22719,simplekt,valid,0.657867,-0.025218,0.146561,-0.058992,0.237687,-0.010497,simplekt,0.657867,0.146561,-0.025218
ednet,2,deep,"dkt,sakt,akt,simplekt",geometric_mean,132209,0.632559,0.089438,0.228082,simplekt,valid,0.657867,-0.025308,0.146561,-0.057123,0.237687,-0.009605,simplekt,0.657867,0.146561,-0.025308
ednet,2,deep,"dkt,sakt,akt,simplekt",logit_mean,132209,0.638461,0.098878,0.228281,simplekt,valid,0.657867,-0.019405,0.146561,-0.047683,0.237687,-0.009407,simplekt,0.657867,0.146561,-0.019405
ednet,2,deep,"dkt,sakt,akt,simplekt",rank_mean,132209,0.630077,nan,nan,simplekt,valid,0.657867,-0.027789,0.146561,nan,0.237687,nan,simplekt,0.657867,0.146561,-0.027789
ednet,2,deep,"dkt,sakt,akt,simplekt",median,132209,0.622842,0.091661,0.231,simplekt,valid,0.657867,-0.035025,0.146561,-0.054901,0.237687,-0.006688,simplekt,0.657867,0.146561,-0.035025
ednet,3,classical,"bkt,pfa,pfa_recency,elorasch",arithmetic_mean,133974,0.640366,0.020375,0.212081,bkt,valid,0.628835,0.011531,0.018296,0.002079,0.213744,-0.001663,elorasch,0.641601,0.046883,-0.001235
ednet,3,classical,"bkt,pfa,pfa_recency,elorasch",geometric_mean,133974,0.641025,0.016488,0.211931,bkt,valid,0.628835,0.01219,0.018296,-0.001808,0.213744,-0.001813,elorasch,0.641601,0.046883,-0.000576
ednet,3,classical,"bkt,pfa,pfa_recency,elorasch",logit_mean,133974,0.639323,0.030914,0.213161,bkt,valid,0.628835,0.010489,0.018296,0.012618,0.213744,-0.000583,elorasch,0.641601,0.046883,-0.002277
ednet,3,classical,"bkt,pfa,pfa_recency,elorasch",rank_mean,133974,0.64317,nan,nan,bkt,valid,0.628835,0.014336,0.018296,nan,0.213744,nan,elorasch,0.641601,0.046883,0.00157
ednet,3,classical,"bkt,pfa,pfa_recency,elorasch",median,133974,0.638023,0.02151,0.212613,bkt,valid,0.628835,0.009188,0.018296,0.003214,0.213744,-0.001131,elorasch,0.641601,0.046883,-0.003578
ednet,3,deep,"dkt,sakt,akt,simplekt",arithmetic_mean,132209,0.632972,0.085275,0.226925,simplekt,valid,0.65679,-0.023818,0.145087,-0.059812,0.237052,-0.010128,simplekt,0.65679,0.145087,-0.023818
ednet,3,deep,"dkt,sakt,akt,simplekt",geometric_mean,132209,0.633077,0.088511,0.227887,simplekt,valid,0.65679,-0.023713,0.145087,-0.056576,0.237052,-0.009165,simplekt,0.65679,0.145087,-0.023713
ednet,3,deep,"dkt,sakt,akt,simplekt",logit_mean,132209,0.638054,0.095657,0.228027,simplekt,valid,0.65679,-0.018736,0.145087,-0.04943,0.237052,-0.009025,simplekt,0.65679,0.145087,-0.018736
ednet,3,deep,"dkt,sakt,akt,simplekt",rank_mean,132209,0.630464,nan,nan,simplekt,valid,0.65679,-0.026326,0.145087,nan,0.237052,nan,simplekt,0.65679,0.145087,-0.026326
ednet,3,deep,"dkt,sakt,akt,simplekt",median,132209,0.623249,0.090494,0.230848,simplekt,valid,0.65679,-0.033541,0.145087,-0.054593,0.237052,-0.006204,simplekt,0.65679,0.145087,-0.033541
ednet,4,classical,"bkt,pfa,pfa_recency,elorasch",arithmetic_mean,133974,0.639831,0.017592,0.212003,elorasch,valid,0.641109,-0.001278,0.045742,-0.02815,0.213902,-0.001898,elorasch,0.641109,0.045742,-0.001278
ednet,4,classical,"bkt,pfa,pfa_recency,elorasch",geometric_mean,133974,0.640476,0.015002,0.21178,elorasch,valid,0.641109,-0.000633,0.045742,-0.03074,0.213902,-0.002122,elorasch,0.641109,0.045742,-0.000633
ednet,4,classical,"bkt,pfa,pfa_recency,elorasch",logit_mean,133974,0.638698,0.02821,0.213023,elorasch,valid,0.641109,-0.002411,0.045742,-0.017532,0.213902,-0.000879,elorasch,0.641109,0.045742,-0.002411
ednet,4,classical,"bkt,pfa,pfa_recency,elorasch",rank_mean,133974,0.642692,nan,nan,elorasch,valid,0.641109,0.001583,0.045742,nan,0.213902,nan,elorasch,0.641109,0.045742,0.001583
ednet,4,classical,"bkt,pfa,pfa_recency,elorasch",median,133974,0.638099,0.018595,0.212386,elorasch,valid,0.641109,-0.00301,0.045742,-0.027147,0.213902,-0.001516,elorasch,0.641109,0.045742,-0.00301
ednet,4,deep,"dkt,sakt,akt,simplekt",arithmetic_mean,132209,0.630837,0.08795,0.229484,simplekt,valid,0.653691,-0.022854,0.142891,-0.054941,0.238855,-0.009371,simplekt,0.653691,0.142891,-0.022854
ednet,4,deep,"dkt,sakt,akt,simplekt",geometric_mean,132209,0.631455,0.093952,0.230591,simplekt,valid,0.653691,-0.022236,0.142891,-0.048939,0.238855,-0.008265,simplekt,0.653691,0.142891,-0.022236
ednet,4,deep,"dkt,sakt,akt,simplekt",logit_mean,132209,0.632989,0.0911,0.230376,simplekt,valid,0.653691,-0.020702,0.142891,-0.051791,0.238855,-0.008479,simplekt,0.653691,0.142891,-0.020702
ednet,4,deep,"dkt,sakt,akt,simplekt",rank_mean,132209,0.628005,nan,nan,simplekt,valid,0.653691,-0.025686,0.142891,nan,0.238855,nan,simplekt,0.653691,0.142891,-0.025686
ednet,4,deep,"dkt,sakt,akt,simplekt",median,132209,0.62211,0.092324,0.232732,simplekt,valid,0.653691,-0.03158,0.142891,-0.050567,0.238855,-0.006123,simplekt,0.653691,0.142891,-0.03158
