dataset,fold,subset,meta_learner,models_in_subset,n_valid,n_test,stacked_auc,stacked_ece,stacked_brier,mean_auc,mean_ece,mean_brier,best_single_model,best_single_selected_on,best_single_auc,best_single_ece,best_single_brier,best_single_on_test_model,best_single_on_test_auc,lift_stacked_vs_test_best_auc,lift_stacked_vs_mean_auc,lift_stacked_vs_best_auc,lift_stacked_vs_mean_ece,lift_stacked_vs_best_ece,weight_bkt,weight_pfa,weight_pfa_recency,weight_elorasch,weight_dkt,weight_sakt,weight_akt,weight_simplekt
assist2009,0,classical,logistic_stacked,"bkt,pfa,pfa_recency,elorasch",43912,53148,0.740436,0.010218,0.190495,0.732123,0.036906,0.195544,bkt,valid,0.725239,0.020236,0.195885,bkt,0.725239,0.015197,0.008313,0.015197,-0.026688,-0.010018,0.646722,-0.340252,0.414046,0.855117,,,,
assist2009,0,classical,ridge_stacked,"bkt,pfa,pfa_recency,elorasch",43912,53148,0.740436,0.010175,0.190495,0.732123,0.036906,0.195544,bkt,valid,0.725239,0.020236,0.195885,bkt,0.725239,0.015196,0.008313,0.015196,-0.026731,-0.010062,0.646756,-0.340729,0.414388,0.855793,,,,
assist2009,0,classical,bma,"bkt,pfa,pfa_recency,elorasch",43912,53148,0.725239,0.020236,0.195885,0.732123,0.036906,0.195544,bkt,valid,0.725239,0.020236,0.195885,bkt,0.725239,0.0,-0.006884,0.0,-0.01667,0.0,1.0,0.0,0.0,0.0,,,,
assist2009,0,classical,xgb_stacked,"bkt,pfa,pfa_recency,elorasch",43912,53148,0.742556,0.007024,0.189915,0.732123,0.036906,0.195544,bkt,valid,0.725239,0.020236,0.195885,bkt,0.725239,0.017317,0.010433,0.017317,-0.029882,-0.013212,nan,nan,nan,nan,,,,
assist2009,0,classical,mlp_stacked,"bkt,pfa,pfa_recency,elorasch",43912,53148,0.740687,0.012165,0.190443,0.732123,0.036906,0.195544,bkt,valid,0.725239,0.020236,0.195885,bkt,0.725239,0.015447,0.008564,0.015447,-0.024741,-0.008071,nan,nan,nan,nan,,,,
assist2009,0,deep,logistic_stacked,"dkt,sakt,akt,simplekt",43171,52254,0.780687,0.013298,0.177668,0.776598,0.017173,0.178857,simplekt,valid,0.763575,0.078771,0.191806,simplekt,0.763575,0.017113,0.00409,0.017113,-0.003876,-0.065474,,,,,0.249989,0.098059,0.22764,0.305417
assist2009,0,deep,ridge_stacked,"dkt,sakt,akt,simplekt",43171,52254,0.780688,0.013258,0.177667,0.776598,0.017173,0.178857,simplekt,valid,0.763575,0.078771,0.191806,simplekt,0.763575,0.017113,0.00409,0.017113,-0.003915,-0.065513,,,,,0.250028,0.098034,0.227647,0.305424
assist2009,0,deep,bma,"dkt,sakt,akt,simplekt",43171,52254,0.761532,0.022268,0.184293,0.776598,0.017173,0.178857,simplekt,valid,0.763575,0.078771,0.191806,simplekt,0.763575,-0.002043,-0.015066,-0.002043,0.005095,-0.056504,,,,,0.0,0.0,1.0,0.0
assist2009,0,deep,xgb_stacked,"dkt,sakt,akt,simplekt",43171,52254,0.780631,0.010316,0.177438,0.776598,0.017173,0.178857,simplekt,valid,0.763575,0.078771,0.191806,simplekt,0.763575,0.017057,0.004034,0.017057,-0.006857,-0.068455,,,,,nan,nan,nan,nan
assist2009,0,deep,mlp_stacked,"dkt,sakt,akt,simplekt",43171,52254,0.781281,0.010878,0.177265,0.776598,0.017173,0.178857,simplekt,valid,0.763575,0.078771,0.191806,simplekt,0.763575,0.017707,0.004683,0.017707,-0.006296,-0.067894,,,,,nan,nan,nan,nan
assist2009,1,classical,logistic_stacked,"bkt,pfa,pfa_recency,elorasch",44676,53148,0.740359,0.008561,0.190504,0.732333,0.036167,0.195454,bkt,valid,0.725276,0.01942,0.195788,bkt,0.725276,0.015083,0.008026,0.015083,-0.027606,-0.010858,0.619979,-0.261003,0.34256,0.898328,,,,
assist2009,1,classical,ridge_stacked,"bkt,pfa,pfa_recency,elorasch",44676,53148,0.740359,0.008561,0.190504,0.732333,0.036167,0.195454,bkt,valid,0.725276,0.01942,0.195788,bkt,0.725276,0.015083,0.008026,0.015083,-0.027606,-0.010858,0.619979,-0.261003,0.34256,0.898328,,,,
assist2009,1,classical,bma,"bkt,pfa,pfa_recency,elorasch",44676,53148,0.725276,0.01942,0.195788,0.732333,0.036167,0.195454,bkt,valid,0.725276,0.01942,0.195788,bkt,0.725276,0.0,-0.007057,0.0,-0.016748,0.0,1.0,0.0,0.0,0.0,,,,
assist2009,1,classical,xgb_stacked,"bkt,pfa,pfa_recency,elorasch",44676,53148,0.741083,0.007641,0.190132,0.732333,0.036167,0.195454,bkt,valid,0.725276,0.01942,0.195788,bkt,0.725276,0.015807,0.008749,0.015807,-0.028526,-0.011779,nan,nan,nan,nan,,,,
assist2009,1,classical,mlp_stacked,"bkt,pfa,pfa_recency,elorasch",44676,53148,0.740451,0.010296,0.190514,0.732333,0.036167,0.195454,bkt,valid,0.725276,0.01942,0.195788,bkt,0.725276,0.015175,0.008118,0.015175,-0.025872,-0.009124,nan,nan,nan,nan,,,,
assist2009,1,deep,logistic_stacked,"dkt,sakt,akt,simplekt",43942,52254,0.779916,0.014077,0.177899,0.776411,0.010109,0.178574,simplekt,valid,0.760676,0.126034,0.204737,simplekt,0.760676,0.01924,0.003505,0.01924,0.003968,-0.111957,,,,,0.289804,0.074974,0.259222,0.205811
assist2009,1,deep,ridge_stacked,"dkt,sakt,akt,simplekt",43942,52254,0.779916,0.014076,0.177899,0.776411,0.010109,0.178574,simplekt,valid,0.760676,0.126034,0.204737,simplekt,0.760676,0.01924,0.003505,0.01924,0.003967,-0.111958,,,,,0.289859,0.074935,0.259252,0.205803
assist2009,1,deep,bma,"dkt,sakt,akt,simplekt",43942,52254,0.7586,0.017385,0.184926,0.776411,0.010109,0.178574,simplekt,valid,0.760676,0.126034,0.204737,simplekt,0.760676,-0.002076,-0.017811,-0.002076,0.007276,-0.108649,,,,,0.0,0.0,1.0,0.0
assist2009,1,deep,xgb_stacked,"dkt,sakt,akt,simplekt",43942,52254,0.779299,0.011539,0.177845,0.776411,0.010109,0.178574,simplekt,valid,0.760676,0.126034,0.204737,simplekt,0.760676,0.018623,0.002888,0.018623,0.00143,-0.114495,,,,,nan,nan,nan,nan
assist2009,1,deep,mlp_stacked,"dkt,sakt,akt,simplekt",43942,52254,0.780116,0.019617,0.177944,0.776411,0.010109,0.178574,simplekt,valid,0.760676,0.126034,0.204737,simplekt,0.760676,0.01944,0.003705,0.01944,0.009508,-0.106417,,,,,nan,nan,nan,nan
assist2009,2,classical,logistic_stacked,"bkt,pfa,pfa_recency,elorasch",44631,53148,0.740806,0.01094,0.190353,0.732736,0.036905,0.195371,bkt,valid,0.72581,0.018534,0.195741,bkt,0.72581,0.014995,0.008069,0.014995,-0.025965,-0.007594,0.666932,-0.256249,0.314173,0.921711,,,,
assist2009,2,classical,ridge_stacked,"bkt,pfa,pfa_recency,elorasch",44631,53148,0.740804,0.010977,0.190353,0.732736,0.036905,0.195371,bkt,valid,0.72581,0.018534,0.195741,bkt,0.72581,0.014994,0.008068,0.014994,-0.025927,-0.007557,0.666977,-0.256517,0.314275,0.92248,,,,
assist2009,2,classical,bma,"bkt,pfa,pfa_recency,elorasch",44631,53148,0.72581,0.018534,0.195741,0.732736,0.036905,0.195371,bkt,valid,0.72581,0.018534,0.195741,bkt,0.72581,0.0,-0.006926,0.0,-0.018371,0.0,1.0,0.0,0.0,0.0,,,,
assist2009,2,classical,xgb_stacked,"bkt,pfa,pfa_recency,elorasch",44631,53148,0.741698,0.008594,0.190013,0.732736,0.036905,0.195371,bkt,valid,0.72581,0.018534,0.195741,bkt,0.72581,0.015888,0.008962,0.015888,-0.028311,-0.00994,nan,nan,nan,nan,,,,
assist2009,2,classical,mlp_stacked,"bkt,pfa,pfa_recency,elorasch",44631,53148,0.740584,0.007556,0.19027,0.732736,0.036905,0.195371,bkt,valid,0.72581,0.018534,0.195741,bkt,0.72581,0.014774,0.007848,0.014774,-0.029349,-0.010978,nan,nan,nan,nan,,,,
assist2009,2,deep,logistic_stacked,"dkt,sakt,akt,simplekt",43884,52254,0.775593,0.012698,0.179458,0.773765,0.017188,0.179962,simplekt,valid,0.759104,0.025647,0.186988,akt,0.760558,0.015035,0.001827,0.016489,-0.00449,-0.012949,,,,,0.352673,0.116328,0.181758,0.387126
assist2009,2,deep,ridge_stacked,"dkt,sakt,akt,simplekt",43884,52254,0.775593,0.012697,0.179458,0.773765,0.017188,0.179962,simplekt,valid,0.759104,0.025647,0.186988,akt,0.760558,0.015035,0.001827,0.016489,-0.004491,-0.01295,,,,,0.352754,0.116301,0.181705,0.387171
assist2009,2,deep,bma,"dkt,sakt,akt,simplekt",43884,52254,0.760565,0.018517,0.184417,0.773765,0.017188,0.179962,simplekt,valid,0.759104,0.025647,0.186988,akt,0.760558,8e-06,-0.0132,0.001461,0.001329,-0.00713,,,,,0.0,0.0,1.0,0.0
assist2009,2,deep,xgb_stacked,"dkt,sakt,akt,simplekt",43884,52254,0.775889,0.010952,0.178972,0.773765,0.017188,0.179962,simplekt,valid,0.759104,0.025647,0.186988,akt,0.760558,0.015331,0.002123,0.016785,-0.006236,-0.014695,,,,,nan,nan,nan,nan
assist2009,2,deep,mlp_stacked,"dkt,sakt,akt,simplekt",43884,52254,0.77642,0.00656,0.178801,0.773765,0.017188,0.179962,simplekt,valid,0.759104,0.025647,0.186988,akt,0.760558,0.015863,0.002655,0.017316,-0.010628,-0.019087,,,,,nan,nan,nan,nan
assist2009,3,classical,logistic_stacked,"bkt,pfa,pfa_recency,elorasch",50615,53148,0.741027,0.012802,0.190378,0.732568,0.037035,0.19541,bkt,valid,0.726632,0.019525,0.195604,bkt,0.726632,0.014395,0.008459,0.014395,-0.024233,-0.006723,0.633673,-0.214237,0.331712,0.806813,,,,
assist2009,3,classical,ridge_stacked,"bkt,pfa,pfa_recency,elorasch",50615,53148,0.741027,0.012802,0.190378,0.732568,0.037035,0.19541,bkt,valid,0.726632,0.019525,0.195604,bkt,0.726632,0.014395,0.008459,0.014395,-0.024233,-0.006723,0.633673,-0.214237,0.331712,0.806813,,,,
assist2009,3,classical,bma,"bkt,pfa,pfa_recency,elorasch",50615,53148,0.726632,0.019525,0.195604,0.732568,0.037035,0.19541,bkt,valid,0.726632,0.019525,0.195604,bkt,0.726632,0.0,-0.005936,0.0,-0.01751,0.0,1.0,0.0,0.0,0.0,,,,
assist2009,3,classical,xgb_stacked,"bkt,pfa,pfa_recency,elorasch",50615,53148,0.742028,0.011134,0.189959,0.732568,0.037035,0.19541,bkt,valid,0.726632,0.019525,0.195604,bkt,0.726632,0.015396,0.00946,0.015396,-0.025901,-0.008391,nan,nan,nan,nan,,,,
assist2009,3,classical,mlp_stacked,"bkt,pfa,pfa_recency,elorasch",50615,53148,0.741454,0.009038,0.190106,0.732568,0.037035,0.19541,bkt,valid,0.726632,0.019525,0.195604,bkt,0.726632,0.014822,0.008886,0.014822,-0.027997,-0.010487,nan,nan,nan,nan,,,,
assist2009,3,deep,logistic_stacked,"dkt,sakt,akt,simplekt",49836,52254,0.781343,0.013,0.177403,0.777574,0.017262,0.178641,simplekt,valid,0.767424,0.057253,0.186466,simplekt,0.767424,0.013919,0.003768,0.013919,-0.004262,-0.044253,,,,,0.320256,0.073497,0.186823,0.348085
assist2009,3,deep,ridge_stacked,"dkt,sakt,akt,simplekt",49836,52254,0.781343,0.012999,0.177403,0.777574,0.017262,0.178641,simplekt,valid,0.767424,0.057253,0.186466,simplekt,0.767424,0.013919,0.003768,0.013919,-0.004263,-0.044254,,,,,0.320317,0.073465,0.186805,0.348099
assist2009,3,deep,bma,"dkt,sakt,akt,simplekt",49836,52254,0.758337,0.019604,0.185216,0.777574,0.017262,0.178641,simplekt,valid,0.767424,0.057253,0.186466,simplekt,0.767424,-0.009087,-0.019238,-0.009087,0.002342,-0.037649,,,,,0.0,0.0,1.0,0.0
assist2009,3,deep,xgb_stacked,"dkt,sakt,akt,simplekt",49836,52254,0.780367,0.011983,0.17758,0.777574,0.017262,0.178641,simplekt,valid,0.767424,0.057253,0.186466,simplekt,0.767424,0.012943,0.002792,0.012943,-0.005278,-0.045269,,,,,nan,nan,nan,nan
assist2009,3,deep,mlp_stacked,"dkt,sakt,akt,simplekt",49836,52254,0.781249,0.009009,0.177324,0.777574,0.017262,0.178641,simplekt,valid,0.767424,0.057253,0.186466,simplekt,0.767424,0.013825,0.003674,0.013825,-0.008253,-0.048244,,,,,nan,nan,nan,nan
assist2009,4,classical,logistic_stacked,"bkt,pfa,pfa_recency,elorasch",45637,53148,0.740513,0.011005,0.190519,0.73249,0.037019,0.195604,bkt,valid,0.725994,0.020951,0.195899,bkt,0.725994,0.014519,0.008023,0.014519,-0.026015,-0.009946,0.642996,-0.19123,0.307434,0.852405,,,,
assist2009,4,classical,ridge_stacked,"bkt,pfa,pfa_recency,elorasch",45637,53148,0.740513,0.011005,0.190519,0.73249,0.037019,0.195604,bkt,valid,0.725994,0.020951,0.195899,bkt,0.725994,0.014519,0.008023,0.014519,-0.026015,-0.009946,0.642996,-0.19123,0.307434,0.852405,,,,
assist2009,4,classical,bma,"bkt,pfa,pfa_recency,elorasch",45637,53148,0.725994,0.020951,0.195899,0.73249,0.037019,0.195604,bkt,valid,0.725994,0.020951,0.195899,bkt,0.725994,0.0,-0.006496,0.0,-0.016069,0.0,1.0,0.0,0.0,0.0,,,,
assist2009,4,classical,xgb_stacked,"bkt,pfa,pfa_recency,elorasch",45637,53148,0.740778,0.007095,0.190055,0.73249,0.037019,0.195604,bkt,valid,0.725994,0.020951,0.195899,bkt,0.725994,0.014784,0.008288,0.014784,-0.029924,-0.013855,nan,nan,nan,nan,,,,
assist2009,4,classical,mlp_stacked,"bkt,pfa,pfa_recency,elorasch",45637,53148,0.740783,0.014723,0.190596,0.73249,0.037019,0.195604,bkt,valid,0.725994,0.020951,0.195899,bkt,0.725994,0.014789,0.008293,0.014789,-0.022296,-0.006227,nan,nan,nan,nan,,,,
assist2009,4,deep,logistic_stacked,"dkt,sakt,akt,simplekt",44892,52254,0.782027,0.010668,0.177038,0.776597,0.029325,0.179302,simplekt,valid,0.766135,0.111292,0.197373,simplekt,0.766135,0.015892,0.005429,0.015892,-0.018657,-0.100624,,,,,0.360342,0.060203,0.156251,0.24422
assist2009,4,deep,ridge_stacked,"dkt,sakt,akt,simplekt",44892,52254,0.782042,0.011099,0.177037,0.776597,0.029325,0.179302,simplekt,valid,0.766135,0.111292,0.197373,simplekt,0.766135,0.015907,0.005444,0.015907,-0.018226,-0.100193,,,,,0.351839,0.064566,0.157815,0.244248
assist2009,4,deep,bma,"dkt,sakt,akt,simplekt",44892,52254,0.752466,0.019178,0.186592,0.776597,0.029325,0.179302,simplekt,valid,0.766135,0.111292,0.197373,simplekt,0.766135,-0.013669,-0.024131,-0.013669,-0.010147,-0.092114,,,,,1.0,0.0,0.0,0.0
assist2009,4,deep,xgb_stacked,"dkt,sakt,akt,simplekt",44892,52254,0.781955,0.009312,0.177064,0.776597,0.029325,0.179302,simplekt,valid,0.766135,0.111292,0.197373,simplekt,0.766135,0.01582,0.005357,0.01582,-0.020013,-0.10198,,,,,nan,nan,nan,nan
assist2009,4,deep,mlp_stacked,"dkt,sakt,akt,simplekt",44892,52254,0.782433,0.007047,0.176792,0.776597,0.029325,0.179302,simplekt,valid,0.766135,0.111292,0.197373,simplekt,0.766135,0.016298,0.005836,0.016298,-0.022278,-0.104245,,,,,nan,nan,nan,nan
assist2015,0,classical,logistic_stacked,"bkt,pfa,pfa_recency,elorasch",105831,138458,0.706784,0.007482,0.175545,0.699013,0.026594,0.178059,bkt,valid,0.69884,0.007777,0.177055,bkt,0.69884,0.007944,0.00777,0.007944,-0.019112,-0.000295,0.817021,-0.475366,0.357954,0.80012,,,,
assist2015,0,classical,ridge_stacked,"bkt,pfa,pfa_recency,elorasch",105831,138458,0.706783,0.007488,0.175546,0.699013,0.026594,0.178059,bkt,valid,0.69884,0.007777,0.177055,bkt,0.69884,0.007943,0.00777,0.007943,-0.019106,-0.000289,0.81724,-0.476581,0.358693,0.800795,,,,
assist2015,0,classical,bma,"bkt,pfa,pfa_recency,elorasch",105831,138458,0.69884,0.007777,0.177055,0.699013,0.026594,0.178059,bkt,valid,0.69884,0.007777,0.177055,bkt,0.69884,0.0,-0.000173,0.0,-0.018817,0.0,1.0,0.0,0.0,0.0,,,,
assist2015,0,classical,xgb_stacked,"bkt,pfa,pfa_recency,elorasch",105831,138458,0.709755,0.0071,0.174839,0.699013,0.026594,0.178059,bkt,valid,0.69884,0.007777,0.177055,bkt,0.69884,0.010916,0.010742,0.010916,-0.019494,-0.000677,nan,nan,nan,nan,,,,
assist2015,0,classical,mlp_stacked,"bkt,pfa,pfa_recency,elorasch",105831,138458,0.707423,0.005414,0.17535,0.699013,0.026594,0.178059,bkt,valid,0.69884,0.007777,0.177055,bkt,0.69884,0.008583,0.00841,0.008583,-0.02118,-0.002363,nan,nan,nan,nan,,,,
assist2015,1,classical,logistic_stacked,"bkt,pfa,pfa_recency,elorasch",106663,138458,0.706939,0.006968,0.175452,0.699152,0.027099,0.178072,bkt,valid,0.698996,0.00726,0.177033,bkt,0.698996,0.007943,0.007788,0.007943,-0.02013,-0.000292,0.756694,-0.350434,0.378372,0.732435,,,,
assist2015,1,classical,ridge_stacked,"bkt,pfa,pfa_recency,elorasch",106663,138458,0.706941,0.006989,0.175452,0.699152,0.027099,0.178072,bkt,valid,0.698996,0.00726,0.177033,bkt,0.698996,0.007945,0.00779,0.007945,-0.02011,-0.000272,0.756816,-0.351307,0.378954,0.73297,,,,
assist2015,1,classical,bma,"bkt,pfa,pfa_recency,elorasch",106663,138458,0.698996,0.00726,0.177033,0.699152,0.027099,0.178072,bkt,valid,0.698996,0.00726,0.177033,bkt,0.698996,0.0,-0.000155,0.0,-0.019838,0.0,1.0,0.0,0.0,0.0,,,,
assist2015,1,classical,xgb_stacked,"bkt,pfa,pfa_recency,elorasch",106663,138458,0.710487,0.005992,0.174785,0.699152,0.027099,0.178072,bkt,valid,0.698996,0.00726,0.177033,bkt,0.698996,0.011491,0.011335,0.011491,-0.021107,-0.001268,nan,nan,nan,nan,,,,
assist2015,1,classical,mlp_stacked,"bkt,pfa,pfa_recency,elorasch",106663,138458,0.708689,0.008108,0.175136,0.699152,0.027099,0.178072,bkt,valid,0.698996,0.00726,0.177033,bkt,0.698996,0.009692,0.009537,0.009692,-0.018991,0.000848,nan,nan,nan,nan,,,,
assist2015,2,classical,logistic_stacked,"bkt,pfa,pfa_recency,elorasch",107443,138458,0.707186,0.00737,0.175453,0.699187,0.026672,0.17803,bkt,valid,0.699136,0.006997,0.177004,bkt,0.699136,0.008051,0.007999,0.008051,-0.019302,0.000373,0.773809,-0.394436,0.315356,0.880829,,,,
assist2015,2,classical,ridge_stacked,"bkt,pfa,pfa_recency,elorasch",107443,138458,0.707187,0.007377,0.175454,0.699187,0.026672,0.17803,bkt,valid,0.699136,0.006997,0.177004,bkt,0.699136,0.008051,0.008,0.008051,-0.019295,0.00038,0.774007,-0.395448,0.315897,0.881583,,,,
assist2015,2,classical,bma,"bkt,pfa,pfa_recency,elorasch",107443,138458,0.699136,0.006997,0.177004,0.699187,0.026672,0.17803,bkt,valid,0.699136,0.006997,0.177004,bkt,0.699136,0.0,-5.2e-05,0.0,-0.019674,0.0,1.0,0.0,0.0,0.0,,,,
assist2015,2,classical,xgb_stacked,"bkt,pfa,pfa_recency,elorasch",107443,138458,0.710519,0.005601,0.174645,0.699187,0.026672,0.17803,bkt,valid,0.699136,0.006997,0.177004,bkt,0.699136,0.011384,0.011332,0.011384,-0.021071,-0.001396,nan,nan,nan,nan,,,,
assist2015,2,classical,mlp_stacked,"bkt,pfa,pfa_recency,elorasch",107443,138458,0.705833,0.006454,0.175661,0.699187,0.026672,0.17803,bkt,valid,0.699136,0.006997,0.177004,bkt,0.699136,0.006697,0.006646,0.006697,-0.020218,-0.000544,nan,nan,nan,nan,,,,
assist2015,3,classical,logistic_stacked,"bkt,pfa,pfa_recency,elorasch",112027,138458,0.706967,0.004517,0.175448,0.699111,0.026045,0.177987,bkt,valid,0.698987,0.008391,0.177025,bkt,0.698987,0.00798,0.007856,0.00798,-0.021528,-0.003874,0.768034,-0.435618,0.351686,0.813902,,,,
assist2015,3,classical,ridge_stacked,"bkt,pfa,pfa_recency,elorasch",112027,138458,0.706967,0.004517,0.175448,0.699111,0.026045,0.177987,bkt,valid,0.698987,0.008391,0.177025,bkt,0.698987,0.00798,0.007856,0.00798,-0.021528,-0.003874,0.768034,-0.435618,0.351686,0.813902,,,,
assist2015,3,classical,bma,"bkt,pfa,pfa_recency,elorasch",112027,138458,0.698987,0.008391,0.177025,0.699111,0.026045,0.177987,bkt,valid,0.698987,0.008391,0.177025,bkt,0.698987,0.0,-0.000124,0.0,-0.017654,0.0,1.0,0.0,0.0,0.0,,,,
assist2015,3,classical,xgb_stacked,"bkt,pfa,pfa_recency,elorasch",112027,138458,0.709964,0.004641,0.174792,0.699111,0.026045,0.177987,bkt,valid,0.698987,0.008391,0.177025,bkt,0.698987,0.010978,0.010853,0.010978,-0.021404,-0.003751,nan,nan,nan,nan,,,,
assist2015,3,classical,mlp_stacked,"bkt,pfa,pfa_recency,elorasch",112027,138458,0.709029,0.004663,0.174985,0.699111,0.026045,0.177987,bkt,valid,0.698987,0.008391,0.177025,bkt,0.698987,0.010042,0.009918,0.010042,-0.021381,-0.003728,nan,nan,nan,nan,,,,
assist2015,4,classical,logistic_stacked,"bkt,pfa,pfa_recency,elorasch",112375,138458,0.706652,0.006304,0.175527,0.699579,0.02628,0.177901,bkt,valid,0.699203,0.007015,0.177002,bkt,0.699203,0.00745,0.007073,0.00745,-0.019976,-0.000711,0.661871,-0.220503,0.301892,0.832987,,,,
assist2015,4,classical,ridge_stacked,"bkt,pfa,pfa_recency,elorasch",112375,138458,0.706653,0.006251,0.175527,0.699579,0.02628,0.177901,bkt,valid,0.699203,0.007015,0.177002,bkt,0.699203,0.007451,0.007074,0.007451,-0.020029,-0.000764,0.661895,-0.220912,0.302166,0.83349,,,,
assist2015,4,classical,bma,"bkt,pfa,pfa_recency,elorasch",112375,138458,0.699203,0.007015,0.177002,0.699579,0.02628,0.177901,bkt,valid,0.699203,0.007015,0.177002,bkt,0.699203,0.0,-0.000377,0.0,-0.019265,0.0,1.0,0.0,0.0,0.0,,,,
assist2015,4,classical,xgb_stacked,"bkt,pfa,pfa_recency,elorasch",112375,138458,0.710193,0.005249,0.17477,0.699579,0.02628,0.177901,bkt,valid,0.699203,0.007015,0.177002,bkt,0.699203,0.01099,0.010614,0.01099,-0.02103,-0.001765,nan,nan,nan,nan,,,,
assist2015,4,classical,mlp_stacked,"bkt,pfa,pfa_recency,elorasch",112375,138458,0.707827,0.009008,0.175306,0.699579,0.02628,0.177901,bkt,valid,0.699203,0.007015,0.177002,bkt,0.699203,0.008624,0.008247,0.008624,-0.017271,0.001993,nan,nan,nan,nan,,,,
assist2017,0,classical,logistic_stacked,"bkt,pfa,pfa_recency,elorasch",153980,178823,0.654452,0.010235,0.215879,0.647644,0.029626,0.218686,elorasch,valid,0.639886,0.028824,0.220465,elorasch,0.639886,0.014566,0.006808,0.014566,-0.019391,-0.018589,0.593096,-0.497121,0.414549,0.779246,,,,
assist2017,0,classical,ridge_stacked,"bkt,pfa,pfa_recency,elorasch",153980,178823,0.654628,0.011103,0.215885,0.647644,0.029626,0.218686,elorasch,valid,0.639886,0.028824,0.220465,elorasch,0.639886,0.014742,0.006984,0.014742,-0.018523,-0.017722,0.573926,-0.377012,0.328369,0.763657,,,,
assist2017,0,classical,bma,"bkt,pfa,pfa_recency,elorasch",153980,178823,0.639886,0.028824,0.220465,0.647644,0.029626,0.218686,elorasch,valid,0.639886,0.028824,0.220465,elorasch,0.639886,-0.0,-0.007758,-0.0,-0.000802,0.0,0.0,0.0,0.0,1.0,,,,
assist2017,0,classical,xgb_stacked,"bkt,pfa,pfa_recency,elorasch",153980,178823,0.66205,0.008557,0.214495,0.647644,0.029626,0.218686,elorasch,valid,0.639886,0.028824,0.220465,elorasch,0.639886,0.022165,0.014407,0.022165,-0.021069,-0.020268,nan,nan,nan,nan,,,,
assist2017,0,classical,mlp_stacked,"bkt,pfa,pfa_recency,elorasch",153980,178823,0.655828,0.013289,0.215629,0.647644,0.029626,0.218686,elorasch,valid,0.639886,0.028824,0.220465,elorasch,0.639886,0.015943,0.008185,0.015943,-0.016337,-0.015535,nan,nan,nan,nan,,,,
assist2017,0,deep,logistic_stacked,"dkt,sakt,akt,simplekt",153067,177767,0.769958,0.004197,0.18388,0.76334,0.038875,0.188194,akt,valid,0.758263,0.015686,0.188321,akt,0.758263,0.011695,0.006619,0.011695,-0.034678,-0.01149,,,,,0.306438,-0.110422,0.411619,0.407059
assist2017,0,deep,ridge_stacked,"dkt,sakt,akt,simplekt",153067,177767,0.769958,0.004196,0.18388,0.76334,0.038875,0.188194,akt,valid,0.758263,0.015686,0.188321,akt,0.758263,0.011695,0.006619,0.011695,-0.034679,-0.01149,,,,,0.306455,-0.110456,0.41163,0.407064
assist2017,0,deep,bma,"dkt,sakt,akt,simplekt",153067,177767,0.758263,0.015686,0.188321,0.76334,0.038875,0.188194,akt,valid,0.758263,0.015686,0.188321,akt,0.758263,0.0,-0.005076,0.0,-0.023189,0.0,,,,,0.0,0.0,1.0,0.0
assist2017,0,deep,xgb_stacked,"dkt,sakt,akt,simplekt",153067,177767,0.769697,0.005065,0.183984,0.76334,0.038875,0.188194,akt,valid,0.758263,0.015686,0.188321,akt,0.758263,0.011434,0.006358,0.011434,-0.03381,-0.010621,,,,,nan,nan,nan,nan
assist2017,0,deep,mlp_stacked,"dkt,sakt,akt,simplekt",153067,177767,0.769883,0.01051,0.184012,0.76334,0.038875,0.188194,akt,valid,0.758263,0.015686,0.188321,akt,0.758263,0.01162,0.006544,0.01162,-0.028365,-0.005176,,,,,nan,nan,nan,nan
assist2017,1,classical,logistic_stacked,"bkt,pfa,pfa_recency,elorasch",142789,178823,0.654456,0.010512,0.215893,0.647425,0.028879,0.218684,elorasch,valid,0.640084,0.027391,0.220339,elorasch,0.640084,0.014372,0.00703,0.014372,-0.018367,-0.016879,0.566446,-0.425911,0.396108,0.804911,,,,
assist2017,1,classical,ridge_stacked,"bkt,pfa,pfa_recency,elorasch",142789,178823,0.654466,0.010665,0.215893,0.647425,0.028879,0.218684,elorasch,valid,0.640084,0.027391,0.220339,elorasch,0.640084,0.014382,0.007041,0.014382,-0.018214,-0.016726,0.564857,-0.413057,0.385812,0.80368,,,,
assist2017,1,classical,bma,"bkt,pfa,pfa_recency,elorasch",142789,178823,0.640084,0.027391,0.220339,0.647425,0.028879,0.218684,elorasch,valid,0.640084,0.027391,0.220339,elorasch,0.640084,0.0,-0.007342,0.0,-0.001488,0.0,0.0,0.0,0.0,1.0,,,,
assist2017,1,classical,xgb_stacked,"bkt,pfa,pfa_recency,elorasch",142789,178823,0.660968,0.006022,0.214604,0.647425,0.028879,0.218684,elorasch,valid,0.640084,0.027391,0.220339,elorasch,0.640084,0.020885,0.013543,0.020885,-0.022857,-0.021369,nan,nan,nan,nan,,,,
assist2017,1,classical,mlp_stacked,"bkt,pfa,pfa_recency,elorasch",142789,178823,0.65547,0.005606,0.215529,0.647425,0.028879,0.218684,elorasch,valid,0.640084,0.027391,0.220339,elorasch,0.640084,0.015386,0.008045,0.015386,-0.023273,-0.021785,nan,nan,nan,nan,,,,
assist2017,1,deep,logistic_stacked,"dkt,sakt,akt,simplekt",141938,177767,0.770683,0.004285,0.183613,0.763435,0.037705,0.188127,akt,valid,0.758171,0.01577,0.188319,akt,0.758171,0.012511,0.007248,0.012511,-0.033419,-0.011485,,,,,0.236225,-0.093524,0.425093,0.430077
assist2017,1,deep,ridge_stacked,"dkt,sakt,akt,simplekt",141938,177767,0.770683,0.004286,0.183613,0.763435,0.037705,0.188127,akt,valid,0.758171,0.01577,0.188319,akt,0.758171,0.012511,0.007248,0.012511,-0.033419,-0.011484,,,,,0.236234,-0.093556,0.425107,0.430086
assist2017,1,deep,bma,"dkt,sakt,akt,simplekt",141938,177767,0.758171,0.01577,0.188319,0.763435,0.037705,0.188127,akt,valid,0.758171,0.01577,0.188319,akt,0.758171,0.0,-0.005263,0.0,-0.021935,0.0,,,,,0.0,0.0,1.0,0.0
assist2017,1,deep,xgb_stacked,"dkt,sakt,akt,simplekt",141938,177767,0.770858,0.005011,0.183612,0.763435,0.037705,0.188127,akt,valid,0.758171,0.01577,0.188319,akt,0.758171,0.012687,0.007424,0.012687,-0.032693,-0.010759,,,,,nan,nan,nan,nan
assist2017,1,deep,mlp_stacked,"dkt,sakt,akt,simplekt",141938,177767,0.771243,0.010345,0.183565,0.763435,0.037705,0.188127,akt,valid,0.758171,0.01577,0.188319,akt,0.758171,0.013071,0.007808,0.013071,-0.02736,-0.005425,,,,,nan,nan,nan,nan
assist2017,2,classical,logistic_stacked,"bkt,pfa,pfa_recency,elorasch",146749,178823,0.654314,0.01149,0.215933,0.647387,0.029284,0.218717,elorasch,valid,0.639874,0.027428,0.220366,elorasch,0.639874,0.01444,0.006926,0.01444,-0.017794,-0.015939,0.576048,-0.404685,0.356489,0.785413,,,,
assist2017,2,classical,ridge_stacked,"bkt,pfa,pfa_recency,elorasch",146749,178823,0.654326,0.011526,0.215934,0.647387,0.029284,0.218717,elorasch,valid,0.639874,0.027428,0.220366,elorasch,0.639874,0.014452,0.006939,0.014452,-0.017758,-0.015903,0.574127,-0.393066,0.348012,0.784221,,,,
assist2017,2,classical,bma,"bkt,pfa,pfa_recency,elorasch",146749,178823,0.639874,0.027428,0.220366,0.647387,0.029284,0.218717,elorasch,valid,0.639874,0.027428,0.220366,elorasch,0.639874,0.0,-0.007514,0.0,-0.001855,0.0,0.0,0.0,0.0,1.0,,,,
assist2017,2,classical,xgb_stacked,"bkt,pfa,pfa_recency,elorasch",146749,178823,0.661093,0.007017,0.214713,0.647387,0.029284,0.218717,elorasch,valid,0.639874,0.027428,0.220366,elorasch,0.639874,0.021219,0.013706,0.021219,-0.022266,-0.020411,nan,nan,nan,nan,,,,
assist2017,2,classical,mlp_stacked,"bkt,pfa,pfa_recency,elorasch",146749,178823,0.65558,0.012038,0.215631,0.647387,0.029284,0.218717,elorasch,valid,0.639874,0.027428,0.220366,elorasch,0.639874,0.015706,0.008192,0.015706,-0.017245,-0.01539,nan,nan,nan,nan,,,,
assist2017,2,deep,logistic_stacked,"dkt,sakt,akt,simplekt",145879,177767,0.768838,0.006615,0.184331,0.76173,0.043886,0.189212,akt,valid,0.757625,0.017892,0.18869,akt,0.757625,0.011213,0.007109,0.011213,-0.037271,-0.011277,,,,,0.266121,-0.069965,0.438998,0.437604
assist2017,2,deep,ridge_stacked,"dkt,sakt,akt,simplekt",145879,177767,0.768838,0.006615,0.184331,0.76173,0.043886,0.189212,akt,valid,0.757625,0.017892,0.18869,akt,0.757625,0.011213,0.007109,0.011213,-0.037271,-0.011277,,,,,0.266121,-0.069965,0.438998,0.437604
assist2017,2,deep,bma,"dkt,sakt,akt,simplekt",145879,177767,0.757625,0.017892,0.18869,0.76173,0.043886,0.189212,akt,valid,0.757625,0.017892,0.18869,akt,0.757625,0.0,-0.004104,0.0,-0.025994,0.0,,,,,0.0,0.0,1.0,0.0
assist2017,2,deep,xgb_stacked,"dkt,sakt,akt,simplekt",145879,177767,0.76857,0.006188,0.184459,0.76173,0.043886,0.189212,akt,valid,0.757625,0.017892,0.18869,akt,0.757625,0.010945,0.00684,0.010945,-0.037698,-0.011704,,,,,nan,nan,nan,nan
assist2017,2,deep,mlp_stacked,"dkt,sakt,akt,simplekt",145879,177767,0.768971,0.008221,0.184343,0.76173,0.043886,0.189212,akt,valid,0.757625,0.017892,0.18869,akt,0.757625,0.011346,0.007241,0.011346,-0.035664,-0.00967,,,,,nan,nan,nan,nan
assist2017,3,classical,logistic_stacked,"bkt,pfa,pfa_recency,elorasch",169963,178823,0.654629,0.011962,0.215965,0.647484,0.029463,0.218609,elorasch,valid,0.640106,0.028215,0.22037,elorasch,0.640106,0.014523,0.007145,0.014523,-0.017501,-0.016253,0.498861,-0.31916,0.366356,0.72114,,,,
assist2017,3,classical,ridge_stacked,"bkt,pfa,pfa_recency,elorasch",169963,178823,0.65463,0.011958,0.215969,0.647484,0.029463,0.218609,elorasch,valid,0.640106,0.028215,0.22037,elorasch,0.640106,0.014524,0.007145,0.014524,-0.017505,-0.016257,0.497061,-0.310109,0.359653,0.720635,,,,
assist2017,3,classical,bma,"bkt,pfa,pfa_recency,elorasch",169963,178823,0.640106,0.028215,0.22037,0.647484,0.029463,0.218609,elorasch,valid,0.640106,0.028215,0.22037,elorasch,0.640106,0.0,-0.007378,0.0,-0.001248,0.0,0.0,0.0,0.0,1.0,,,,
assist2017,3,classical,xgb_stacked,"bkt,pfa,pfa_recency,elorasch",169963,178823,0.661878,0.009976,0.214497,0.647484,0.029463,0.218609,elorasch,valid,0.640106,0.028215,0.22037,elorasch,0.640106,0.021772,0.014394,0.021772,-0.019487,-0.018239,nan,nan,nan,nan,,,,
assist2017,3,classical,mlp_stacked,"bkt,pfa,pfa_recency,elorasch",169963,178823,0.655339,0.011361,0.215724,0.647484,0.029463,0.218609,elorasch,valid,0.640106,0.028215,0.22037,elorasch,0.640106,0.015233,0.007854,0.015233,-0.018102,-0.016854,nan,nan,nan,nan,,,,
assist2017,3,deep,logistic_stacked,"dkt,sakt,akt,simplekt",168980,177767,0.769464,0.004106,0.184,0.763362,0.045767,0.188935,akt,valid,0.758611,0.017125,0.188194,akt,0.758611,0.010853,0.006102,0.010853,-0.04166,-0.013019,,,,,0.304329,-0.114767,0.471832,0.434782
assist2017,3,deep,ridge_stacked,"dkt,sakt,akt,simplekt",168980,177767,0.769464,0.004106,0.184,0.763362,0.045767,0.188935,akt,valid,0.758611,0.017125,0.188194,akt,0.758611,0.010853,0.006102,0.010853,-0.04166,-0.013019,,,,,0.304329,-0.114767,0.471832,0.434782
assist2017,3,deep,bma,"dkt,sakt,akt,simplekt",168980,177767,0.758611,0.017125,0.188194,0.763362,0.045767,0.188935,akt,valid,0.758611,0.017125,0.188194,akt,0.758611,0.0,-0.004751,0.0,-0.028641,0.0,,,,,0.0,0.0,1.0,0.0
assist2017,3,deep,xgb_stacked,"dkt,sakt,akt,simplekt",168980,177767,0.769647,0.004353,0.183964,0.763362,0.045767,0.188935,akt,valid,0.758611,0.017125,0.188194,akt,0.758611,0.011036,0.006285,0.011036,-0.041413,-0.012772,,,,,nan,nan,nan,nan
assist2017,3,deep,mlp_stacked,"dkt,sakt,akt,simplekt",168980,177767,0.770097,0.006951,0.183836,0.763362,0.045767,0.188935,akt,valid,0.758611,0.017125,0.188194,akt,0.758611,0.011486,0.006735,0.011486,-0.038816,-0.010174,,,,,nan,nan,nan,nan
assist2017,4,classical,logistic_stacked,"bkt,pfa,pfa_recency,elorasch",150510,178823,0.654598,0.010716,0.21588,0.647439,0.029344,0.218683,elorasch,valid,0.640697,0.028382,0.220272,elorasch,0.640697,0.013901,0.007159,0.013901,-0.018627,-0.017666,0.557673,-0.423515,0.408053,0.786384,,,,
assist2017,4,classical,ridge_stacked,"bkt,pfa,pfa_recency,elorasch",150510,178823,0.654608,0.010794,0.21588,0.647439,0.029344,0.218683,elorasch,valid,0.640697,0.028382,0.220272,elorasch,0.640697,0.013911,0.007169,0.013911,-0.018549,-0.017588,0.555759,-0.411129,0.399053,0.784624,,,,
assist2017,4,classical,bma,"bkt,pfa,pfa_recency,elorasch",150510,178823,0.640697,0.028382,0.220272,0.647439,0.029344,0.218683,elorasch,valid,0.640697,0.028382,0.220272,elorasch,0.640697,0.0,-0.006742,0.0,-0.000961,0.0,0.0,0.0,0.0,1.0,,,,
assist2017,4,classical,xgb_stacked,"bkt,pfa,pfa_recency,elorasch",150510,178823,0.661456,0.005622,0.214531,0.647439,0.029344,0.218683,elorasch,valid,0.640697,0.028382,0.220272,elorasch,0.640697,0.020759,0.014017,0.020759,-0.023722,-0.022761,nan,nan,nan,nan,,,,
assist2017,4,classical,mlp_stacked,"bkt,pfa,pfa_recency,elorasch",150510,178823,0.655673,0.005354,0.215469,0.647439,0.029344,0.218683,elorasch,valid,0.640697,0.028382,0.220272,elorasch,0.640697,0.014975,0.008234,0.014975,-0.023989,-0.023028,nan,nan,nan,nan,,,,
assist2017,4,deep,logistic_stacked,"dkt,sakt,akt,simplekt",149617,177767,0.772106,0.007574,0.183199,0.765056,0.043458,0.18816,simplekt,valid,0.757588,0.030158,0.188884,akt,0.759508,0.012598,0.00705,0.014518,-0.035884,-0.022585,,,,,0.223277,-0.099512,0.399856,0.460335
assist2017,4,deep,ridge_stacked,"dkt,sakt,akt,simplekt",149617,177767,0.772107,0.007765,0.183202,0.765056,0.043458,0.18816,simplekt,valid,0.757588,0.030158,0.188884,akt,0.759508,0.012599,0.007051,0.014519,-0.035693,-0.022393,,,,,0.222134,-0.095817,0.399161,0.458859
assist2017,4,deep,bma,"dkt,sakt,akt,simplekt",149617,177767,0.759508,0.022009,0.188446,0.765056,0.043458,0.18816,simplekt,valid,0.757588,0.030158,0.188884,akt,0.759508,0.0,-0.005549,0.00192,-0.021448,-0.008149,,,,,0.0,0.0,1.0,0.0
assist2017,4,deep,xgb_stacked,"dkt,sakt,akt,simplekt",149617,177767,0.772182,0.004694,0.183139,0.765056,0.043458,0.18816,simplekt,valid,0.757588,0.030158,0.188884,akt,0.759508,0.012675,0.007126,0.014594,-0.038764,-0.025464,,,,,nan,nan,nan,nan
assist2017,4,deep,mlp_stacked,"dkt,sakt,akt,simplekt",149617,177767,0.772383,0.01205,0.183191,0.765056,0.043458,0.18816,simplekt,valid,0.757588,0.030158,0.188884,akt,0.759508,0.012876,0.007327,0.014796,-0.031408,-0.018108,,,,,nan,nan,nan,nan
algebra2005,0,classical,logistic_stacked,"bkt,pfa,pfa_recency,elorasch",113657,93595,0.758091,0.015396,0.150411,0.754942,0.026041,0.152491,bkt,valid,0.750809,0.013983,0.152249,bkt,0.750809,0.007282,0.003149,0.007282,-0.010645,0.001413,0.736695,-0.002411,0.147643,0.315187,,,,
algebra2005,0,classical,ridge_stacked,"bkt,pfa,pfa_recency,elorasch",113657,93595,0.758102,0.015386,0.150404,0.754942,0.026041,0.152491,bkt,valid,0.750809,0.013983,0.152249,bkt,0.750809,0.007293,0.003161,0.007293,-0.010655,0.001403,0.723345,0.01493,0.137132,0.312884,,,,
algebra2005,0,classical,bma,"bkt,pfa,pfa_recency,elorasch",113657,93595,0.750809,0.013983,0.152249,0.754942,0.026041,0.152491,bkt,valid,0.750809,0.013983,0.152249,bkt,0.750809,0.0,-0.004132,0.0,-0.012058,0.0,1.0,0.0,0.0,0.0,,,,
algebra2005,0,classical,xgb_stacked,"bkt,pfa,pfa_recency,elorasch",113657,93595,0.76209,0.009554,0.14919,0.754942,0.026041,0.152491,bkt,valid,0.750809,0.013983,0.152249,bkt,0.750809,0.011281,0.007149,0.011281,-0.016487,-0.004429,nan,nan,nan,nan,,,,
algebra2005,0,classical,mlp_stacked,"bkt,pfa,pfa_recency,elorasch",113657,93595,0.759657,0.016662,0.150187,0.754942,0.026041,0.152491,bkt,valid,0.750809,0.013983,0.152249,bkt,0.750809,0.008848,0.004715,0.008848,-0.009379,0.002679,nan,nan,nan,nan,,,,
algebra2005,0,deep,logistic_stacked,"dkt,sakt,akt,simplekt",112859,92945,0.831646,0.009994,0.131033,0.827474,0.015629,0.133411,simplekt,valid,0.813394,0.053947,0.142022,simplekt,0.813394,0.018252,0.004172,0.018252,-0.005635,-0.043954,,,,,0.492126,-0.073937,0.135001,0.336374
algebra2005,0,deep,ridge_stacked,"dkt,sakt,akt,simplekt",112859,92945,0.831664,0.010202,0.131035,0.827474,0.015629,0.133411,simplekt,valid,0.813394,0.053947,0.142022,simplekt,0.813394,0.01827,0.00419,0.01827,-0.005427,-0.043745,,,,,0.486793,-0.070234,0.13582,0.335196
algebra2005,0,deep,bma,"dkt,sakt,akt,simplekt",112859,92945,0.80977,0.019175,0.137509,0.827474,0.015629,0.133411,simplekt,valid,0.813394,0.053947,0.142022,simplekt,0.813394,-0.003624,-0.017704,-0.003624,0.003546,-0.034773,,,,,1.0,0.0,0.0,0.0
algebra2005,0,deep,xgb_stacked,"dkt,sakt,akt,simplekt",112859,92945,0.833485,0.00791,0.130126,0.827474,0.015629,0.133411,simplekt,valid,0.813394,0.053947,0.142022,simplekt,0.813394,0.020091,0.006011,0.020091,-0.007718,-0.046037,,,,,nan,nan,nan,nan
algebra2005,0,deep,mlp_stacked,"dkt,sakt,akt,simplekt",112859,92945,0.832834,0.00926,0.130515,0.827474,0.015629,0.133411,simplekt,valid,0.813394,0.053947,0.142022,simplekt,0.813394,0.01944,0.00536,0.01944,-0.006369,-0.044687,,,,,nan,nan,nan,nan
algebra2005,1,classical,logistic_stacked,"bkt,pfa,pfa_recency,elorasch",112651,93595,0.758625,0.017044,0.150641,0.755001,0.026816,0.152536,bkt,valid,0.750079,0.01567,0.15231,bkt,0.750079,0.008545,0.003624,0.008545,-0.009772,0.001374,0.724383,-0.031208,0.168011,0.42556,,,,
algebra2005,1,classical,ridge_stacked,"bkt,pfa,pfa_recency,elorasch",112651,93595,0.758625,0.017067,0.150641,0.755001,0.026816,0.152536,bkt,valid,0.750079,0.01567,0.15231,bkt,0.750079,0.008546,0.003624,0.008546,-0.009749,0.001397,0.724476,-0.03132,0.168058,0.425643,,,,
algebra2005,1,classical,bma,"bkt,pfa,pfa_recency,elorasch",112651,93595,0.750079,0.01567,0.15231,0.755001,0.026816,0.152536,bkt,valid,0.750079,0.01567,0.15231,bkt,0.750079,0.0,-0.004921,0.0,-0.011146,0.0,1.0,0.0,0.0,0.0,,,,
algebra2005,1,classical,xgb_stacked,"bkt,pfa,pfa_recency,elorasch",112651,93595,0.762464,0.016093,0.149309,0.755001,0.026816,0.152536,bkt,valid,0.750079,0.01567,0.15231,bkt,0.750079,0.012384,0.007463,0.012384,-0.010723,0.000424,nan,nan,nan,nan,,,,
algebra2005,1,classical,mlp_stacked,"bkt,pfa,pfa_recency,elorasch",112651,93595,0.759389,0.014737,0.150095,0.755001,0.026816,0.152536,bkt,valid,0.750079,0.01567,0.15231,bkt,0.750079,0.009309,0.004388,0.009309,-0.012078,-0.000932,nan,nan,nan,nan,,,,
algebra2005,1,deep,logistic_stacked,"dkt,sakt,akt,simplekt",111871,92945,0.827877,0.013655,0.132957,0.82352,0.019776,0.135234,simplekt,valid,0.814078,0.048824,0.141077,simplekt,0.814078,0.013799,0.004356,0.013799,-0.006121,-0.035169,,,,,0.529031,-0.046993,0.157499,0.3263
algebra2005,1,deep,ridge_stacked,"dkt,sakt,akt,simplekt",111871,92945,0.827891,0.013633,0.132958,0.82352,0.019776,0.135234,simplekt,valid,0.814078,0.048824,0.141077,simplekt,0.814078,0.013813,0.00437,0.013813,-0.006144,-0.035191,,,,,0.522566,-0.043318,0.159023,0.32488
algebra2005,1,deep,bma,"dkt,sakt,akt,simplekt",111871,92945,0.808036,0.009147,0.137535,0.82352,0.019776,0.135234,simplekt,valid,0.814078,0.048824,0.141077,simplekt,0.814078,-0.006042,-0.015485,-0.006042,-0.010629,-0.039677,,,,,1.0,0.0,0.0,0.0
algebra2005,1,deep,xgb_stacked,"dkt,sakt,akt,simplekt",111871,92945,0.8301,0.008783,0.131656,0.82352,0.019776,0.135234,simplekt,valid,0.814078,0.048824,0.141077,simplekt,0.814078,0.016022,0.00658,0.016022,-0.010993,-0.040041,,,,,nan,nan,nan,nan
algebra2005,1,deep,mlp_stacked,"dkt,sakt,akt,simplekt",111871,92945,0.830248,0.00943,0.131654,0.82352,0.019776,0.135234,simplekt,valid,0.814078,0.048824,0.141077,simplekt,0.814078,0.01617,0.006728,0.01617,-0.010347,-0.039394,,,,,nan,nan,nan,nan
algebra2005,2,classical,logistic_stacked,"bkt,pfa,pfa_recency,elorasch",101425,93595,0.75754,0.011937,0.150356,0.753908,0.027419,0.15273,bkt,valid,0.750231,0.012839,0.152387,bkt,0.750231,0.007309,0.003632,0.007309,-0.015481,-0.000902,0.694022,0.009041,0.151342,0.328483,,,,
algebra2005,2,classical,ridge_stacked,"bkt,pfa,pfa_recency,elorasch",101425,93595,0.757539,0.011921,0.150356,0.753908,0.027419,0.15273,bkt,valid,0.750231,0.012839,0.152387,bkt,0.750231,0.007308,0.003632,0.007308,-0.015498,-0.000918,0.694392,0.008361,0.152079,0.32817,,,,
algebra2005,2,classical,bma,"bkt,pfa,pfa_recency,elorasch",101425,93595,0.750231,0.012839,0.152387,0.753908,0.027419,0.15273,bkt,valid,0.750231,0.012839,0.152387,bkt,0.750231,0.0,-0.003677,0.0,-0.014579,0.0,1.0,0.0,0.0,0.0,,,,
algebra2005,2,classical,xgb_stacked,"bkt,pfa,pfa_recency,elorasch",101425,93595,0.76135,0.006367,0.149372,0.753908,0.027419,0.15273,bkt,valid,0.750231,0.012839,0.152387,bkt,0.750231,0.011119,0.007442,0.011119,-0.021051,-0.006472,nan,nan,nan,nan,,,,
algebra2005,2,classical,mlp_stacked,"bkt,pfa,pfa_recency,elorasch",101425,93595,0.759168,0.011035,0.149872,0.753908,0.027419,0.15273,bkt,valid,0.750231,0.012839,0.152387,bkt,0.750231,0.008937,0.00526,0.008937,-0.016383,-0.001804,nan,nan,nan,nan,,,,
algebra2005,2,deep,logistic_stacked,"dkt,sakt,akt,simplekt",100740,92945,0.831876,0.010298,0.131002,0.825598,0.02127,0.134294,simplekt,valid,0.815247,0.06492,0.1417,simplekt,0.815247,0.01663,0.006278,0.01663,-0.010972,-0.054622,,,,,0.550979,-0.074935,0.072408,0.359966
algebra2005,2,deep,ridge_stacked,"dkt,sakt,akt,simplekt",100740,92945,0.831903,0.010307,0.131006,0.825598,0.02127,0.134294,simplekt,valid,0.815247,0.06492,0.1417,simplekt,0.815247,0.016657,0.006305,0.016657,-0.010963,-0.054613,,,,,0.542364,-0.070075,0.075147,0.358299
algebra2005,2,deep,bma,"dkt,sakt,akt,simplekt",100740,92945,0.808664,0.010157,0.137157,0.825598,0.02127,0.134294,simplekt,valid,0.815247,0.06492,0.1417,simplekt,0.815247,-0.006582,-0.016934,-0.006582,-0.011113,-0.054763,,,,,1.0,0.0,0.0,0.0
algebra2005,2,deep,xgb_stacked,"dkt,sakt,akt,simplekt",100740,92945,0.833615,0.004957,0.130015,0.825598,0.02127,0.134294,simplekt,valid,0.815247,0.06492,0.1417,simplekt,0.815247,0.018369,0.008017,0.018369,-0.016314,-0.059963,,,,,nan,nan,nan,nan
algebra2005,2,deep,mlp_stacked,"dkt,sakt,akt,simplekt",100740,92945,0.833543,0.023889,0.130886,0.825598,0.02127,0.134294,simplekt,valid,0.815247,0.06492,0.1417,simplekt,0.815247,0.018296,0.007944,0.018296,0.002618,-0.041031,,,,,nan,nan,nan,nan
algebra2005,3,classical,logistic_stacked,"bkt,pfa,pfa_recency,elorasch",95608,93595,0.757821,0.013048,0.150326,0.753988,0.027804,0.152761,bkt,valid,0.750609,0.014198,0.152319,bkt,0.750609,0.007213,0.003833,0.007213,-0.014756,-0.001151,0.733205,-0.151157,0.294102,0.317466,,,,
algebra2005,3,classical,ridge_stacked,"bkt,pfa,pfa_recency,elorasch",95608,93595,0.757821,0.013029,0.150326,0.753988,0.027804,0.152761,bkt,valid,0.750609,0.014198,0.152319,bkt,0.750609,0.007213,0.003833,0.007213,-0.014775,-0.001169,0.733352,-0.151518,0.294367,0.317509,,,,
algebra2005,3,classical,bma,"bkt,pfa,pfa_recency,elorasch",95608,93595,0.750609,0.014198,0.152319,0.753988,0.027804,0.152761,bkt,valid,0.750609,0.014198,0.152319,bkt,0.750609,0.0,-0.003379,0.0,-0.013606,0.0,1.0,0.0,0.0,0.0,,,,
algebra2005,3,classical,xgb_stacked,"bkt,pfa,pfa_recency,elorasch",95608,93595,0.761452,0.005331,0.149246,0.753988,0.027804,0.152761,bkt,valid,0.750609,0.014198,0.152319,bkt,0.750609,0.010843,0.007463,0.010843,-0.022473,-0.008867,nan,nan,nan,nan,,,,
algebra2005,3,classical,mlp_stacked,"bkt,pfa,pfa_recency,elorasch",95608,93595,0.758348,0.009012,0.150039,0.753988,0.027804,0.152761,bkt,valid,0.750609,0.014198,0.152319,bkt,0.750609,0.007739,0.00436,0.007739,-0.018792,-0.005186,nan,nan,nan,nan,,,,
algebra2005,3,deep,logistic_stacked,"dkt,sakt,akt,simplekt",94885,92945,0.832396,0.011969,0.130976,0.826563,0.020265,0.134031,simplekt,valid,0.816694,0.066559,0.141712,simplekt,0.816694,0.015702,0.005833,0.015702,-0.008295,-0.05459,,,,,0.511192,-0.085867,0.114789,0.34162
algebra2005,3,deep,ridge_stacked,"dkt,sakt,akt,simplekt",94885,92945,0.832425,0.012088,0.130984,0.826563,0.020265,0.134031,simplekt,valid,0.816694,0.066559,0.141712,simplekt,0.816694,0.015731,0.005862,0.015731,-0.008176,-0.054471,,,,,0.502354,-0.080664,0.116368,0.340618
algebra2005,3,deep,bma,"dkt,sakt,akt,simplekt",94885,92945,0.80915,0.010041,0.137183,0.826563,0.020265,0.134031,simplekt,valid,0.816694,0.066559,0.141712,simplekt,0.816694,-0.007544,-0.017413,-0.007544,-0.010223,-0.056518,,,,,1.0,0.0,0.0,0.0
algebra2005,3,deep,xgb_stacked,"dkt,sakt,akt,simplekt",94885,92945,0.833762,0.005209,0.13,0.826563,0.020265,0.134031,simplekt,valid,0.816694,0.066559,0.141712,simplekt,0.816694,0.017068,0.007199,0.017068,-0.015055,-0.06135,,,,,nan,nan,nan,nan
algebra2005,3,deep,mlp_stacked,"dkt,sakt,akt,simplekt",94885,92945,0.83375,0.005333,0.130138,0.826563,0.020265,0.134031,simplekt,valid,0.816694,0.066559,0.141712,simplekt,0.816694,0.017056,0.007187,0.017056,-0.014931,-0.061226,,,,,nan,nan,nan,nan
algebra2005,4,classical,logistic_stacked,"bkt,pfa,pfa_recency,elorasch",90089,93595,0.758038,0.011547,0.150257,0.754031,0.02792,0.152736,bkt,valid,0.750802,0.01546,0.152331,bkt,0.750802,0.007236,0.004007,0.007236,-0.016373,-0.003913,0.664146,-0.087867,0.254548,0.33293,,,,
algebra2005,4,classical,ridge_stacked,"bkt,pfa,pfa_recency,elorasch",90089,93595,0.758039,0.01155,0.150257,0.754031,0.02792,0.152736,bkt,valid,0.750802,0.01546,0.152331,bkt,0.750802,0.007236,0.004008,0.007236,-0.01637,-0.00391,0.664291,-0.088163,0.254763,0.332949,,,,
algebra2005,4,classical,bma,"bkt,pfa,pfa_recency,elorasch",90089,93595,0.750802,0.01546,0.152331,0.754031,0.02792,0.152736,bkt,valid,0.750802,0.01546,0.152331,bkt,0.750802,0.0,-0.003229,0.0,-0.01246,0.0,1.0,0.0,0.0,0.0,,,,
algebra2005,4,classical,xgb_stacked,"bkt,pfa,pfa_recency,elorasch",90089,93595,0.760516,0.005081,0.149314,0.754031,0.02792,0.152736,bkt,valid,0.750802,0.01546,0.152331,bkt,0.750802,0.009714,0.006485,0.009714,-0.022839,-0.010379,nan,nan,nan,nan,,,,
algebra2005,4,classical,mlp_stacked,"bkt,pfa,pfa_recency,elorasch",90089,93595,0.758609,0.007765,0.150026,0.754031,0.02792,0.152736,bkt,valid,0.750802,0.01546,0.152331,bkt,0.750802,0.007806,0.004578,0.007806,-0.020155,-0.007695,nan,nan,nan,nan,,,,
algebra2005,4,deep,logistic_stacked,"dkt,sakt,akt,simplekt",89450,92945,0.830624,0.014112,0.131937,0.826365,0.018225,0.134303,akt,valid,0.813399,0.027323,0.139301,akt,0.813399,0.017226,0.004259,0.017226,-0.004113,-0.013211,,,,,0.551746,-0.124638,0.226239,0.272891
algebra2005,4,deep,ridge_stacked,"dkt,sakt,akt,simplekt",89450,92945,0.830673,0.014355,0.131943,0.826365,0.018225,0.134303,akt,valid,0.813399,0.027323,0.139301,akt,0.813399,0.017274,0.004307,0.017274,-0.003871,-0.012968,,,,,0.54296,-0.118047,0.226503,0.271571
algebra2005,4,deep,bma,"dkt,sakt,akt,simplekt",89450,92945,0.811403,0.012945,0.136463,0.826365,0.018225,0.134303,akt,valid,0.813399,0.027323,0.139301,akt,0.813399,-0.001996,-0.014962,-0.001996,-0.00528,-0.014378,,,,,1.0,0.0,0.0,0.0
algebra2005,4,deep,xgb_stacked,"dkt,sakt,akt,simplekt",89450,92945,0.833427,0.005814,0.130349,0.826365,0.018225,0.134303,akt,valid,0.813399,0.027323,0.139301,akt,0.813399,0.020028,0.007062,0.020028,-0.012412,-0.02151,,,,,nan,nan,nan,nan
algebra2005,4,deep,mlp_stacked,"dkt,sakt,akt,simplekt",89450,92945,0.8329,0.005841,0.130593,0.826365,0.018225,0.134303,akt,valid,0.813399,0.027323,0.139301,akt,0.813399,0.019501,0.006535,0.019501,-0.012385,-0.021482,,,,,nan,nan,nan,nan
bridge2algebra2006,0,classical,logistic_stacked,"bkt,pfa,pfa_recency,elorasch",278277,354262,0.758376,0.006262,0.114805,0.758094,0.032915,0.11638,pfa_recency,valid,0.74856,0.011658,0.117097,pfa_recency,0.74856,0.009816,0.000282,0.009816,-0.026653,-0.005396,0.548921,-0.054707,0.459199,0.313052,,,,
bridge2algebra2006,0,classical,ridge_stacked,"bkt,pfa,pfa_recency,elorasch",278277,354262,0.758396,0.006233,0.114804,0.758094,0.032915,0.11638,pfa_recency,valid,0.74856,0.011658,0.117097,pfa_recency,0.74856,0.009836,0.000302,0.009836,-0.026682,-0.005425,0.546759,-0.032321,0.439351,0.308048,,,,
bridge2algebra2006,0,classical,bma,"bkt,pfa,pfa_recency,elorasch",278277,354262,0.74681,0.00952,0.116372,0.758094,0.032915,0.11638,pfa_recency,valid,0.74856,0.011658,0.117097,pfa_recency,0.74856,-0.00175,-0.011284,-0.00175,-0.023395,-0.002138,1.0,0.0,0.0,0.0,,,,
bridge2algebra2006,0,classical,xgb_stacked,"bkt,pfa,pfa_recency,elorasch",278277,354262,0.761402,0.002847,0.114344,0.758094,0.032915,0.11638,pfa_recency,valid,0.74856,0.011658,0.117097,pfa_recency,0.74856,0.012842,0.003308,0.012842,-0.030068,-0.008811,nan,nan,nan,nan,,,,
bridge2algebra2006,0,classical,mlp_stacked,"bkt,pfa,pfa_recency,elorasch",278277,354262,0.759511,0.005836,0.114584,0.758094,0.032915,0.11638,pfa_recency,valid,0.74856,0.011658,0.117097,pfa_recency,0.74856,0.010951,0.001417,0.010951,-0.027079,-0.005822,nan,nan,nan,nan,,,,
bridge2algebra2006,0,deep,logistic_stacked,"dkt,sakt,akt,simplekt",276786,352370,0.819735,0.003304,0.104387,0.814689,0.012291,0.105762,simplekt,valid,0.807972,0.008721,0.107056,simplekt,0.807972,0.011763,0.005047,0.011763,-0.008986,-0.005416,,,,,0.440682,-0.094198,0.285064,0.423906
bridge2algebra2006,0,deep,ridge_stacked,"dkt,sakt,akt,simplekt",276786,352370,0.819735,0.003304,0.104387,0.814689,0.012291,0.105762,simplekt,valid,0.807972,0.008721,0.107056,simplekt,0.807972,0.011763,0.005047,0.011763,-0.008986,-0.005416,,,,,0.440682,-0.094198,0.285064,0.423906
bridge2algebra2006,0,deep,bma,"dkt,sakt,akt,simplekt",276786,352370,0.807972,0.008721,0.107056,0.814689,0.012291,0.105762,simplekt,valid,0.807972,0.008721,0.107056,simplekt,0.807972,0.0,-0.006716,0.0,-0.00357,0.0,,,,,0.0,0.0,0.0,1.0
bridge2algebra2006,0,deep,xgb_stacked,"dkt,sakt,akt,simplekt",276786,352370,0.82008,0.002735,0.104142,0.814689,0.012291,0.105762,simplekt,valid,0.807972,0.008721,0.107056,simplekt,0.807972,0.012108,0.005392,0.012108,-0.009555,-0.005986,,,,,nan,nan,nan,nan
bridge2algebra2006,0,deep,mlp_stacked,"dkt,sakt,akt,simplekt",276786,352370,0.820254,0.003158,0.104087,0.814689,0.012291,0.105762,simplekt,valid,0.807972,0.008721,0.107056,simplekt,0.807972,0.012282,0.005566,0.012282,-0.009132,-0.005562,,,,,nan,nan,nan,nan
bridge2algebra2006,1,classical,logistic_stacked,"bkt,pfa,pfa_recency,elorasch",288069,354262,0.757933,0.007707,0.114862,0.7579,0.033924,0.116472,bkt,valid,0.746771,0.010514,0.116384,pfa_recency,0.748356,0.009577,3.3e-05,0.011163,-0.026217,-0.002807,0.613603,-0.093535,0.440879,0.310249,,,,
bridge2algebra2006,1,classical,ridge_stacked,"bkt,pfa,pfa_recency,elorasch",288069,354262,0.757979,0.007603,0.114856,0.7579,0.033924,0.116472,bkt,valid,0.746771,0.010514,0.116384,pfa_recency,0.748356,0.009622,7.8e-05,0.011208,-0.02632,-0.00291,0.609911,-0.070876,0.42465,0.304141,,,,
bridge2algebra2006,1,classical,bma,"bkt,pfa,pfa_recency,elorasch",288069,354262,0.746771,0.010514,0.116384,0.7579,0.033924,0.116472,bkt,valid,0.746771,0.010514,0.116384,pfa_recency,0.748356,-0.001586,-0.01113,0.0,-0.02341,0.0,1.0,0.0,0.0,0.0,,,,
bridge2algebra2006,1,classical,xgb_stacked,"bkt,pfa,pfa_recency,elorasch",288069,354262,0.76078,0.003602,0.11444,0.7579,0.033924,0.116472,bkt,valid,0.746771,0.010514,0.116384,pfa_recency,0.748356,0.012424,0.00288,0.01401,-0.030322,-0.006912,nan,nan,nan,nan,,,,
bridge2algebra2006,1,classical,mlp_stacked,"bkt,pfa,pfa_recency,elorasch",288069,354262,0.759497,0.003745,0.114538,0.7579,0.033924,0.116472,bkt,valid,0.746771,0.010514,0.116384,pfa_recency,0.748356,0.011141,0.001596,0.012726,-0.030178,-0.006768,nan,nan,nan,nan,,,,
bridge2algebra2006,1,deep,logistic_stacked,"dkt,sakt,akt,simplekt",286535,352370,0.821489,0.00363,0.103709,0.816829,0.013602,0.105225,akt,valid,0.806718,0.006749,0.107502,akt,0.806718,0.014771,0.00466,0.014771,-0.009972,-0.003119,,,,,0.440029,-0.113522,0.310278,0.39211
bridge2algebra2006,1,deep,ridge_stacked,"dkt,sakt,akt,simplekt",286535,352370,0.821488,0.003636,0.103709,0.816829,0.013602,0.105225,akt,valid,0.806718,0.006749,0.107502,akt,0.806718,0.014771,0.00466,0.014771,-0.009966,-0.003113,,,,,0.440052,-0.113551,0.310281,0.392117
bridge2algebra2006,1,deep,bma,"dkt,sakt,akt,simplekt",286535,352370,0.806718,0.006749,0.107502,0.816829,0.013602,0.105225,akt,valid,0.806718,0.006749,0.107502,akt,0.806718,0.0,-0.010111,0.0,-0.006854,0.0,,,,,0.0,0.0,1.0,0.0
bridge2algebra2006,1,deep,xgb_stacked,"dkt,sakt,akt,simplekt",286535,352370,0.822175,0.003311,0.103428,0.816829,0.013602,0.105225,akt,valid,0.806718,0.006749,0.107502,akt,0.806718,0.015458,0.005347,0.015458,-0.010292,-0.003438,,,,,nan,nan,nan,nan
bridge2algebra2006,1,deep,mlp_stacked,"dkt,sakt,akt,simplekt",286535,352370,0.822402,0.003728,0.103397,0.816829,0.013602,0.105225,akt,valid,0.806718,0.006749,0.107502,akt,0.806718,0.015685,0.005574,0.015685,-0.009875,-0.003021,,,,,nan,nan,nan,nan
bridge2algebra2006,2,classical,logistic_stacked,"bkt,pfa,pfa_recency,elorasch",303170,354262,0.758282,0.007817,0.114828,0.757779,0.031696,0.116324,pfa_recency,valid,0.748654,0.011067,0.117095,pfa_recency,0.748654,0.009628,0.000503,0.009628,-0.023878,-0.003249,0.540063,0.049261,0.386633,0.218126,,,,
bridge2algebra2006,2,classical,ridge_stacked,"bkt,pfa,pfa_recency,elorasch",303170,354262,0.758288,0.007763,0.114829,0.757779,0.031696,0.116324,pfa_recency,valid,0.748654,0.011067,0.117095,pfa_recency,0.748654,0.009635,0.00051,0.009635,-0.023933,-0.003304,0.537296,0.057679,0.380461,0.217752,,,,
bridge2algebra2006,2,classical,bma,"bkt,pfa,pfa_recency,elorasch",303170,354262,0.746254,0.008851,0.116368,0.757779,0.031696,0.116324,pfa_recency,valid,0.748654,0.011067,0.117095,pfa_recency,0.748654,-0.0024,-0.011525,-0.0024,-0.022845,-0.002216,1.0,0.0,0.0,0.0,,,,
bridge2algebra2006,2,classical,xgb_stacked,"bkt,pfa,pfa_recency,elorasch",303170,354262,0.761124,0.004179,0.114397,0.757779,0.031696,0.116324,pfa_recency,valid,0.748654,0.011067,0.117095,pfa_recency,0.748654,0.01247,0.003345,0.01247,-0.027516,-0.006887,nan,nan,nan,nan,,,,
bridge2algebra2006,2,classical,mlp_stacked,"bkt,pfa,pfa_recency,elorasch",303170,354262,0.759458,0.005774,0.114525,0.757779,0.031696,0.116324,pfa_recency,valid,0.748654,0.011067,0.117095,pfa_recency,0.748654,0.010804,0.001679,0.010804,-0.025921,-0.005292,nan,nan,nan,nan,,,,
bridge2algebra2006,2,deep,logistic_stacked,"dkt,sakt,akt,simplekt",301562,352370,0.821535,0.003645,0.103815,0.817075,0.013361,0.105042,akt,valid,0.807446,0.007236,0.107317,akt,0.807446,0.014089,0.00446,0.014089,-0.009716,-0.00359,,,,,0.412379,-0.06688,0.302717,0.385809
bridge2algebra2006,2,deep,ridge_stacked,"dkt,sakt,akt,simplekt",301562,352370,0.821535,0.003645,0.103815,0.817075,0.013361,0.105042,akt,valid,0.807446,0.007236,0.107317,akt,0.807446,0.014089,0.00446,0.014089,-0.009716,-0.00359,,,,,0.412379,-0.06688,0.302717,0.385809
bridge2algebra2006,2,deep,bma,"dkt,sakt,akt,simplekt",301562,352370,0.807446,0.007236,0.107317,0.817075,0.013361,0.105042,akt,valid,0.807446,0.007236,0.107317,akt,0.807446,0.0,-0.009629,0.0,-0.006125,0.0,,,,,0.0,0.0,1.0,0.0
bridge2algebra2006,2,deep,xgb_stacked,"dkt,sakt,akt,simplekt",301562,352370,0.822236,0.002893,0.103501,0.817075,0.013361,0.105042,akt,valid,0.807446,0.007236,0.107317,akt,0.807446,0.01479,0.005161,0.01479,-0.010468,-0.004342,,,,,nan,nan,nan,nan
bridge2algebra2006,2,deep,mlp_stacked,"dkt,sakt,akt,simplekt",301562,352370,0.821968,0.006948,0.103723,0.817075,0.013361,0.105042,akt,valid,0.807446,0.007236,0.107317,akt,0.807446,0.014522,0.004893,0.014522,-0.006413,-0.000288,,,,,nan,nan,nan,nan
bridge2algebra2006,3,classical,logistic_stacked,"bkt,pfa,pfa_recency,elorasch",309493,354262,0.758437,0.007316,0.114843,0.758077,0.031557,0.116307,pfa_recency,valid,0.748474,0.011135,0.117142,pfa_recency,0.748474,0.009963,0.00036,0.009963,-0.024241,-0.003819,0.544048,-0.086157,0.46707,0.333767,,,,
bridge2algebra2006,3,classical,ridge_stacked,"bkt,pfa,pfa_recency,elorasch",309493,354262,0.758457,0.007217,0.11484,0.758077,0.031557,0.116307,pfa_recency,valid,0.748474,0.011135,0.117142,pfa_recency,0.748474,0.009983,0.00038,0.009983,-0.02434,-0.003918,0.542221,-0.072835,0.454587,0.330953,,,,
bridge2algebra2006,3,classical,bma,"bkt,pfa,pfa_recency,elorasch",309493,354262,0.746117,0.007523,0.116367,0.758077,0.031557,0.116307,pfa_recency,valid,0.748474,0.011135,0.117142,pfa_recency,0.748474,-0.002357,-0.011961,-0.002357,-0.024034,-0.003612,1.0,0.0,0.0,0.0,,,,
bridge2algebra2006,3,classical,xgb_stacked,"bkt,pfa,pfa_recency,elorasch",309493,354262,0.761712,0.002953,0.114376,0.758077,0.031557,0.116307,pfa_recency,valid,0.748474,0.011135,0.117142,pfa_recency,0.748474,0.013238,0.003634,0.013238,-0.028604,-0.008182,nan,nan,nan,nan,,,,
bridge2algebra2006,3,classical,mlp_stacked,"bkt,pfa,pfa_recency,elorasch",309493,354262,0.759516,0.004472,0.114559,0.758077,0.031557,0.116307,pfa_recency,valid,0.748474,0.011135,0.117142,pfa_recency,0.748474,0.011042,0.001439,0.011042,-0.027085,-0.006664,nan,nan,nan,nan,,,,
bridge2algebra2006,3,deep,logistic_stacked,"dkt,sakt,akt,simplekt",307842,352370,0.818379,0.004311,0.104758,0.813184,0.015552,0.106341,akt,valid,0.805745,0.006766,0.107702,akt,0.805745,0.012633,0.005194,0.012633,-0.011241,-0.002455,,,,,0.428271,-0.09206,0.363587,0.353289
bridge2algebra2006,3,deep,ridge_stacked,"dkt,sakt,akt,simplekt",307842,352370,0.818377,0.004257,0.104759,0.813184,0.015552,0.106341,akt,valid,0.805745,0.006766,0.107702,akt,0.805745,0.012632,0.005193,0.012632,-0.011295,-0.002509,,,,,0.426423,-0.089262,0.36306,0.352447
bridge2algebra2006,3,deep,bma,"dkt,sakt,akt,simplekt",307842,352370,0.805745,0.006766,0.107702,0.813184,0.015552,0.106341,akt,valid,0.805745,0.006766,0.107702,akt,0.805745,0.0,-0.007439,0.0,-0.008786,0.0,,,,,0.0,0.0,1.0,0.0
bridge2algebra2006,3,deep,xgb_stacked,"dkt,sakt,akt,simplekt",307842,352370,0.819067,0.004573,0.104452,0.813184,0.015552,0.106341,akt,valid,0.805745,0.006766,0.107702,akt,0.805745,0.013321,0.005882,0.013321,-0.01098,-0.002193,,,,,nan,nan,nan,nan
bridge2algebra2006,3,deep,mlp_stacked,"dkt,sakt,akt,simplekt",307842,352370,0.819252,0.002293,0.104391,0.813184,0.015552,0.106341,akt,valid,0.805745,0.006766,0.107702,akt,0.805745,0.013507,0.006068,0.013507,-0.01326,-0.004473,,,,,nan,nan,nan,nan
bridge2algebra2006,4,classical,logistic_stacked,"bkt,pfa,pfa_recency,elorasch",284203,354262,0.758511,0.006902,0.114768,0.757942,0.03226,0.116353,pfa_recency,valid,0.74841,0.011269,0.117124,pfa_recency,0.74841,0.010101,0.000569,0.010101,-0.025358,-0.004367,0.540042,-0.083409,0.4833,0.252815,,,,
bridge2algebra2006,4,classical,ridge_stacked,"bkt,pfa,pfa_recency,elorasch",284203,354262,0.758535,0.00701,0.114767,0.757942,0.03226,0.116353,pfa_recency,valid,0.74841,0.011269,0.117124,pfa_recency,0.74841,0.010125,0.000593,0.010125,-0.02525,-0.004259,0.538442,-0.059593,0.461407,0.250463,,,,
bridge2algebra2006,4,classical,bma,"bkt,pfa,pfa_recency,elorasch",284203,354262,0.746749,0.010814,0.116325,0.757942,0.03226,0.116353,pfa_recency,valid,0.74841,0.011269,0.117124,pfa_recency,0.74841,-0.001661,-0.011194,-0.001661,-0.021446,-0.000455,1.0,0.0,0.0,0.0,,,,
bridge2algebra2006,4,classical,xgb_stacked,"bkt,pfa,pfa_recency,elorasch",284203,354262,0.760917,0.003533,0.114351,0.757942,0.03226,0.116353,pfa_recency,valid,0.74841,0.011269,0.117124,pfa_recency,0.74841,0.012507,0.002974,0.012507,-0.028727,-0.007736,nan,nan,nan,nan,,,,
bridge2algebra2006,4,classical,mlp_stacked,"bkt,pfa,pfa_recency,elorasch",284203,354262,0.759257,0.006869,0.114559,0.757942,0.03226,0.116353,pfa_recency,valid,0.74841,0.011269,0.117124,pfa_recency,0.74841,0.010847,0.001315,0.010847,-0.02539,-0.0044,nan,nan,nan,nan,,,,
bridge2algebra2006,4,deep,logistic_stacked,"dkt,sakt,akt,simplekt",282684,352370,0.818336,0.002115,0.104515,0.812273,0.015749,0.10594,akt,valid,0.805861,0.009314,0.107894,akt,0.805861,0.012475,0.006063,0.012475,-0.013634,-0.007199,,,,,0.479272,-0.133461,0.30311,0.44104
bridge2algebra2006,4,deep,ridge_stacked,"dkt,sakt,akt,simplekt",282684,352370,0.818336,0.002096,0.104515,0.812273,0.015749,0.10594,akt,valid,0.805861,0.009314,0.107894,akt,0.805861,0.012475,0.006063,0.012475,-0.013652,-0.007217,,,,,0.47901,-0.133092,0.303259,0.440681
bridge2algebra2006,4,deep,bma,"dkt,sakt,akt,simplekt",282684,352370,0.805861,0.009314,0.107894,0.812273,0.015749,0.10594,akt,valid,0.805861,0.009314,0.107894,akt,0.805861,0.0,-0.006412,0.0,-0.006435,0.0,,,,,0.0,0.0,1.0,0.0
bridge2algebra2006,4,deep,xgb_stacked,"dkt,sakt,akt,simplekt",282684,352370,0.818604,0.003126,0.104293,0.812273,0.015749,0.10594,akt,valid,0.805861,0.009314,0.107894,akt,0.805861,0.012743,0.006331,0.012743,-0.012623,-0.006188,,,,,nan,nan,nan,nan
bridge2algebra2006,4,deep,mlp_stacked,"dkt,sakt,akt,simplekt",282684,352370,0.818928,0.011208,0.104389,0.812273,0.015749,0.10594,akt,valid,0.805861,0.009314,0.107894,akt,0.805861,0.013067,0.006655,0.013067,-0.004541,0.001894,,,,,nan,nan,nan,nan
assist2012,0,classical,logistic_stacked,"bkt,pfa,pfa_recency,elorasch",445206,542817,0.696602,0.004561,0.18885,0.689195,0.030603,0.192099,bkt,valid,0.680836,0.008537,0.192349,bkt,0.680836,0.015766,0.007407,0.015766,-0.026041,-0.003975,0.654188,-0.385534,0.43983,0.741215,,,,
assist2012,0,classical,ridge_stacked,"bkt,pfa,pfa_recency,elorasch",445206,542817,0.696602,0.004572,0.18885,0.689195,0.030603,0.192099,bkt,valid,0.680836,0.008537,0.192349,bkt,0.680836,0.015766,0.007407,0.015766,-0.02603,-0.003964,0.654219,-0.385757,0.439995,0.741282,,,,
assist2012,0,classical,bma,"bkt,pfa,pfa_recency,elorasch",445206,542817,0.680836,0.008537,0.192349,0.689195,0.030603,0.192099,bkt,valid,0.680836,0.008537,0.192349,bkt,0.680836,0.0,-0.008359,0.0,-0.022066,0.0,1.0,0.0,0.0,0.0,,,,
assist2012,0,classical,xgb_stacked,"bkt,pfa,pfa_recency,elorasch",445206,542817,0.699518,0.003079,0.188104,0.689195,0.030603,0.192099,bkt,valid,0.680836,0.008537,0.192349,bkt,0.680836,0.018682,0.010323,0.018682,-0.027523,-0.005457,nan,nan,nan,nan,,,,
assist2012,0,classical,mlp_stacked,"bkt,pfa,pfa_recency,elorasch",445206,542817,0.69794,0.003738,0.188466,0.689195,0.030603,0.192099,bkt,valid,0.680836,0.008537,0.192349,bkt,0.680836,0.017104,0.008745,0.017104,-0.026864,-0.004798,nan,nan,nan,nan,,,,
assist2012,0,deep,logistic_stacked,"dkt,sakt,akt,simplekt",439766,536087,0.777844,0.002019,0.166303,0.771622,0.026273,0.169221,akt,valid,0.772909,0.014961,0.168261,akt,0.772909,0.004935,0.006221,0.004935,-0.024254,-0.012942,,,,,0.254746,-0.059596,0.434172,0.40757
assist2012,0,deep,ridge_stacked,"dkt,sakt,akt,simplekt",439766,536087,0.777844,0.002028,0.166303,0.771622,0.026273,0.169221,akt,valid,0.772909,0.014961,0.168261,akt,0.772909,0.004935,0.006221,0.004935,-0.024244,-0.012932,,,,,0.254647,-0.05944,0.434142,0.407527
assist2012,0,deep,bma,"dkt,sakt,akt,simplekt",439766,536087,0.772909,0.014961,0.168261,0.771622,0.026273,0.169221,akt,valid,0.772909,0.014961,0.168261,akt,0.772909,0.0,0.001286,0.0,-0.011312,0.0,,,,,0.0,0.0,1.0,0.0
assist2012,0,deep,xgb_stacked,"dkt,sakt,akt,simplekt",439766,536087,0.777942,0.002049,0.166265,0.771622,0.026273,0.169221,akt,valid,0.772909,0.014961,0.168261,akt,0.772909,0.005034,0.00632,0.005034,-0.024224,-0.012912,,,,,nan,nan,nan,nan
assist2012,0,deep,mlp_stacked,"dkt,sakt,akt,simplekt",439766,536087,0.777969,0.003377,0.16626,0.771622,0.026273,0.169221,akt,valid,0.772909,0.014961,0.168261,akt,0.772909,0.00506,0.006347,0.00506,-0.022895,-0.011583,,,,,nan,nan,nan,nan
assist2012,1,classical,logistic_stacked,"bkt,pfa,pfa_recency,elorasch",437974,542817,0.696577,0.00398,0.188873,0.689175,0.031097,0.192133,bkt,valid,0.680724,0.008243,0.192339,bkt,0.680724,0.015853,0.007402,0.015853,-0.027117,-0.004264,0.625428,-0.411895,0.489163,0.770855,,,,
assist2012,1,classical,ridge_stacked,"bkt,pfa,pfa_recency,elorasch",437974,542817,0.696577,0.003977,0.188872,0.689175,0.031097,0.192133,bkt,valid,0.680724,0.008243,0.192339,bkt,0.680724,0.015853,0.007402,0.015853,-0.02712,-0.004266,0.625458,-0.412142,0.489353,0.770917,,,,
assist2012,1,classical,bma,"bkt,pfa,pfa_recency,elorasch",437974,542817,0.680724,0.008243,0.192339,0.689175,0.031097,0.192133,bkt,valid,0.680724,0.008243,0.192339,bkt,0.680724,0.0,-0.008451,0.0,-0.022854,0.0,1.0,0.0,0.0,0.0,,,,
assist2012,1,classical,xgb_stacked,"bkt,pfa,pfa_recency,elorasch",437974,542817,0.699815,0.001887,0.188033,0.689175,0.031097,0.192133,bkt,valid,0.680724,0.008243,0.192339,bkt,0.680724,0.019091,0.01064,0.019091,-0.02921,-0.006356,nan,nan,nan,nan,,,,
assist2012,1,classical,mlp_stacked,"bkt,pfa,pfa_recency,elorasch",437974,542817,0.697106,0.003187,0.188715,0.689175,0.031097,0.192133,bkt,valid,0.680724,0.008243,0.192339,bkt,0.680724,0.016382,0.007931,0.016382,-0.02791,-0.005056,nan,nan,nan,nan,,,,
assist2012,1,deep,logistic_stacked,"dkt,sakt,akt,simplekt",432602,536087,0.778036,0.002064,0.166272,0.771671,0.024466,0.169108,akt,valid,0.772772,0.014935,0.168316,akt,0.772772,0.005263,0.006365,0.005263,-0.022402,-0.012871,,,,,0.249474,-0.039418,0.432892,0.403791
assist2012,1,deep,ridge_stacked,"dkt,sakt,akt,simplekt",432602,536087,0.778036,0.002064,0.166272,0.771671,0.024466,0.169108,akt,valid,0.772772,0.014935,0.168316,akt,0.772772,0.005263,0.006365,0.005263,-0.022402,-0.012871,,,,,0.249474,-0.039418,0.432892,0.403791
assist2012,1,deep,bma,"dkt,sakt,akt,simplekt",432602,536087,0.772772,0.014935,0.168316,0.771671,0.024466,0.169108,akt,valid,0.772772,0.014935,0.168316,akt,0.772772,0.0,0.001101,0.0,-0.009532,0.0,,,,,0.0,0.0,1.0,0.0
assist2012,1,deep,xgb_stacked,"dkt,sakt,akt,simplekt",432602,536087,0.778085,0.002176,0.166227,0.771671,0.024466,0.169108,akt,valid,0.772772,0.014935,0.168316,akt,0.772772,0.005313,0.006414,0.005313,-0.02229,-0.012759,,,,,nan,nan,nan,nan
assist2012,1,deep,mlp_stacked,"dkt,sakt,akt,simplekt",432602,536087,0.778014,0.005053,0.166305,0.771671,0.024466,0.169108,akt,valid,0.772772,0.014935,0.168316,akt,0.772772,0.005242,0.006343,0.005242,-0.019413,-0.009882,,,,,nan,nan,nan,nan
assist2012,2,classical,logistic_stacked,"bkt,pfa,pfa_recency,elorasch",430248,542817,0.696493,0.003988,0.188889,0.689121,0.030731,0.192148,bkt,valid,0.680908,0.00762,0.192331,bkt,0.680908,0.015585,0.007372,0.015585,-0.026743,-0.003632,0.652115,-0.425042,0.483043,0.747271,,,,
assist2012,2,classical,ridge_stacked,"bkt,pfa,pfa_recency,elorasch",430248,542817,0.696493,0.003974,0.188889,0.689121,0.030731,0.192148,bkt,valid,0.680908,0.00762,0.192331,bkt,0.680908,0.015586,0.007372,0.015586,-0.026757,-0.003646,0.652149,-0.425303,0.483241,0.747335,,,,
assist2012,2,classical,bma,"bkt,pfa,pfa_recency,elorasch",430248,542817,0.680908,0.00762,0.192331,0.689121,0.030731,0.192148,bkt,valid,0.680908,0.00762,0.192331,bkt,0.680908,0.0,-0.008214,0.0,-0.023111,0.0,1.0,0.0,0.0,0.0,,,,
assist2012,2,classical,xgb_stacked,"bkt,pfa,pfa_recency,elorasch",430248,542817,0.699822,0.002172,0.188024,0.689121,0.030731,0.192148,bkt,valid,0.680908,0.00762,0.192331,bkt,0.680908,0.018914,0.010701,0.018914,-0.028558,-0.005448,nan,nan,nan,nan,,,,
assist2012,2,classical,mlp_stacked,"bkt,pfa,pfa_recency,elorasch",430248,542817,0.69812,0.005909,0.188476,0.689121,0.030731,0.192148,bkt,valid,0.680908,0.00762,0.192331,bkt,0.680908,0.017212,0.008999,0.017212,-0.024822,-0.001711,nan,nan,nan,nan,,,,
assist2012,2,deep,logistic_stacked,"dkt,sakt,akt,simplekt",424912,536087,0.777755,0.001825,0.16635,0.770889,0.024337,0.169446,akt,valid,0.771735,0.014769,0.168718,akt,0.771735,0.00602,0.006866,0.00602,-0.022513,-0.012944,,,,,0.253301,-0.068413,0.389395,0.462084
assist2012,2,deep,ridge_stacked,"dkt,sakt,akt,simplekt",424912,536087,0.777755,0.001824,0.16635,0.770889,0.024337,0.169446,akt,valid,0.771735,0.014769,0.168718,akt,0.771735,0.00602,0.006866,0.00602,-0.022513,-0.012945,,,,,0.253189,-0.068245,0.389404,0.461996
assist2012,2,deep,bma,"dkt,sakt,akt,simplekt",424912,536087,0.771,0.008496,0.168528,0.770889,0.024337,0.169446,akt,valid,0.771735,0.014769,0.168718,akt,0.771735,-0.000735,0.000111,-0.000735,-0.015841,-0.006273,,,,,0.0,0.0,0.0,1.0
assist2012,2,deep,xgb_stacked,"dkt,sakt,akt,simplekt",424912,536087,0.777955,0.001595,0.166248,0.770889,0.024337,0.169446,akt,valid,0.771735,0.014769,0.168718,akt,0.771735,0.006221,0.007066,0.006221,-0.022743,-0.013175,,,,,nan,nan,nan,nan
assist2012,2,deep,mlp_stacked,"dkt,sakt,akt,simplekt",424912,536087,0.777991,0.012276,0.166429,0.770889,0.024337,0.169446,akt,valid,0.771735,0.014769,0.168718,akt,0.771735,0.006256,0.007102,0.006256,-0.012061,-0.002493,,,,,nan,nan,nan,nan
assist2012,3,classical,logistic_stacked,"bkt,pfa,pfa_recency,elorasch",424542,542817,0.696656,0.004079,0.188888,0.689154,0.030833,0.192137,bkt,valid,0.680942,0.008015,0.192335,bkt,0.680942,0.015715,0.007502,0.015715,-0.026753,-0.003936,0.632997,-0.412332,0.491811,0.774055,,,,
assist2012,3,classical,ridge_stacked,"bkt,pfa,pfa_recency,elorasch",424542,542817,0.696657,0.004077,0.188888,0.689154,0.030833,0.192137,bkt,valid,0.680942,0.008015,0.192335,bkt,0.680942,0.015715,0.007502,0.015715,-0.026755,-0.003938,0.633017,-0.412563,0.492005,0.774111,,,,
assist2012,3,classical,bma,"bkt,pfa,pfa_recency,elorasch",424542,542817,0.680942,0.008015,0.192335,0.689154,0.030833,0.192137,bkt,valid,0.680942,0.008015,0.192335,bkt,0.680942,0.0,-0.008213,0.0,-0.022818,0.0,1.0,0.0,0.0,0.0,,,,
assist2012,3,classical,xgb_stacked,"bkt,pfa,pfa_recency,elorasch",424542,542817,0.699606,0.001958,0.188072,0.689154,0.030833,0.192137,bkt,valid,0.680942,0.008015,0.192335,bkt,0.680942,0.018665,0.010452,0.018665,-0.028874,-0.006056,nan,nan,nan,nan,,,,
assist2012,3,classical,mlp_stacked,"bkt,pfa,pfa_recency,elorasch",424542,542817,0.697139,0.01312,0.188897,0.689154,0.030833,0.192137,bkt,valid,0.680942,0.008015,0.192335,bkt,0.680942,0.016198,0.007985,0.016198,-0.017713,0.005105,nan,nan,nan,nan,,,,
assist2012,3,deep,logistic_stacked,"dkt,sakt,akt,simplekt",419158,536087,0.777817,0.001666,0.166318,0.771283,0.024788,0.169284,akt,valid,0.771509,0.014137,0.168699,akt,0.771509,0.006308,0.006534,0.006308,-0.023122,-0.012471,,,,,0.282286,-0.060023,0.376199,0.458811
assist2012,3,deep,ridge_stacked,"dkt,sakt,akt,simplekt",419158,536087,0.777817,0.001664,0.166318,0.771283,0.024788,0.169284,akt,valid,0.771509,0.014137,0.168699,akt,0.771509,0.006308,0.006534,0.006308,-0.023124,-0.012472,,,,,0.282169,-0.059858,0.376214,0.458724
assist2012,3,deep,bma,"dkt,sakt,akt,simplekt",419158,536087,0.770207,0.015383,0.16909,0.771283,0.024788,0.169284,akt,valid,0.771509,0.014137,0.168699,akt,0.771509,-0.001302,-0.001076,-0.001302,-0.009406,0.001246,,,,,0.0,0.0,0.0,1.0
assist2012,3,deep,xgb_stacked,"dkt,sakt,akt,simplekt",419158,536087,0.777875,0.002317,0.166282,0.771283,0.024788,0.169284,akt,valid,0.771509,0.014137,0.168699,akt,0.771509,0.006366,0.006592,0.006366,-0.022471,-0.011819,,,,,nan,nan,nan,nan
assist2012,3,deep,mlp_stacked,"dkt,sakt,akt,simplekt",419158,536087,0.777914,0.00778,0.166343,0.771283,0.024788,0.169284,akt,valid,0.771509,0.014137,0.168699,akt,0.771509,0.006406,0.006632,0.006406,-0.017008,-0.006357,,,,,nan,nan,nan,nan
assist2012,4,classical,logistic_stacked,"bkt,pfa,pfa_recency,elorasch",428860,542817,0.696552,0.004083,0.188875,0.689175,0.0307,0.192109,bkt,valid,0.680866,0.008151,0.192325,bkt,0.680866,0.015686,0.007377,0.015686,-0.026617,-0.004067,0.620377,-0.40424,0.49755,0.74273,,,,
assist2012,4,classical,ridge_stacked,"bkt,pfa,pfa_recency,elorasch",428860,542817,0.696552,0.004088,0.188875,0.689175,0.0307,0.192109,bkt,valid,0.680866,0.008151,0.192325,bkt,0.680866,0.015686,0.007377,0.015686,-0.026612,-0.004063,0.620405,-0.404484,0.497746,0.742783,,,,
assist2012,4,classical,bma,"bkt,pfa,pfa_recency,elorasch",428860,542817,0.680866,0.008151,0.192325,0.689175,0.0307,0.192109,bkt,valid,0.680866,0.008151,0.192325,bkt,0.680866,0.0,-0.008309,0.0,-0.022549,0.0,1.0,0.0,0.0,0.0,,,,
assist2012,4,classical,xgb_stacked,"bkt,pfa,pfa_recency,elorasch",428860,542817,0.69971,0.002552,0.188084,0.689175,0.0307,0.192109,bkt,valid,0.680866,0.008151,0.192325,bkt,0.680866,0.018844,0.010535,0.018844,-0.028148,-0.005599,nan,nan,nan,nan,,,,
assist2012,4,classical,mlp_stacked,"bkt,pfa,pfa_recency,elorasch",428860,542817,0.697905,0.008078,0.18858,0.689175,0.0307,0.192109,bkt,valid,0.680866,0.008151,0.192325,bkt,0.680866,0.017039,0.00873,0.017039,-0.022622,-7.3e-05,nan,nan,nan,nan,,,,
assist2012,4,deep,logistic_stacked,"dkt,sakt,akt,simplekt",423475,536087,0.778014,0.002003,0.166279,0.771679,0.022791,0.169189,akt,valid,0.772492,0.01261,0.168315,akt,0.772492,0.005522,0.006335,0.005522,-0.020789,-0.010608,,,,,0.267593,-0.074515,0.395365,0.422468
assist2012,4,deep,ridge_stacked,"dkt,sakt,akt,simplekt",423475,536087,0.778014,0.002003,0.166279,0.771679,0.022791,0.169189,akt,valid,0.772492,0.01261,0.168315,akt,0.772492,0.005522,0.006335,0.005522,-0.020788,-0.010607,,,,,0.267604,-0.07453,0.395367,0.422473
assist2012,4,deep,bma,"dkt,sakt,akt,simplekt",423475,536087,0.772492,0.01261,0.168315,0.771679,0.022791,0.169189,akt,valid,0.772492,0.01261,0.168315,akt,0.772492,0.0,0.000814,0.0,-0.010181,0.0,,,,,0.0,0.0,1.0,0.0
assist2012,4,deep,xgb_stacked,"dkt,sakt,akt,simplekt",423475,536087,0.778183,0.001888,0.16619,0.771679,0.022791,0.169189,akt,valid,0.772492,0.01261,0.168315,akt,0.772492,0.005691,0.006505,0.005691,-0.020904,-0.010723,,,,,nan,nan,nan,nan
assist2012,4,deep,mlp_stacked,"dkt,sakt,akt,simplekt",423475,536087,0.778266,0.00664,0.166227,0.771679,0.022791,0.169189,akt,valid,0.772492,0.01261,0.168315,akt,0.772492,0.005773,0.006587,0.005773,-0.016152,-0.005971,,,,,nan,nan,nan,nan
ednet,0,classical,logistic_stacked,"bkt,pfa,pfa_recency,elorasch",79103,133974,0.647442,0.012341,0.210153,0.639888,0.018808,0.212055,elorasch,valid,0.641491,0.047139,0.213957,elorasch,0.641491,0.005951,0.007554,0.005951,-0.006467,-0.034798,0.506326,-0.058128,0.133226,0.852638,,,,
ednet,0,classical,ridge_stacked,"bkt,pfa,pfa_recency,elorasch",79103,133974,0.647442,0.012347,0.210153,0.639888,0.018808,0.212055,elorasch,valid,0.641491,0.047139,0.213957,elorasch,0.641491,0.005951,0.007554,0.005951,-0.006461,-0.034792,0.506318,-0.05828,0.133221,0.853168,,,,
ednet,0,classical,bma,"bkt,pfa,pfa_recency,elorasch",79103,133974,0.62951,0.018786,0.213726,0.639888,0.018808,0.212055,elorasch,valid,0.641491,0.047139,0.213957,elorasch,0.641491,-0.011981,-0.010378,-0.011981,-2.3e-05,-0.028353,1.0,0.0,0.0,0.0,,,,
ednet,0,classical,xgb_stacked,"bkt,pfa,pfa_recency,elorasch",79103,133974,0.647878,0.008873,0.209904,0.639888,0.018808,0.212055,elorasch,valid,0.641491,0.047139,0.213957,elorasch,0.641491,0.006387,0.007989,0.006387,-0.009935,-0.038265,nan,nan,nan,nan,,,,
ednet,0,classical,mlp_stacked,"bkt,pfa,pfa_recency,elorasch",79103,133974,0.645343,0.006096,0.210597,0.639888,0.018808,0.212055,elorasch,valid,0.641491,0.047139,0.213957,elorasch,0.641491,0.003852,0.005455,0.003852,-0.012712,-0.041042,nan,nan,nan,nan,,,,
ednet,0,deep,logistic_stacked,"dkt,sakt,akt,simplekt",77883,132209,0.665357,0.015092,0.207719,0.63232,0.086524,0.227431,simplekt,valid,0.658462,0.148408,0.237773,simplekt,0.658462,0.006895,0.033037,0.006895,-0.071432,-0.133317,,,,,-0.005402,0.014304,-0.223168,0.419714
ednet,0,deep,ridge_stacked,"dkt,sakt,akt,simplekt",77883,132209,0.665358,0.015122,0.207718,0.63232,0.086524,0.227431,simplekt,valid,0.658462,0.148408,0.237773,simplekt,0.658462,0.006896,0.033037,0.006896,-0.071402,-0.133287,,,,,-0.005386,0.014317,-0.223243,0.419746
ednet,0,deep,bma,"dkt,sakt,akt,simplekt",77883,132209,0.606431,0.090556,0.230781,0.63232,0.086524,0.227431,simplekt,valid,0.658462,0.148408,0.237773,simplekt,0.658462,-0.052031,-0.025889,-0.052031,0.004032,-0.057852,,,,,1.0,0.0,0.0,0.0
ednet,0,deep,xgb_stacked,"dkt,sakt,akt,simplekt",77883,132209,0.680314,0.008049,0.203868,0.63232,0.086524,0.227431,simplekt,valid,0.658462,0.148408,0.237773,simplekt,0.658462,0.021852,0.047994,0.021852,-0.078475,-0.14036,,,,,nan,nan,nan,nan
ednet,0,deep,mlp_stacked,"dkt,sakt,akt,simplekt",77883,132209,0.673458,0.014534,0.205661,0.63232,0.086524,0.227431,simplekt,valid,0.658462,0.148408,0.237773,simplekt,0.658462,0.014996,0.041138,0.014996,-0.07199,-0.133875,,,,,nan,nan,nan,nan
ednet,1,classical,logistic_stacked,"bkt,pfa,pfa_recency,elorasch",111863,133974,0.646918,0.010888,0.210162,0.639509,0.021334,0.212061,elorasch,valid,0.640902,0.04591,0.213805,elorasch,0.640902,0.006016,0.007408,0.006016,-0.010446,-0.035022,0.434709,0.096777,0.016258,0.833478,,,,
ednet,1,classical,ridge_stacked,"bkt,pfa,pfa_recency,elorasch",111863,133974,0.646912,0.010484,0.210167,0.639509,0.021334,0.212061,elorasch,valid,0.640902,0.04591,0.213805,elorasch,0.640902,0.00601,0.007403,0.00601,-0.01085,-0.035426,0.43872,0.095079,0.020858,0.801784,,,,
ednet,1,classical,bma,"bkt,pfa,pfa_recency,elorasch",111863,133974,0.640902,0.04591,0.213805,0.639509,0.021334,0.212061,elorasch,valid,0.640902,0.04591,0.213805,elorasch,0.640902,0.0,0.001393,0.0,0.024576,0.0,0.0,0.0,0.0,1.0,,,,
ednet,1,classical,xgb_stacked,"bkt,pfa,pfa_recency,elorasch",111863,133974,0.647351,0.007266,0.209893,0.639509,0.021334,0.212061,elorasch,valid,0.640902,0.04591,0.213805,elorasch,0.640902,0.006449,0.007842,0.006449,-0.014069,-0.038644,nan,nan,nan,nan,,,,
ednet,1,classical,mlp_stacked,"bkt,pfa,pfa_recency,elorasch",111863,133974,0.647364,0.013564,0.210209,0.639509,0.021334,0.212061,elorasch,valid,0.640902,0.04591,0.213805,elorasch,0.640902,0.006462,0.007855,0.006462,-0.007771,-0.032346,nan,nan,nan,nan,,,,
ednet,1,deep,logistic_stacked,"dkt,sakt,akt,simplekt",110391,132209,0.664904,0.028481,0.208277,0.63288,0.085113,0.227789,simplekt,valid,0.659407,0.132468,0.232739,simplekt,0.659407,0.005498,0.032024,0.005498,-0.056632,-0.103987,,,,,-0.134008,0.025558,-0.134761,0.452521
ednet,1,deep,ridge_stacked,"dkt,sakt,akt,simplekt",110391,132209,0.664905,0.028465,0.208277,0.63288,0.085113,0.227789,simplekt,valid,0.659407,0.132468,0.232739,simplekt,0.659407,0.005498,0.032024,0.005498,-0.056648,-0.104003,,,,,-0.134035,0.025566,-0.134787,0.452551
ednet,1,deep,bma,"dkt,sakt,akt,simplekt",110391,132209,0.606841,0.091434,0.231402,0.63288,0.085113,0.227789,simplekt,valid,0.659407,0.132468,0.232739,simplekt,0.659407,-0.052565,-0.026039,-0.052565,0.006321,-0.041033,,,,,1.0,0.0,0.0,0.0
ednet,1,deep,xgb_stacked,"dkt,sakt,akt,simplekt",110391,132209,0.682529,0.023556,0.203744,0.63288,0.085113,0.227789,simplekt,valid,0.659407,0.132468,0.232739,simplekt,0.659407,0.023122,0.049649,0.023122,-0.061557,-0.108912,,,,,nan,nan,nan,nan
ednet,1,deep,mlp_stacked,"dkt,sakt,akt,simplekt",110391,132209,0.679794,0.033796,0.205082,0.63288,0.085113,0.227789,simplekt,valid,0.659407,0.132468,0.232739,simplekt,0.659407,0.020387,0.046913,0.020387,-0.051318,-0.098672,,,,,nan,nan,nan,nan
ednet,2,classical,logistic_stacked,"bkt,pfa,pfa_recency,elorasch",86355,133974,0.647616,0.011909,0.210149,0.640529,0.017416,0.211954,elorasch,valid,0.641586,0.04684,0.21396,elorasch,0.641586,0.00603,0.007087,0.00603,-0.005507,-0.034931,0.533923,0.037487,0.057081,0.834429,,,,
ednet,2,classical,ridge_stacked,"bkt,pfa,pfa_recency,elorasch",86355,133974,0.647609,0.011452,0.210145,0.640529,0.017416,0.211954,elorasch,valid,0.641586,0.04684,0.21396,elorasch,0.641586,0.006023,0.007081,0.006023,-0.005964,-0.035388,0.527367,0.041972,0.065253,0.791869,,,,
ednet,2,classical,bma,"bkt,pfa,pfa_recency,elorasch",86355,133974,0.629019,0.017739,0.213746,0.640529,0.017416,0.211954,elorasch,valid,0.641586,0.04684,0.21396,elorasch,0.641586,-0.012567,-0.01151,-0.012567,0.000323,-0.029101,1.0,0.0,0.0,0.0,,,,
ednet,2,classical,xgb_stacked,"bkt,pfa,pfa_recency,elorasch",86355,133974,0.647883,0.009432,0.209893,0.640529,0.017416,0.211954,elorasch,valid,0.641586,0.04684,0.21396,elorasch,0.641586,0.006297,0.007355,0.006297,-0.007984,-0.037408,nan,nan,nan,nan,,,,
ednet,2,classical,mlp_stacked,"bkt,pfa,pfa_recency,elorasch",86355,133974,0.64819,0.01781,0.21023,0.640529,0.017416,0.211954,elorasch,valid,0.641586,0.04684,0.21396,elorasch,0.641586,0.006604,0.007662,0.006604,0.000394,-0.02903,nan,nan,nan,nan,,,,
ednet,2,deep,logistic_stacked,"dkt,sakt,akt,simplekt",85108,132209,0.662051,0.013229,0.208276,0.632649,0.087569,0.22719,simplekt,valid,0.657867,0.146561,0.237687,simplekt,0.657867,0.004184,0.029402,0.004184,-0.07434,-0.133333,,,,,0.080826,0.047932,-0.225739,0.340596
ednet,2,deep,ridge_stacked,"dkt,sakt,akt,simplekt",85108,132209,0.662051,0.013228,0.208276,0.632649,0.087569,0.22719,simplekt,valid,0.657867,0.146561,0.237687,simplekt,0.657867,0.004185,0.029402,0.004185,-0.074341,-0.133333,,,,,0.080861,0.047951,-0.225817,0.340615
ednet,2,deep,bma,"dkt,sakt,akt,simplekt",85108,132209,0.606587,0.088401,0.230173,0.632649,0.087569,0.22719,simplekt,valid,0.657867,0.146561,0.237687,simplekt,0.657867,-0.05128,-0.026062,-0.05128,0.000832,-0.058161,,,,,1.0,0.0,0.0,0.0
ednet,2,deep,xgb_stacked,"dkt,sakt,akt,simplekt",85108,132209,0.67921,0.006136,0.204164,0.632649,0.087569,0.22719,simplekt,valid,0.657867,0.146561,0.237687,simplekt,0.657867,0.021343,0.046561,0.021343,-0.081433,-0.140426,,,,,nan,nan,nan,nan
ednet,2,deep,mlp_stacked,"dkt,sakt,akt,simplekt",85108,132209,0.674712,0.011329,0.205376,0.632649,0.087569,0.22719,simplekt,valid,0.657867,0.146561,0.237687,simplekt,0.657867,0.016845,0.042063,0.016845,-0.07624,-0.135232,,,,,nan,nan,nan,nan
ednet,3,classical,logistic_stacked,"bkt,pfa,pfa_recency,elorasch",91741,133974,0.646137,0.016856,0.210663,0.640366,0.020375,0.212081,bkt,valid,0.628835,0.018296,0.213744,elorasch,0.641601,0.004536,0.005771,0.017302,-0.003519,-0.00144,0.64961,0.018096,0.057502,0.580081,,,,
ednet,3,classical,ridge_stacked,"bkt,pfa,pfa_recency,elorasch",91741,133974,0.646087,0.017108,0.210673,0.640366,0.020375,0.212081,bkt,valid,0.628835,0.018296,0.213744,elorasch,0.641601,0.004486,0.005721,0.017252,-0.003267,-0.001188,0.638296,0.019501,0.059446,0.559442,,,,
ednet,3,classical,bma,"bkt,pfa,pfa_recency,elorasch",91741,133974,0.628835,0.018296,0.213744,0.640366,0.020375,0.212081,bkt,valid,0.628835,0.018296,0.213744,elorasch,0.641601,-0.012766,-0.011531,0.0,-0.002079,0.0,1.0,0.0,0.0,0.0,,,,
ednet,3,classical,xgb_stacked,"bkt,pfa,pfa_recency,elorasch",91741,133974,0.646052,0.010697,0.21027,0.640366,0.020375,0.212081,bkt,valid,0.628835,0.018296,0.213744,elorasch,0.641601,0.004451,0.005686,0.017217,-0.009678,-0.007598,nan,nan,nan,nan,,,,
ednet,3,classical,mlp_stacked,"bkt,pfa,pfa_recency,elorasch",91741,133974,0.647647,0.011655,0.210185,0.640366,0.020375,0.212081,bkt,valid,0.628835,0.018296,0.213744,elorasch,0.641601,0.006046,0.007281,0.018812,-0.00872,-0.006641,nan,nan,nan,nan,,,,
ednet,3,deep,logistic_stacked,"dkt,sakt,akt,simplekt",90433,132209,0.659729,0.022827,0.209043,0.632972,0.085275,0.226925,simplekt,valid,0.65679,0.145087,0.237052,simplekt,0.65679,0.002939,0.026757,0.002939,-0.062448,-0.12226,,,,,-0.030941,0.024348,-0.078636,0.329061
ednet,3,deep,ridge_stacked,"dkt,sakt,akt,simplekt",90433,132209,0.65973,0.022797,0.209042,0.632972,0.085275,0.226925,simplekt,valid,0.65679,0.145087,0.237052,simplekt,0.65679,0.00294,0.026758,0.00294,-0.062478,-0.12229,,,,,-0.030951,0.024354,-0.078659,0.329079
ednet,3,deep,bma,"dkt,sakt,akt,simplekt",90433,132209,0.606335,0.089656,0.229884,0.632972,0.085275,0.226925,simplekt,valid,0.65679,0.145087,0.237052,simplekt,0.65679,-0.050455,-0.026637,-0.050455,0.004381,-0.055431,,,,,1.0,0.0,0.0,0.0
ednet,3,deep,xgb_stacked,"dkt,sakt,akt,simplekt",90433,132209,0.679488,0.01764,0.20438,0.632972,0.085275,0.226925,simplekt,valid,0.65679,0.145087,0.237052,simplekt,0.65679,0.022698,0.046516,0.022698,-0.067635,-0.127447,,,,,nan,nan,nan,nan
ednet,3,deep,mlp_stacked,"dkt,sakt,akt,simplekt",90433,132209,0.675944,0.033092,0.205958,0.632972,0.085275,0.226925,simplekt,valid,0.65679,0.145087,0.237052,simplekt,0.65679,0.019154,0.042972,0.019154,-0.052183,-0.111995,,,,,nan,nan,nan,nan
ednet,4,classical,logistic_stacked,"bkt,pfa,pfa_recency,elorasch",93564,133974,0.647645,0.010886,0.210099,0.639831,0.017592,0.212003,elorasch,valid,0.641109,0.045742,0.213902,elorasch,0.641109,0.006536,0.007814,0.006536,-0.006706,-0.034856,0.434141,-0.039452,0.108499,0.903738,,,,
ednet,4,classical,ridge_stacked,"bkt,pfa,pfa_recency,elorasch",93564,133974,0.647645,0.010717,0.210098,0.639831,0.017592,0.212003,elorasch,valid,0.641109,0.045742,0.213902,elorasch,0.641109,0.006536,0.007814,0.006536,-0.006875,-0.035025,0.434975,-0.039447,0.109078,0.89893,,,,
ednet,4,classical,bma,"bkt,pfa,pfa_recency,elorasch",93564,133974,0.630503,0.017963,0.213619,0.639831,0.017592,0.212003,elorasch,valid,0.641109,0.045742,0.213902,elorasch,0.641109,-0.010606,-0.009328,-0.010606,0.000371,-0.027779,0.976872,0.0,0.0,0.023128,,,,
ednet,4,classical,xgb_stacked,"bkt,pfa,pfa_recency,elorasch",93564,133974,0.647992,0.00631,0.209791,0.639831,0.017592,0.212003,elorasch,valid,0.641109,0.045742,0.213902,elorasch,0.641109,0.006883,0.008161,0.006883,-0.011282,-0.039432,nan,nan,nan,nan,,,,
ednet,4,classical,mlp_stacked,"bkt,pfa,pfa_recency,elorasch",93564,133974,0.648547,0.007729,0.209888,0.639831,0.017592,0.212003,elorasch,valid,0.641109,0.045742,0.213902,elorasch,0.641109,0.007438,0.008716,0.007438,-0.009863,-0.038013,nan,nan,nan,nan,,,,
ednet,4,deep,logistic_stacked,"dkt,sakt,akt,simplekt",92249,132209,0.660204,0.017402,0.208855,0.630837,0.08795,0.229484,simplekt,valid,0.653691,0.142891,0.238855,simplekt,0.653691,0.006513,0.029367,0.006513,-0.070547,-0.125489,,,,,-0.150478,0.00244,-0.14255,0.504934
ednet,4,deep,ridge_stacked,"dkt,sakt,akt,simplekt",92249,132209,0.660204,0.017416,0.208854,0.630837,0.08795,0.229484,simplekt,valid,0.653691,0.142891,0.238855,simplekt,0.653691,0.006514,0.029368,0.006514,-0.070534,-0.125475,,,,,-0.150522,0.002454,-0.142592,0.504984
ednet,4,deep,bma,"dkt,sakt,akt,simplekt",92249,132209,0.604237,0.091342,0.232255,0.630837,0.08795,0.229484,simplekt,valid,0.653691,0.142891,0.238855,simplekt,0.653691,-0.049454,-0.0266,-0.049454,0.003393,-0.051549,,,,,1.0,0.0,0.0,0.0
ednet,4,deep,xgb_stacked,"dkt,sakt,akt,simplekt",92249,132209,0.678589,0.005304,0.203998,0.630837,0.08795,0.229484,simplekt,valid,0.653691,0.142891,0.238855,simplekt,0.653691,0.024899,0.047753,0.024899,-0.082646,-0.137588,,,,,nan,nan,nan,nan
ednet,4,deep,mlp_stacked,"dkt,sakt,akt,simplekt",92249,132209,0.674521,0.009801,0.205085,0.630837,0.08795,0.229484,simplekt,valid,0.653691,0.142891,0.238855,simplekt,0.653691,0.02083,0.043684,0.02083,-0.078149,-0.13309,,,,,nan,nan,nan,nan
